2026-07-02 17:49:39,373 [INFO] Cached token expired
2026-07-02 17:49:39,373 [INFO] Logging in to https://s-auth.dosepack.com/api/login
2026-07-02 17:49:39,813 [INFO] Auth token obtained
2026-07-02 17:49:39,820 [INFO] Token cached
2026-07-02 17:49:39,828 [ERROR] No device_ids configured in test_pack
2026-07-02 17:50:49,055 [INFO] Using cached token
2026-07-02 17:50:49,055 [ERROR] No device_ids configured in test_pack
2026-07-02 17:51:46,100 [INFO] Using cached token
2026-07-02 17:51:46,101 [ERROR] No device_ids configured in test_pack
2026-07-02 17:52:41,414 [INFO] Using cached token
2026-07-02 17:52:41,414 [INFO] Trying pack 164739 with device_id=2, system_id=414, company_id=4
2026-07-02 17:52:41,414 [INFO]   Fetching details for pack 164739
2026-07-02 17:52:42,569 [INFO] Pack 164739 found using device_id=2
2026-07-02 17:52:42,569 [INFO] --- Processing pack 164739 (device=2, system=414) ---
2026-07-02 17:52:42,569 [INFO]   Fetching details for pack 164739
2026-07-02 17:52:43,115 [INFO]   Generated 0 drop payload(s)
2026-07-02 17:59:48,858 [INFO] Using cached token
2026-07-02 17:59:48,858 [INFO] Trying pack 164739 with device_id=2, system_id=414, company_id=4
2026-07-02 17:59:48,866 [INFO]   Fetching details for pack 164739
2026-07-02 17:59:49,254 [WARNING] device_id=2 generated 0 payloads, trying next device
2026-07-02 17:59:49,254 [INFO] Trying pack 164739 with device_id=3, system_id=414, company_id=4
2026-07-02 17:59:49,254 [INFO]   Fetching details for pack 164739
2026-07-02 17:59:51,358 [INFO] Pack 164739 valid using device_id=3 (14 payloads generated)
2026-07-02 17:59:51,358 [INFO] --- Processing pack 164739 (device=3, system=414) ---
2026-07-02 17:59:51,358 [INFO]   Fetching details for pack 164739
2026-07-02 17:59:52,008 [INFO]   Generated 14 drop payload(s)
2026-07-02 17:59:52,008 [INFO]   Initialising vision system (station_type=21, station_id=21000)...
2026-07-02 17:59:52,028 [INFO]   Init HTTP status: 200
2026-07-02 17:59:52,028 [INFO]   Init response: {
  "status": "success",
  "station_type": 21,
  "station_id": 21000
}
2026-07-02 17:59:52,038 [INFO]   Waiting 5 seconds for vision system to become ready...
2026-07-02 17:59:54,041 [INFO] Drop=1 Q=1 Slot=25 Device=112 System=414 DrugCount=3
2026-07-02 17:59:54,041 [INFO] Drop=1 Q=2 Slot=25 Device=1 System=414 DrugCount=1
2026-07-02 17:59:54,042 [INFO] Drop=1 Q=3 Slot=None Device=None System=414 DrugCount=0
2026-07-02 17:59:54,043 [INFO] Drop=1 Q=4 Slot=None Device=None System=414 DrugCount=0
2026-07-02 17:59:54,043 [INFO]   POSTing drop 1 (slots: 25, 25)...
2026-07-02 17:59:54,043 [INFO] ================================================================================
2026-07-02 17:59:54,044 [INFO] PVS REQUEST: drop=1, station_type=21, station_id=21000
2026-07-02 17:59:54,044 [INFO] Quadrant 1: slot=25 device=112 system=414 drug_count=3
2026-07-02 17:59:54,045 [INFO] Quadrant 2: slot=25 device=1 system=414 drug_count=1
2026-07-02 17:59:54,045 [INFO] Quadrant 3: slot=None device=None system=414 drug_count=0
2026-07-02 17:59:54,046 [INFO] Quadrant 4: slot=None device=None system=414 drug_count=0
2026-07-02 17:59:54,068 [INFO] PVS HTTP Status: 200
2026-07-02 17:59:56,073 [INFO] PVS RESPONSE: {
  "status": "success",
  "station_type": 21,
  "station_id": 21000
}
2026-07-02 17:59:56,073 [INFO] ================================================================================
2026-07-02 17:59:56,073 [INFO]     PVS response: {'status': 'success', 'station_type': 21, 'station_id': 21000}
2026-07-02 17:59:56,073 [INFO]   Initialising vision system (station_type=21, station_id=21000)...
2026-07-02 17:59:56,199 [INFO]   Init HTTP status: 200
2026-07-02 17:59:56,199 [INFO]   Init response: {
  "status": "success",
  "station_type": 21,
  "station_id": 21000
}
2026-07-02 17:59:56,199 [INFO]   Waiting 5 seconds for vision system to become ready...
2026-07-02 17:59:58,203 [INFO] Drop=2 Q=1 Slot=26 Device=3 System=414 DrugCount=1
2026-07-02 17:59:58,203 [INFO] Drop=2 Q=2 Slot=None Device=None System=414 DrugCount=0
2026-07-02 17:59:58,204 [INFO] Drop=2 Q=3 Slot=26 Device=3 System=414 DrugCount=2
2026-07-02 17:59:58,205 [INFO] Drop=2 Q=4 Slot=26 Device=3 System=414 DrugCount=1
2026-07-02 17:59:58,205 [INFO]   POSTing drop 2 (slots: 26, 26, 26)...
2026-07-02 17:59:58,205 [INFO] ================================================================================
2026-07-02 17:59:58,206 [INFO] PVS REQUEST: drop=2, station_type=21, station_id=21000
2026-07-02 17:59:58,206 [INFO] Quadrant 1: slot=26 device=3 system=414 drug_count=1
2026-07-02 17:59:58,206 [INFO] Quadrant 2: slot=None device=None system=414 drug_count=0
2026-07-02 17:59:58,206 [INFO] Quadrant 3: slot=26 device=3 system=414 drug_count=2
2026-07-02 17:59:58,206 [INFO] Quadrant 4: slot=26 device=3 system=414 drug_count=1
2026-07-02 17:59:58,224 [INFO] PVS HTTP Status: 200
2026-07-02 18:00:00,229 [INFO] PVS RESPONSE: {
  "status": "success",
  "station_type": 21,
  "station_id": 21000
}
2026-07-02 18:00:00,229 [INFO] ================================================================================
2026-07-02 18:00:00,229 [INFO]     PVS response: {'status': 'success', 'station_type': 21, 'station_id': 21000}
2026-07-02 18:00:00,229 [INFO]   Initialising vision system (station_type=21, station_id=21000)...
2026-07-02 18:00:00,717 [INFO]   Init HTTP status: 200
2026-07-02 18:00:00,718 [INFO]   Init response: {
  "status": "success",
  "station_type": 21,
  "station_id": 21000
}
2026-07-02 18:00:00,718 [INFO]   Waiting 5 seconds for vision system to become ready...
2026-07-02 18:00:02,719 [INFO] Drop=3 Q=1 Slot=21 Device=112 System=414 DrugCount=3
2026-07-02 18:00:02,719 [INFO] Drop=3 Q=2 Slot=21 Device=1 System=414 DrugCount=1
2026-07-02 18:00:02,719 [INFO] Drop=3 Q=3 Slot=None Device=None System=414 DrugCount=0
2026-07-02 18:00:02,719 [INFO] Drop=3 Q=4 Slot=None Device=None System=414 DrugCount=0
2026-07-02 18:00:02,724 [INFO]   POSTing drop 3 (slots: 21, 21)...
2026-07-02 18:00:02,724 [INFO] ================================================================================
2026-07-02 18:00:02,728 [INFO] PVS REQUEST: drop=3, station_type=21, station_id=21000
2026-07-02 18:00:02,728 [INFO] Quadrant 1: slot=21 device=112 system=414 drug_count=3
2026-07-02 18:00:02,728 [INFO] Quadrant 2: slot=21 device=1 system=414 drug_count=1
2026-07-02 18:00:02,733 [INFO] Quadrant 3: slot=None device=None system=414 drug_count=0
2026-07-02 18:00:02,733 [INFO] Quadrant 4: slot=None device=None system=414 drug_count=0
2026-07-02 18:00:02,748 [INFO] PVS HTTP Status: 200
2026-07-02 18:00:04,755 [INFO] PVS RESPONSE: {
  "status": "success",
  "station_type": 21,
  "station_id": 21000
}
2026-07-02 18:00:04,756 [INFO] ================================================================================
2026-07-02 18:00:04,757 [INFO]     PVS response: {'status': 'success', 'station_type': 21, 'station_id': 21000}
2026-07-02 18:00:04,757 [INFO]   Initialising vision system (station_type=21, station_id=21000)...
2026-07-02 18:00:04,898 [INFO]   Init HTTP status: 200
2026-07-02 18:00:04,898 [INFO]   Init response: {
  "status": "success",
  "station_type": 21,
  "station_id": 21000
}
2026-07-02 18:00:04,898 [INFO]   Waiting 5 seconds for vision system to become ready...
2026-07-02 18:00:06,907 [INFO] Drop=4 Q=1 Slot=22 Device=3 System=414 DrugCount=1
2026-07-02 18:00:06,908 [INFO] Drop=4 Q=2 Slot=None Device=None System=414 DrugCount=0
2026-07-02 18:00:06,908 [INFO] Drop=4 Q=3 Slot=22 Device=3 System=414 DrugCount=2
2026-07-02 18:00:06,908 [INFO] Drop=4 Q=4 Slot=22 Device=3 System=414 DrugCount=1
2026-07-02 18:00:06,908 [INFO]   POSTing drop 4 (slots: 22, 22, 22)...
2026-07-02 18:00:06,912 [INFO] ================================================================================
2026-07-02 18:00:06,912 [INFO] PVS REQUEST: drop=4, station_type=21, station_id=21000
2026-07-02 18:00:06,912 [INFO] Quadrant 1: slot=22 device=3 system=414 drug_count=1
2026-07-02 18:00:06,912 [INFO] Quadrant 2: slot=None device=None system=414 drug_count=0
2026-07-02 18:00:06,918 [INFO] Quadrant 3: slot=22 device=3 system=414 drug_count=2
2026-07-02 18:00:06,918 [INFO] Quadrant 4: slot=22 device=3 system=414 drug_count=1
2026-07-02 18:00:06,944 [INFO] PVS HTTP Status: 200
2026-07-02 18:00:08,946 [INFO] PVS RESPONSE: {
  "status": "success",
  "station_type": 21,
  "station_id": 21000
}
2026-07-02 18:00:08,946 [INFO] ================================================================================
2026-07-02 18:00:08,946 [INFO]     PVS response: {'status': 'success', 'station_type': 21, 'station_id': 21000}
2026-07-02 18:00:08,946 [INFO]   Initialising vision system (station_type=21, station_id=21000)...
2026-07-02 18:00:09,158 [INFO]   Init HTTP status: 200
2026-07-02 18:00:09,158 [INFO]   Init response: {
  "status": "success",
  "station_type": 21,
  "station_id": 21000
}
2026-07-02 18:00:09,158 [INFO]   Waiting 5 seconds for vision system to become ready...
2026-07-02 18:00:11,160 [INFO] Drop=5 Q=1 Slot=17 Device=112 System=414 DrugCount=3
2026-07-02 18:00:11,160 [INFO] Drop=5 Q=2 Slot=17 Device=1 System=414 DrugCount=1
2026-07-02 18:00:11,160 [INFO] Drop=5 Q=3 Slot=None Device=None System=414 DrugCount=0
2026-07-02 18:00:11,160 [INFO] Drop=5 Q=4 Slot=None Device=None System=414 DrugCount=0
2026-07-02 18:00:11,162 [INFO]   POSTing drop 5 (slots: 17, 17)...
2026-07-02 18:00:11,163 [INFO] ================================================================================
2026-07-02 18:00:11,163 [INFO] PVS REQUEST: drop=5, station_type=21, station_id=21000
2026-07-02 18:00:11,163 [INFO] Quadrant 1: slot=17 device=112 system=414 drug_count=3
2026-07-02 18:00:11,164 [INFO] Quadrant 2: slot=17 device=1 system=414 drug_count=1
2026-07-02 18:00:11,164 [INFO] Quadrant 3: slot=None device=None system=414 drug_count=0
2026-07-02 18:00:11,165 [INFO] Quadrant 4: slot=None device=None system=414 drug_count=0
2026-07-02 18:00:11,199 [INFO] PVS HTTP Status: 200
2026-07-02 18:00:13,208 [INFO] PVS RESPONSE: {
  "status": "success",
  "station_type": 21,
  "station_id": 21000
}
2026-07-02 18:00:13,209 [INFO] ================================================================================
2026-07-02 18:00:13,210 [INFO]     PVS response: {'status': 'success', 'station_type': 21, 'station_id': 21000}
2026-07-02 18:00:13,210 [INFO]   Initialising vision system (station_type=21, station_id=21000)...
2026-07-02 18:00:13,351 [INFO]   Init HTTP status: 200
2026-07-02 18:00:13,351 [INFO]   Init response: {
  "status": "success",
  "station_type": 21,
  "station_id": 21000
}
2026-07-02 18:00:13,351 [INFO]   Waiting 5 seconds for vision system to become ready...
2026-07-02 18:00:15,355 [INFO] Drop=6 Q=1 Slot=18 Device=3 System=414 DrugCount=1
2026-07-02 18:00:15,355 [INFO] Drop=6 Q=2 Slot=None Device=None System=414 DrugCount=0
2026-07-02 18:00:15,355 [INFO] Drop=6 Q=3 Slot=18 Device=3 System=414 DrugCount=2
2026-07-02 18:00:15,355 [INFO] Drop=6 Q=4 Slot=18 Device=3 System=414 DrugCount=1
2026-07-02 18:00:15,358 [INFO]   POSTing drop 6 (slots: 18, 18, 18)...
2026-07-02 18:00:15,358 [INFO] ================================================================================
2026-07-02 18:00:15,358 [INFO] PVS REQUEST: drop=6, station_type=21, station_id=21000
2026-07-02 18:00:15,358 [INFO] Quadrant 1: slot=18 device=3 system=414 drug_count=1
2026-07-02 18:00:15,358 [INFO] Quadrant 2: slot=None device=None system=414 drug_count=0
2026-07-02 18:00:15,358 [INFO] Quadrant 3: slot=18 device=3 system=414 drug_count=2
2026-07-02 18:00:15,358 [INFO] Quadrant 4: slot=18 device=3 system=414 drug_count=1
2026-07-02 18:00:15,378 [INFO] PVS HTTP Status: 200
2026-07-02 18:00:17,384 [INFO] PVS RESPONSE: {
  "status": "success",
  "station_type": 21,
  "station_id": 21000
}
2026-07-02 18:00:17,384 [INFO] ================================================================================
2026-07-02 18:00:17,384 [INFO]     PVS response: {'status': 'success', 'station_type': 21, 'station_id': 21000}
2026-07-02 18:00:17,384 [INFO]   Initialising vision system (station_type=21, station_id=21000)...
2026-07-02 18:00:18,685 [INFO]   Init HTTP status: 200
2026-07-02 18:00:18,685 [INFO]   Init response: {
  "status": "success",
  "station_type": 21,
  "station_id": 21000
}
2026-07-02 18:00:18,685 [INFO]   Waiting 5 seconds for vision system to become ready...
2026-07-02 18:00:20,687 [INFO] Drop=7 Q=1 Slot=13 Device=112 System=414 DrugCount=3
2026-07-02 18:00:20,687 [INFO] Drop=7 Q=2 Slot=13 Device=1 System=414 DrugCount=1
2026-07-02 18:00:20,687 [INFO] Drop=7 Q=3 Slot=None Device=None System=414 DrugCount=0
2026-07-02 18:00:20,687 [INFO] Drop=7 Q=4 Slot=None Device=None System=414 DrugCount=0
2026-07-02 18:00:20,688 [INFO]   POSTing drop 7 (slots: 13, 13)...
2026-07-02 18:00:20,688 [INFO] ================================================================================
2026-07-02 18:00:20,688 [INFO] PVS REQUEST: drop=7, station_type=21, station_id=21000
2026-07-02 18:00:20,688 [INFO] Quadrant 1: slot=13 device=112 system=414 drug_count=3
2026-07-02 18:00:20,688 [INFO] Quadrant 2: slot=13 device=1 system=414 drug_count=1
2026-07-02 18:00:20,688 [INFO] Quadrant 3: slot=None device=None system=414 drug_count=0
2026-07-02 18:00:20,688 [INFO] Quadrant 4: slot=None device=None system=414 drug_count=0
2026-07-02 18:00:20,719 [INFO] PVS HTTP Status: 200
2026-07-02 18:00:22,720 [INFO] PVS RESPONSE: {
  "status": "success",
  "station_type": 21,
  "station_id": 21000
}
2026-07-02 18:00:22,720 [INFO] ================================================================================
2026-07-02 18:00:22,722 [INFO]     PVS response: {'status': 'success', 'station_type': 21, 'station_id': 21000}
2026-07-02 18:00:22,722 [INFO]   Initialising vision system (station_type=21, station_id=21000)...
2026-07-02 18:00:22,818 [INFO]   Init HTTP status: 200
2026-07-02 18:00:22,818 [INFO]   Init response: {
  "status": "success",
  "station_type": 21,
  "station_id": 21000
}
2026-07-02 18:00:22,818 [INFO]   Waiting 5 seconds for vision system to become ready...
2026-07-02 18:02:55,889 [INFO] Using cached token
2026-07-02 18:02:55,889 [INFO] Trying pack 164739 with device_id=2, system_id=414, company_id=4
2026-07-02 18:02:55,889 [INFO]   Fetching details for pack 164739
2026-07-02 18:02:56,726 [WARNING] device_id=2 generated 0 payloads, trying next device
2026-07-02 18:02:56,726 [INFO] Trying pack 164739 with device_id=3, system_id=414, company_id=4
2026-07-02 18:02:56,726 [INFO]   Fetching details for pack 164739
2026-07-02 18:02:57,550 [INFO] Pack 164739 valid using device_id=3 (14 payloads generated)
2026-07-02 18:02:57,554 [INFO] --- Processing pack 164739 (device=3, system=414) ---
2026-07-02 18:02:57,554 [INFO]   Fetching details for pack 164739
2026-07-02 18:02:58,093 [INFO]   Generated 14 drop payload(s)
2026-07-02 18:02:58,093 [INFO]   Initialising vision system (station_type=21, station_id=21000)...
2026-07-02 18:02:58,128 [INFO]   Init HTTP status: 200
2026-07-02 18:02:58,129 [INFO]   Init response: {
  "status": "success",
  "station_type": 21,
  "station_id": 21000
}
2026-07-02 18:02:58,129 [INFO]   Waiting 5 seconds for vision system to become ready...
2026-07-02 18:03:00,134 [INFO] Drop=1 Q=1 Slot=25 Device=112 System=414 DrugCount=3
2026-07-02 18:03:00,194 [INFO] Drop=1 Q=2 Slot=25 Device=1 System=414 DrugCount=1
2026-07-02 18:03:00,224 [INFO] Drop=1 Q=3 Slot=None Device=None System=414 DrugCount=0
2026-07-02 18:03:00,274 [INFO] Drop=1 Q=4 Slot=None Device=None System=414 DrugCount=0
2026-07-02 18:03:00,300 [INFO]   POSTing drop 1 (slots: 25, 25)...
2026-07-02 18:03:00,329 [INFO] ================================================================================
2026-07-02 18:03:00,348 [INFO] PVS REQUEST: drop=1, station_type=21, station_id=21000
2026-07-02 18:03:00,387 [INFO] Quadrant 1: slot=25 device=112 system=414 drug_count=3
2026-07-02 18:03:00,418 [INFO] Quadrant 2: slot=25 device=1 system=414 drug_count=1
2026-07-02 18:03:00,435 [INFO] Quadrant 3: slot=None device=None system=414 drug_count=0
2026-07-02 18:03:00,441 [INFO] Quadrant 4: slot=None device=None system=414 drug_count=0
2026-07-02 18:03:00,491 [INFO] PVS HTTP Status: 200
2026-07-02 18:03:02,496 [INFO] PVS RESPONSE: {
  "status": "success",
  "station_type": 21,
  "station_id": 21000
}
2026-07-02 18:03:02,497 [INFO] ================================================================================
2026-07-02 18:03:02,498 [INFO]     PVS response: {'status': 'success', 'station_type': 21, 'station_id': 21000}
2026-07-02 18:03:02,498 [INFO]   Initialising vision system (station_type=21, station_id=21000)...
2026-07-02 18:03:02,616 [INFO]   Init HTTP status: 200
2026-07-02 18:03:02,617 [INFO]   Init response: {
  "status": "success",
  "station_type": 21,
  "station_id": 21000
}
2026-07-02 18:03:02,617 [INFO]   Waiting 5 seconds for vision system to become ready...
2026-07-02 18:03:04,618 [INFO] Drop=2 Q=1 Slot=26 Device=3 System=414 DrugCount=1
2026-07-02 18:03:04,618 [INFO] Drop=2 Q=2 Slot=None Device=None System=414 DrugCount=0
2026-07-02 18:03:04,618 [INFO] Drop=2 Q=3 Slot=26 Device=3 System=414 DrugCount=2
2026-07-02 18:03:04,618 [INFO] Drop=2 Q=4 Slot=26 Device=3 System=414 DrugCount=1
2026-07-02 18:03:04,619 [INFO]   POSTing drop 2 (slots: 26, 26, 26)...
2026-07-02 18:03:04,619 [INFO] ================================================================================
2026-07-02 18:03:04,619 [INFO] PVS REQUEST: drop=2, station_type=21, station_id=21000
2026-07-02 18:03:04,619 [INFO] Quadrant 1: slot=26 device=3 system=414 drug_count=1
2026-07-02 18:03:04,620 [INFO] Quadrant 2: slot=None device=None system=414 drug_count=0
2026-07-02 18:03:04,620 [INFO] Quadrant 3: slot=26 device=3 system=414 drug_count=2
2026-07-02 18:03:04,620 [INFO] Quadrant 4: slot=26 device=3 system=414 drug_count=1
2026-07-02 18:03:04,639 [INFO] PVS HTTP Status: 200
2026-07-02 18:03:06,642 [INFO] PVS RESPONSE: {
  "status": "success",
  "station_type": 21,
  "station_id": 21000
}
2026-07-02 18:03:06,642 [INFO] ================================================================================
2026-07-02 18:03:06,642 [INFO]     PVS response: {'status': 'success', 'station_type': 21, 'station_id': 21000}
2026-07-02 18:03:06,642 [INFO]   Initialising vision system (station_type=21, station_id=21000)...
2026-07-02 18:03:06,860 [INFO]   Init HTTP status: 200
2026-07-02 18:03:06,860 [INFO]   Init response: {
  "status": "success",
  "station_type": 21,
  "station_id": 21000
}
2026-07-02 18:03:06,860 [INFO]   Waiting 5 seconds for vision system to become ready...
2026-07-02 18:03:08,862 [INFO] Drop=3 Q=1 Slot=21 Device=112 System=414 DrugCount=3
2026-07-02 18:03:08,862 [INFO] Drop=3 Q=2 Slot=21 Device=1 System=414 DrugCount=1
2026-07-02 18:03:08,862 [INFO] Drop=3 Q=3 Slot=None Device=None System=414 DrugCount=0
2026-07-02 18:03:08,862 [INFO] Drop=3 Q=4 Slot=None Device=None System=414 DrugCount=0
2026-07-02 18:03:08,862 [INFO]   POSTing drop 3 (slots: 21, 21)...
2026-07-02 18:03:08,862 [INFO] ================================================================================
2026-07-02 18:03:08,862 [INFO] PVS REQUEST: drop=3, station_type=21, station_id=21000
2026-07-02 18:03:08,862 [INFO] Quadrant 1: slot=21 device=112 system=414 drug_count=3
2026-07-02 18:03:08,862 [INFO] Quadrant 2: slot=21 device=1 system=414 drug_count=1
2026-07-02 18:03:08,862 [INFO] Quadrant 3: slot=None device=None system=414 drug_count=0
2026-07-02 18:03:08,862 [INFO] Quadrant 4: slot=None device=None system=414 drug_count=0
2026-07-02 18:03:08,881 [INFO] PVS HTTP Status: 200
2026-07-02 18:03:10,886 [INFO] PVS RESPONSE: {
  "status": "success",
  "station_type": 21,
  "station_id": 21000
}
2026-07-02 18:03:10,887 [INFO] ================================================================================
2026-07-02 18:03:10,887 [INFO]     PVS response: {'status': 'success', 'station_type': 21, 'station_id': 21000}
2026-07-02 18:03:10,888 [INFO]   Initialising vision system (station_type=21, station_id=21000)...
2026-07-02 18:03:10,995 [INFO]   Init HTTP status: 200
2026-07-02 18:03:10,996 [INFO]   Init response: {
  "status": "success",
  "station_type": 21,
  "station_id": 21000
}
2026-07-02 18:03:10,997 [INFO]   Waiting 5 seconds for vision system to become ready...
2026-07-02 18:03:12,998 [INFO] Drop=4 Q=1 Slot=22 Device=3 System=414 DrugCount=1
2026-07-02 18:03:12,999 [INFO] Drop=4 Q=2 Slot=None Device=None System=414 DrugCount=0
2026-07-02 18:03:12,999 [INFO] Drop=4 Q=3 Slot=22 Device=3 System=414 DrugCount=2
2026-07-02 18:03:12,999 [INFO] Drop=4 Q=4 Slot=22 Device=3 System=414 DrugCount=1
2026-07-02 18:03:12,999 [INFO]   POSTing drop 4 (slots: 22, 22, 22)...
2026-07-02 18:03:12,999 [INFO] ================================================================================
2026-07-02 18:03:12,999 [INFO] PVS REQUEST: drop=4, station_type=21, station_id=21000
2026-07-02 18:03:12,999 [INFO] Quadrant 1: slot=22 device=3 system=414 drug_count=1
2026-07-02 18:03:12,999 [INFO] Quadrant 2: slot=None device=None system=414 drug_count=0
2026-07-02 18:03:13,004 [INFO] Quadrant 3: slot=22 device=3 system=414 drug_count=2
2026-07-02 18:03:13,004 [INFO] Quadrant 4: slot=22 device=3 system=414 drug_count=1
2026-07-02 18:03:13,030 [INFO] PVS HTTP Status: 200
2026-07-02 18:03:15,032 [INFO] PVS RESPONSE: {
  "status": "success",
  "station_type": 21,
  "station_id": 21000
}
2026-07-02 18:03:15,032 [INFO] ================================================================================
2026-07-02 18:03:15,033 [INFO]     PVS response: {'status': 'success', 'station_type': 21, 'station_id': 21000}
2026-07-02 18:03:15,033 [INFO]   Initialising vision system (station_type=21, station_id=21000)...
2026-07-02 18:03:16,070 [INFO]   Init HTTP status: 200
2026-07-02 18:03:16,070 [INFO]   Init response: {
  "status": "success",
  "station_type": 21,
  "station_id": 21000
}
2026-07-02 18:03:16,070 [INFO]   Waiting 5 seconds for vision system to become ready...
2026-07-02 18:03:18,074 [INFO] Drop=5 Q=1 Slot=17 Device=112 System=414 DrugCount=3
2026-07-02 18:03:18,074 [INFO] Drop=5 Q=2 Slot=17 Device=1 System=414 DrugCount=1
2026-07-02 18:03:18,074 [INFO] Drop=5 Q=3 Slot=None Device=None System=414 DrugCount=0
2026-07-02 18:03:18,074 [INFO] Drop=5 Q=4 Slot=None Device=None System=414 DrugCount=0
2026-07-02 18:03:18,074 [INFO]   POSTing drop 5 (slots: 17, 17)...
2026-07-02 18:03:18,074 [INFO] ================================================================================
2026-07-02 18:03:18,074 [INFO] PVS REQUEST: drop=5, station_type=21, station_id=21000
2026-07-02 18:03:18,074 [INFO] Quadrant 1: slot=17 device=112 system=414 drug_count=3
2026-07-02 18:03:18,074 [INFO] Quadrant 2: slot=17 device=1 system=414 drug_count=1
2026-07-02 18:03:18,074 [INFO] Quadrant 3: slot=None device=None system=414 drug_count=0
2026-07-02 18:03:18,074 [INFO] Quadrant 4: slot=None device=None system=414 drug_count=0
2026-07-02 18:03:18,120 [INFO] PVS HTTP Status: 200
2026-07-02 18:03:20,122 [INFO] PVS RESPONSE: {
  "status": "success",
  "station_type": 21,
  "station_id": 21000
}
2026-07-02 18:03:20,122 [INFO] ================================================================================
2026-07-02 18:03:20,122 [INFO]     PVS response: {'status': 'success', 'station_type': 21, 'station_id': 21000}
2026-07-02 18:03:20,122 [INFO]   Initialising vision system (station_type=21, station_id=21000)...
2026-07-02 18:03:21,450 [INFO]   Init HTTP status: 200
2026-07-02 18:03:21,460 [INFO]   Init response: {
  "status": "success",
  "station_type": 21,
  "station_id": 21000
}
2026-07-02 18:03:21,461 [INFO]   Waiting 5 seconds for vision system to become ready...
2026-07-02 18:03:23,464 [INFO] Drop=6 Q=1 Slot=18 Device=3 System=414 DrugCount=1
2026-07-02 18:03:23,464 [INFO] Drop=6 Q=2 Slot=None Device=None System=414 DrugCount=0
2026-07-02 18:03:23,464 [INFO] Drop=6 Q=3 Slot=18 Device=3 System=414 DrugCount=2
2026-07-02 18:03:23,464 [INFO] Drop=6 Q=4 Slot=18 Device=3 System=414 DrugCount=1
2026-07-02 18:03:23,464 [INFO]   POSTing drop 6 (slots: 18, 18, 18)...
2026-07-02 18:03:23,470 [INFO] ================================================================================
2026-07-02 18:03:23,470 [INFO] PVS REQUEST: drop=6, station_type=21, station_id=21000
2026-07-02 18:03:23,470 [INFO] Quadrant 1: slot=18 device=3 system=414 drug_count=1
2026-07-02 18:03:23,470 [INFO] Quadrant 2: slot=None device=None system=414 drug_count=0
2026-07-02 18:03:23,470 [INFO] Quadrant 3: slot=18 device=3 system=414 drug_count=2
2026-07-02 18:03:23,470 [INFO] Quadrant 4: slot=18 device=3 system=414 drug_count=1
2026-07-02 18:03:23,521 [INFO] PVS HTTP Status: 200
2026-07-02 18:03:25,531 [INFO] PVS RESPONSE: {
  "status": "success",
  "station_type": 21,
  "station_id": 21000
}
2026-07-02 18:03:25,531 [INFO] ================================================================================
2026-07-02 18:03:25,531 [INFO]     PVS response: {'status': 'success', 'station_type': 21, 'station_id': 21000}
2026-07-02 18:03:25,531 [INFO]   Initialising vision system (station_type=21, station_id=21000)...
2026-07-02 18:03:25,664 [INFO]   Init HTTP status: 200
2026-07-02 18:03:25,664 [INFO]   Init response: {
  "status": "success",
  "station_type": 21,
  "station_id": 21000
}
2026-07-02 18:03:25,665 [INFO]   Waiting 5 seconds for vision system to become ready...
2026-07-02 18:03:27,666 [INFO] Drop=7 Q=1 Slot=13 Device=112 System=414 DrugCount=3
2026-07-02 18:03:27,666 [INFO] Drop=7 Q=2 Slot=13 Device=1 System=414 DrugCount=1
2026-07-02 18:03:27,666 [INFO] Drop=7 Q=3 Slot=None Device=None System=414 DrugCount=0
2026-07-02 18:03:27,666 [INFO] Drop=7 Q=4 Slot=None Device=None System=414 DrugCount=0
2026-07-02 18:03:27,666 [INFO]   POSTing drop 7 (slots: 13, 13)...
2026-07-02 18:03:27,666 [INFO] ================================================================================
2026-07-02 18:03:27,666 [INFO] PVS REQUEST: drop=7, station_type=21, station_id=21000
2026-07-02 18:03:27,666 [INFO] Quadrant 1: slot=13 device=112 system=414 drug_count=3
2026-07-02 18:03:27,666 [INFO] Quadrant 2: slot=13 device=1 system=414 drug_count=1
2026-07-02 18:03:27,666 [INFO] Quadrant 3: slot=None device=None system=414 drug_count=0
2026-07-02 18:03:27,666 [INFO] Quadrant 4: slot=None device=None system=414 drug_count=0
2026-07-02 18:03:27,698 [INFO] PVS HTTP Status: 200
2026-07-02 18:03:29,699 [INFO] PVS RESPONSE: {
  "status": "success",
  "station_type": 21,
  "station_id": 21000
}
2026-07-02 18:03:29,699 [INFO] ================================================================================
2026-07-02 18:03:29,700 [INFO]     PVS response: {'status': 'success', 'station_type': 21, 'station_id': 21000}
2026-07-02 18:03:29,700 [INFO]   Initialising vision system (station_type=21, station_id=21000)...
2026-07-02 18:03:29,804 [INFO]   Init HTTP status: 200
2026-07-02 18:03:29,805 [INFO]   Init response: {
  "status": "success",
  "station_type": 21,
  "station_id": 21000
}
2026-07-02 18:03:29,805 [INFO]   Waiting 5 seconds for vision system to become ready...
2026-07-02 18:03:31,806 [INFO] Drop=8 Q=1 Slot=14 Device=3 System=414 DrugCount=1
2026-07-02 18:03:31,806 [INFO] Drop=8 Q=2 Slot=None Device=None System=414 DrugCount=0
2026-07-02 18:03:31,806 [INFO] Drop=8 Q=3 Slot=14 Device=3 System=414 DrugCount=2
2026-07-02 18:03:31,810 [INFO] Drop=8 Q=4 Slot=14 Device=3 System=414 DrugCount=1
2026-07-02 18:03:31,810 [INFO]   POSTing drop 8 (slots: 14, 14, 14)...
2026-07-02 18:03:31,810 [INFO] ================================================================================
2026-07-02 18:03:31,812 [INFO] PVS REQUEST: drop=8, station_type=21, station_id=21000
2026-07-02 18:03:31,812 [INFO] Quadrant 1: slot=14 device=3 system=414 drug_count=1
2026-07-02 18:03:31,812 [INFO] Quadrant 2: slot=None device=None system=414 drug_count=0
2026-07-02 18:03:31,812 [INFO] Quadrant 3: slot=14 device=3 system=414 drug_count=2
2026-07-02 18:03:31,812 [INFO] Quadrant 4: slot=14 device=3 system=414 drug_count=1
2026-07-02 18:03:52,871 [ERROR]     FAILED PVS POST: HTTPConnectionPool(host='172.29.0.68', port=13000): Max retries exceeded with url: /api/perform_vision_system_analysis (Caused by ConnectTimeoutError(<HTTPConnection(host='172.29.0.68', port=13000) at 0x1aa7abe5a50>, 'Connection to 172.29.0.68 timed out. (connect timeout=60)'))
2026-07-02 18:03:52,871 [INFO]   Initialising vision system (station_type=21, station_id=21000)...
2026-07-02 18:04:13,914 [ERROR]   FAILED vision system init for drop 9: HTTPConnectionPool(host='172.29.0.68', port=13000): Max retries exceeded with url: /api/initiate_vision_system?station_type=21&station_id=21000&msg_id=2&cmd=init_camera (Caused by ConnectTimeoutError(<HTTPConnection(host='172.29.0.68', port=13000) at 0x1aa7ac31d50>, 'Connection to 172.29.0.68 timed out. (connect timeout=30)'))
2026-07-02 18:04:13,914 [INFO]   Initialising vision system (station_type=21, station_id=21000)...
2026-07-02 18:04:16,500 [ERROR]   FAILED vision system init for drop 10: HTTPConnectionPool(host='172.29.0.68', port=13000): Max retries exceeded with url: /api/initiate_vision_system?station_type=21&station_id=21000&msg_id=2&cmd=init_camera (Caused by NewConnectionError("HTTPConnection(host='172.29.0.68', port=13000): Failed to establish a new connection: [WinError 10061] No connection could be made because the target machine actively refused it"))
2026-07-02 18:04:16,510 [INFO]   Initialising vision system (station_type=21, station_id=21000)...
2026-07-02 18:04:18,640 [ERROR]   FAILED vision system init for drop 11: HTTPConnectionPool(host='172.29.0.68', port=13000): Max retries exceeded with url: /api/initiate_vision_system?station_type=21&station_id=21000&msg_id=2&cmd=init_camera (Caused by NewConnectionError("HTTPConnection(host='172.29.0.68', port=13000): Failed to establish a new connection: [WinError 10061] No connection could be made because the target machine actively refused it"))
2026-07-02 18:04:18,640 [INFO]   Initialising vision system (station_type=21, station_id=21000)...
2026-07-02 18:04:20,702 [ERROR]   FAILED vision system init for drop 12: HTTPConnectionPool(host='172.29.0.68', port=13000): Max retries exceeded with url: /api/initiate_vision_system?station_type=21&station_id=21000&msg_id=2&cmd=init_camera (Caused by NewConnectionError("HTTPConnection(host='172.29.0.68', port=13000): Failed to establish a new connection: [WinError 10061] No connection could be made because the target machine actively refused it"))
2026-07-02 18:04:20,702 [INFO]   Initialising vision system (station_type=21, station_id=21000)...
2026-07-02 18:04:22,810 [ERROR]   FAILED vision system init for drop 13: HTTPConnectionPool(host='172.29.0.68', port=13000): Max retries exceeded with url: /api/initiate_vision_system?station_type=21&station_id=21000&msg_id=2&cmd=init_camera (Caused by NewConnectionError("HTTPConnection(host='172.29.0.68', port=13000): Failed to establish a new connection: [WinError 10061] No connection could be made because the target machine actively refused it"))
2026-07-02 18:04:22,810 [INFO]   Initialising vision system (station_type=21, station_id=21000)...
2026-07-02 18:04:24,874 [ERROR]   FAILED vision system init for drop 14: HTTPConnectionPool(host='172.29.0.68', port=13000): Max retries exceeded with url: /api/initiate_vision_system?station_type=21&station_id=21000&msg_id=2&cmd=init_camera (Caused by NewConnectionError("HTTPConnection(host='172.29.0.68', port=13000): Failed to establish a new connection: [WinError 10061] No connection could be made because the target machine actively refused it"))
2026-07-02 18:04:25,500 [INFO] Using cached token
2026-07-02 18:04:25,500 [INFO] Trying pack 164749 with device_id=2, system_id=414, company_id=4
2026-07-02 18:04:25,502 [INFO]   Fetching details for pack 164749
2026-07-02 18:04:27,020 [WARNING] device_id=2 generated 0 payloads, trying next device
2026-07-02 18:04:27,020 [INFO] Trying pack 164749 with device_id=3, system_id=414, company_id=4
2026-07-02 18:04:27,020 [INFO]   Fetching details for pack 164749
2026-07-02 18:04:28,710 [INFO] Pack 164749 valid using device_id=3 (18 payloads generated)
2026-07-02 18:04:28,710 [INFO] --- Processing pack 164749 (device=3, system=414) ---
2026-07-02 18:04:28,710 [INFO]   Fetching details for pack 164749
2026-07-02 18:04:29,470 [INFO]   Generated 18 drop payload(s)
2026-07-02 18:04:29,470 [INFO]   Initialising vision system (station_type=21, station_id=21000)...
2026-07-02 18:04:31,551 [ERROR]   FAILED vision system init for drop 1: HTTPConnectionPool(host='172.29.0.68', port=13000): Max retries exceeded with url: /api/initiate_vision_system?station_type=21&station_id=21000&msg_id=2&cmd=init_camera (Caused by NewConnectionError("HTTPConnection(host='172.29.0.68', port=13000): Failed to establish a new connection: [WinError 10061] No connection could be made because the target machine actively refused it"))
2026-07-02 18:04:31,551 [INFO]   Initialising vision system (station_type=21, station_id=21000)...
2026-07-02 18:04:33,612 [ERROR]   FAILED vision system init for drop 2: HTTPConnectionPool(host='172.29.0.68', port=13000): Max retries exceeded with url: /api/initiate_vision_system?station_type=21&station_id=21000&msg_id=2&cmd=init_camera (Caused by NewConnectionError("HTTPConnection(host='172.29.0.68', port=13000): Failed to establish a new connection: [WinError 10061] No connection could be made because the target machine actively refused it"))
2026-07-02 18:04:33,612 [INFO]   Initialising vision system (station_type=21, station_id=21000)...
2026-07-02 18:04:35,710 [INFO]   Init HTTP status: 200
2026-07-02 18:04:35,710 [INFO]   Init response: {
  "status": "success",
  "station_type": 21,
  "station_id": 21000
}
2026-07-02 18:04:35,710 [INFO]   Waiting 5 seconds for vision system to become ready...
2026-07-02 18:04:37,714 [INFO] Drop=3 Q=1 Slot=6 Device=3 System=414 DrugCount=2
2026-07-02 18:04:37,714 [INFO] Drop=3 Q=2 Slot=10 Device=115 System=414 DrugCount=2
2026-07-02 18:04:37,714 [INFO] Drop=3 Q=3 Slot=None Device=None System=414 DrugCount=0
2026-07-02 18:04:37,716 [INFO] Drop=3 Q=4 Slot=None Device=None System=414 DrugCount=0
2026-07-02 18:04:37,716 [INFO]   POSTing drop 3 (slots: 6, 10)...
2026-07-02 18:04:37,716 [INFO] ================================================================================
2026-07-02 18:04:37,716 [INFO] PVS REQUEST: drop=3, station_type=21, station_id=21000
2026-07-02 18:04:37,716 [INFO] Quadrant 1: slot=6 device=3 system=414 drug_count=2
2026-07-02 18:04:37,716 [INFO] Quadrant 2: slot=10 device=115 system=414 drug_count=2
2026-07-02 18:04:37,716 [INFO] Quadrant 3: slot=None device=None system=414 drug_count=0
2026-07-02 18:04:37,716 [INFO] Quadrant 4: slot=None device=None system=414 drug_count=0
2026-07-02 18:04:37,750 [INFO] PVS HTTP Status: 200
2026-07-02 18:04:39,759 [INFO] PVS RESPONSE: {
  "status": "success",
  "station_type": 21,
  "station_id": 21000
}
2026-07-02 18:04:39,759 [INFO] ================================================================================
2026-07-02 18:04:39,759 [INFO]     PVS response: {'status': 'success', 'station_type': 21, 'station_id': 21000}
2026-07-02 18:04:39,760 [INFO]   Initialising vision system (station_type=21, station_id=21000)...
2026-07-02 18:04:40,044 [INFO]   Init HTTP status: 200
2026-07-02 18:04:40,044 [INFO]   Init response: {
  "status": "success",
  "station_type": 21,
  "station_id": 21000
}
2026-07-02 18:04:40,044 [INFO]   Waiting 5 seconds for vision system to become ready...
2026-07-02 18:04:42,047 [INFO] Drop=4 Q=1 Slot=None Device=None System=414 DrugCount=0
2026-07-02 18:04:42,047 [INFO] Drop=4 Q=2 Slot=2 Device=115 System=414 DrugCount=2
2026-07-02 18:04:42,047 [INFO] Drop=4 Q=3 Slot=None Device=None System=414 DrugCount=0
2026-07-02 18:04:42,047 [INFO] Drop=4 Q=4 Slot=None Device=None System=414 DrugCount=0
2026-07-02 18:04:42,047 [INFO]   POSTing drop 4 (slots: 2)...
2026-07-02 18:04:42,047 [INFO] ================================================================================
2026-07-02 18:04:42,047 [INFO] PVS REQUEST: drop=4, station_type=21, station_id=21000
2026-07-02 18:04:42,047 [INFO] Quadrant 1: slot=None device=None system=414 drug_count=0
2026-07-02 18:04:42,047 [INFO] Quadrant 2: slot=2 device=115 system=414 drug_count=2
2026-07-02 18:04:42,047 [INFO] Quadrant 3: slot=None device=None system=414 drug_count=0
2026-07-02 18:04:42,047 [INFO] Quadrant 4: slot=None device=None system=414 drug_count=0
2026-07-02 18:04:42,060 [INFO] PVS HTTP Status: 200
2026-07-02 18:04:44,067 [INFO] PVS RESPONSE: {
  "status": "success",
  "station_type": 21,
  "station_id": 21000
}
2026-07-02 18:04:44,067 [INFO] ================================================================================
2026-07-02 18:04:44,067 [INFO]     PVS response: {'status': 'success', 'station_type': 21, 'station_id': 21000}
2026-07-02 18:04:44,067 [INFO]   Initialising vision system (station_type=21, station_id=21000)...
2026-07-02 18:04:44,230 [INFO]   Init HTTP status: 200
2026-07-02 18:04:44,230 [INFO]   Init response: {
  "status": "success",
  "station_type": 21,
  "station_id": 21000
}
2026-07-02 18:04:44,230 [INFO]   Waiting 5 seconds for vision system to become ready...
2026-07-02 18:04:46,237 [INFO] Drop=5 Q=1 Slot=25 Device=3 System=414 DrugCount=7
2026-07-02 18:04:46,238 [INFO] Drop=5 Q=2 Slot=25 Device=1 System=414 DrugCount=1
2026-07-02 18:04:46,238 [INFO] Drop=5 Q=3 Slot=None Device=None System=414 DrugCount=0
2026-07-02 18:04:46,240 [INFO] Drop=5 Q=4 Slot=None Device=None System=414 DrugCount=0
2026-07-02 18:04:46,240 [INFO]   POSTing drop 5 (slots: 25, 25)...
2026-07-02 18:04:46,240 [INFO] ================================================================================
2026-07-02 18:04:46,240 [INFO] PVS REQUEST: drop=5, station_type=21, station_id=21000
2026-07-02 18:04:46,240 [INFO] Quadrant 1: slot=25 device=3 system=414 drug_count=7
2026-07-02 18:04:46,240 [INFO] Quadrant 2: slot=25 device=1 system=414 drug_count=1
2026-07-02 18:04:46,240 [INFO] Quadrant 3: slot=None device=None system=414 drug_count=0
2026-07-02 18:04:46,240 [INFO] Quadrant 4: slot=None device=None system=414 drug_count=0
2026-07-02 18:04:46,280 [INFO] PVS HTTP Status: 200
2026-07-02 18:04:48,283 [INFO] PVS RESPONSE: {
  "status": "success",
  "station_type": 21,
  "station_id": 21000
}
2026-07-02 18:04:48,284 [INFO] ================================================================================
2026-07-02 18:04:48,284 [INFO]     PVS response: {'status': 'success', 'station_type': 21, 'station_id': 21000}
2026-07-02 18:04:48,284 [INFO]   Initialising vision system (station_type=21, station_id=21000)...
2026-07-02 18:04:49,550 [INFO]   Init HTTP status: 200
2026-07-02 18:04:49,560 [INFO]   Init response: {
  "status": "success",
  "station_type": 21,
  "station_id": 21000
}
2026-07-02 18:04:49,560 [INFO]   Waiting 5 seconds for vision system to become ready...
2026-07-02 18:04:51,563 [INFO] Drop=6 Q=1 Slot=27 Device=2 System=414 DrugCount=2
2026-07-02 18:04:51,563 [INFO] Drop=6 Q=2 Slot=None Device=None System=414 DrugCount=0
2026-07-02 18:04:51,563 [INFO] Drop=6 Q=3 Slot=27 Device=3 System=414 DrugCount=1
2026-07-02 18:04:51,563 [INFO] Drop=6 Q=4 Slot=None Device=None System=414 DrugCount=0
2026-07-02 18:04:51,563 [INFO]   POSTing drop 6 (slots: 27, 27)...
2026-07-02 18:04:51,563 [INFO] ================================================================================
2026-07-02 18:04:51,563 [INFO] PVS REQUEST: drop=6, station_type=21, station_id=21000
2026-07-02 18:04:51,563 [INFO] Quadrant 1: slot=27 device=2 system=414 drug_count=2
2026-07-02 18:04:51,563 [INFO] Quadrant 2: slot=None device=None system=414 drug_count=0
2026-07-02 18:04:51,570 [INFO] Quadrant 3: slot=27 device=3 system=414 drug_count=1
2026-07-02 18:04:51,570 [INFO] Quadrant 4: slot=None device=None system=414 drug_count=0
2026-07-02 18:04:51,615 [INFO] PVS HTTP Status: 200
2026-07-02 18:04:53,620 [INFO] PVS RESPONSE: {
  "status": "success",
  "station_type": 21,
  "station_id": 21000
}
2026-07-02 18:04:53,620 [INFO] ================================================================================
2026-07-02 18:04:53,620 [INFO]     PVS response: {'status': 'success', 'station_type': 21, 'station_id': 21000}
2026-07-02 18:04:53,620 [INFO]   Initialising vision system (station_type=21, station_id=21000)...
2026-07-02 18:04:53,794 [INFO]   Init HTTP status: 200
2026-07-02 18:04:53,794 [INFO]   Init response: {
  "status": "success",
  "station_type": 21,
  "station_id": 21000
}
2026-07-02 18:04:53,794 [INFO]   Waiting 5 seconds for vision system to become ready...
2026-07-02 18:04:55,800 [INFO] Drop=7 Q=1 Slot=21 Device=3 System=414 DrugCount=7
2026-07-02 18:04:55,801 [INFO] Drop=7 Q=2 Slot=21 Device=1 System=414 DrugCount=1
2026-07-02 18:04:55,801 [INFO] Drop=7 Q=3 Slot=None Device=None System=414 DrugCount=0
2026-07-02 18:04:55,801 [INFO] Drop=7 Q=4 Slot=None Device=None System=414 DrugCount=0
2026-07-02 18:04:55,801 [INFO]   POSTing drop 7 (slots: 21, 21)...
2026-07-02 18:04:55,801 [INFO] ================================================================================
2026-07-02 18:04:55,801 [INFO] PVS REQUEST: drop=7, station_type=21, station_id=21000
2026-07-02 18:04:55,801 [INFO] Quadrant 1: slot=21 device=3 system=414 drug_count=7
2026-07-02 18:04:55,801 [INFO] Quadrant 2: slot=21 device=1 system=414 drug_count=1
2026-07-02 18:04:55,810 [INFO] Quadrant 3: slot=None device=None system=414 drug_count=0
2026-07-02 18:04:55,810 [INFO] Quadrant 4: slot=None device=None system=414 drug_count=0
2026-07-02 18:04:55,850 [INFO] PVS HTTP Status: 200
2026-07-02 18:04:57,854 [INFO] PVS RESPONSE: {
  "status": "success",
  "station_type": 21,
  "station_id": 21000
}
2026-07-02 18:04:57,854 [INFO] ================================================================================
2026-07-02 18:04:57,854 [INFO]     PVS response: {'status': 'success', 'station_type': 21, 'station_id': 21000}
2026-07-02 18:04:57,854 [INFO]   Initialising vision system (station_type=21, station_id=21000)...
2026-07-02 18:04:58,070 [INFO]   Init HTTP status: 200
2026-07-02 18:04:58,070 [INFO]   Init response: {
  "status": "success",
  "station_type": 21,
  "station_id": 21000
}
2026-07-02 18:04:58,070 [INFO]   Waiting 5 seconds for vision system to become ready...
2026-07-02 18:05:00,074 [INFO] Drop=8 Q=1 Slot=23 Device=2 System=414 DrugCount=2
2026-07-02 18:05:00,074 [INFO] Drop=8 Q=2 Slot=None Device=None System=414 DrugCount=0
2026-07-02 18:05:00,074 [INFO] Drop=8 Q=3 Slot=23 Device=3 System=414 DrugCount=1
2026-07-02 18:05:00,074 [INFO] Drop=8 Q=4 Slot=None Device=None System=414 DrugCount=0
2026-07-02 18:05:00,074 [INFO]   POSTing drop 8 (slots: 23, 23)...
2026-07-02 18:05:00,074 [INFO] ================================================================================
2026-07-02 18:05:00,074 [INFO] PVS REQUEST: drop=8, station_type=21, station_id=21000
2026-07-02 18:05:00,074 [INFO] Quadrant 1: slot=23 device=2 system=414 drug_count=2
2026-07-02 18:05:00,074 [INFO] Quadrant 2: slot=None device=None system=414 drug_count=0
2026-07-02 18:05:00,074 [INFO] Quadrant 3: slot=23 device=3 system=414 drug_count=1
2026-07-02 18:05:00,074 [INFO] Quadrant 4: slot=None device=None system=414 drug_count=0
2026-07-02 18:05:00,110 [INFO] PVS HTTP Status: 200
2026-07-02 18:05:02,116 [INFO] PVS RESPONSE: {
  "status": "success",
  "station_type": 21,
  "station_id": 21000
}
2026-07-02 18:05:02,116 [INFO] ================================================================================
2026-07-02 18:05:02,116 [INFO]     PVS response: {'status': 'success', 'station_type': 21, 'station_id': 21000}
2026-07-02 18:05:02,116 [INFO]   Initialising vision system (station_type=21, station_id=21000)...
2026-07-02 18:05:02,361 [INFO]   Init HTTP status: 200
2026-07-02 18:05:02,361 [INFO]   Init response: {
  "status": "success",
  "station_type": 21,
  "station_id": 21000
}
2026-07-02 18:05:02,361 [INFO]   Waiting 5 seconds for vision system to become ready...
2026-07-02 18:05:04,370 [INFO] Drop=9 Q=1 Slot=17 Device=3 System=414 DrugCount=7
2026-07-02 18:05:04,370 [INFO] Drop=9 Q=2 Slot=17 Device=1 System=414 DrugCount=1
2026-07-02 18:05:04,370 [INFO] Drop=9 Q=3 Slot=None Device=None System=414 DrugCount=0
2026-07-02 18:05:04,370 [INFO] Drop=9 Q=4 Slot=None Device=None System=414 DrugCount=0
2026-07-02 18:05:04,370 [INFO]   POSTing drop 9 (slots: 17, 17)...
2026-07-02 18:05:04,370 [INFO] ================================================================================
2026-07-02 18:05:04,376 [INFO] PVS REQUEST: drop=9, station_type=21, station_id=21000
2026-07-02 18:05:04,376 [INFO] Quadrant 1: slot=17 device=3 system=414 drug_count=7
2026-07-02 18:05:04,380 [INFO] Quadrant 2: slot=17 device=1 system=414 drug_count=1
2026-07-02 18:05:04,380 [INFO] Quadrant 3: slot=None device=None system=414 drug_count=0
2026-07-02 18:05:04,380 [INFO] Quadrant 4: slot=None device=None system=414 drug_count=0
2026-07-02 18:05:04,410 [INFO] PVS HTTP Status: 200
2026-07-02 18:05:06,411 [INFO] PVS RESPONSE: {
  "status": "success",
  "station_type": 21,
  "station_id": 21000
}
2026-07-02 18:05:06,411 [INFO] ================================================================================
2026-07-02 18:05:06,411 [INFO]     PVS response: {'status': 'success', 'station_type': 21, 'station_id': 21000}
2026-07-02 18:05:06,411 [INFO]   Initialising vision system (station_type=21, station_id=21000)...
2026-07-02 18:05:06,632 [INFO]   Init HTTP status: 200
2026-07-02 18:05:06,632 [INFO]   Init response: {
  "status": "success",
  "station_type": 21,
  "station_id": 21000
}
2026-07-02 18:05:06,632 [INFO]   Waiting 5 seconds for vision system to become ready...
2026-07-02 18:05:08,640 [INFO] Drop=10 Q=1 Slot=19 Device=2 System=414 DrugCount=2
2026-07-02 18:05:08,640 [INFO] Drop=10 Q=2 Slot=None Device=None System=414 DrugCount=0
2026-07-02 18:05:08,640 [INFO] Drop=10 Q=3 Slot=19 Device=3 System=414 DrugCount=1
2026-07-02 18:05:08,644 [INFO] Drop=10 Q=4 Slot=None Device=None System=414 DrugCount=0
2026-07-02 18:05:08,644 [INFO]   POSTing drop 10 (slots: 19, 19)...
2026-07-02 18:05:08,644 [INFO] ================================================================================
2026-07-02 18:05:08,644 [INFO] PVS REQUEST: drop=10, station_type=21, station_id=21000
2026-07-02 18:05:08,644 [INFO] Quadrant 1: slot=19 device=2 system=414 drug_count=2
2026-07-02 18:05:08,644 [INFO] Quadrant 2: slot=None device=None system=414 drug_count=0
2026-07-02 18:05:08,650 [INFO] Quadrant 3: slot=19 device=3 system=414 drug_count=1
2026-07-02 18:05:08,650 [INFO] Quadrant 4: slot=None device=None system=414 drug_count=0
2026-07-02 18:05:08,676 [INFO] PVS HTTP Status: 200
2026-07-02 18:05:10,679 [INFO] PVS RESPONSE: {
  "status": "success",
  "station_type": 21,
  "station_id": 21000
}
2026-07-02 18:05:10,681 [INFO] ================================================================================
2026-07-02 18:05:10,681 [INFO]     PVS response: {'status': 'success', 'station_type': 21, 'station_id': 21000}
2026-07-02 18:05:10,681 [INFO]   Initialising vision system (station_type=21, station_id=21000)...
2026-07-02 18:05:10,940 [INFO]   Init HTTP status: 200
2026-07-02 18:05:10,940 [INFO]   Init response: {
  "status": "success",
  "station_type": 21,
  "station_id": 21000
}
2026-07-02 18:05:10,940 [INFO]   Waiting 5 seconds for vision system to become ready...
2026-07-02 18:05:12,945 [INFO] Drop=11 Q=1 Slot=13 Device=3 System=414 DrugCount=7
2026-07-02 18:05:12,945 [INFO] Drop=11 Q=2 Slot=13 Device=1 System=414 DrugCount=1
2026-07-02 18:05:12,945 [INFO] Drop=11 Q=3 Slot=None Device=None System=414 DrugCount=0
2026-07-02 18:05:12,945 [INFO] Drop=11 Q=4 Slot=None Device=None System=414 DrugCount=0
2026-07-02 18:05:12,945 [INFO]   POSTing drop 11 (slots: 13, 13)...
2026-07-02 18:05:12,951 [INFO] ================================================================================
2026-07-02 18:05:12,951 [INFO] PVS REQUEST: drop=11, station_type=21, station_id=21000
2026-07-02 18:05:12,953 [INFO] Quadrant 1: slot=13 device=3 system=414 drug_count=7
2026-07-02 18:05:12,953 [INFO] Quadrant 2: slot=13 device=1 system=414 drug_count=1
2026-07-02 18:05:12,955 [INFO] Quadrant 3: slot=None device=None system=414 drug_count=0
2026-07-02 18:05:12,955 [INFO] Quadrant 4: slot=None device=None system=414 drug_count=0
2026-07-02 18:05:12,990 [INFO] PVS HTTP Status: 200
2026-07-02 18:05:14,998 [INFO] PVS RESPONSE: {
  "status": "success",
  "station_type": 21,
  "station_id": 21000
}
2026-07-02 18:05:14,998 [INFO] ================================================================================
2026-07-02 18:05:14,998 [INFO]     PVS response: {'status': 'success', 'station_type': 21, 'station_id': 21000}
2026-07-02 18:05:15,000 [INFO]   Initialising vision system (station_type=21, station_id=21000)...
2026-07-02 18:05:15,470 [INFO]   Init HTTP status: 200
2026-07-02 18:05:15,470 [INFO]   Init response: {
  "status": "success",
  "station_type": 21,
  "station_id": 21000
}
2026-07-02 18:05:15,470 [INFO]   Waiting 5 seconds for vision system to become ready...
2026-07-02 18:05:17,476 [INFO] Drop=12 Q=1 Slot=15 Device=2 System=414 DrugCount=2
2026-07-02 18:05:17,476 [INFO] Drop=12 Q=2 Slot=None Device=None System=414 DrugCount=0
2026-07-02 18:05:17,476 [INFO] Drop=12 Q=3 Slot=15 Device=3 System=414 DrugCount=1
2026-07-02 18:05:17,476 [INFO] Drop=12 Q=4 Slot=None Device=None System=414 DrugCount=0
2026-07-02 18:05:17,476 [INFO]   POSTing drop 12 (slots: 15, 15)...
2026-07-02 18:05:17,480 [INFO] ================================================================================
2026-07-02 18:05:17,480 [INFO] PVS REQUEST: drop=12, station_type=21, station_id=21000
2026-07-02 18:05:17,480 [INFO] Quadrant 1: slot=15 device=2 system=414 drug_count=2
2026-07-02 18:05:17,480 [INFO] Quadrant 2: slot=None device=None system=414 drug_count=0
2026-07-02 18:05:17,484 [INFO] Quadrant 3: slot=15 device=3 system=414 drug_count=1
2026-07-02 18:05:17,484 [INFO] Quadrant 4: slot=None device=None system=414 drug_count=0
2026-07-02 18:05:17,741 [INFO] PVS HTTP Status: 200
2026-07-02 18:05:19,750 [INFO] PVS RESPONSE: {
  "status": "success",
  "station_type": 21,
  "station_id": 21000
}
2026-07-02 18:05:19,750 [INFO] ================================================================================
2026-07-02 18:05:19,750 [INFO]     PVS response: {'status': 'success', 'station_type': 21, 'station_id': 21000}
2026-07-02 18:05:19,750 [INFO]   Initialising vision system (station_type=21, station_id=21000)...
2026-07-02 18:05:19,785 [INFO]   Init HTTP status: 200
2026-07-02 18:05:19,785 [INFO]   Init response: {
  "status": "success",
  "station_type": 21,
  "station_id": 21000
}
2026-07-02 18:05:19,785 [INFO]   Waiting 5 seconds for vision system to become ready...
2026-07-02 18:05:21,788 [INFO] Drop=13 Q=1 Slot=9 Device=3 System=414 DrugCount=7
2026-07-02 18:05:21,788 [INFO] Drop=13 Q=2 Slot=9 Device=1 System=414 DrugCount=1
2026-07-02 18:05:21,791 [INFO] Drop=13 Q=3 Slot=None Device=None System=414 DrugCount=0
2026-07-02 18:05:21,791 [INFO] Drop=13 Q=4 Slot=None Device=None System=414 DrugCount=0
2026-07-02 18:05:21,791 [INFO]   POSTing drop 13 (slots: 9, 9)...
2026-07-02 18:05:21,791 [INFO] ================================================================================
2026-07-02 18:05:21,794 [INFO] PVS REQUEST: drop=13, station_type=21, station_id=21000
2026-07-02 18:05:21,794 [INFO] Quadrant 1: slot=9 device=3 system=414 drug_count=7
2026-07-02 18:05:21,794 [INFO] Quadrant 2: slot=9 device=1 system=414 drug_count=1
2026-07-02 18:05:21,794 [INFO] Quadrant 3: slot=None device=None system=414 drug_count=0
2026-07-02 18:05:21,794 [INFO] Quadrant 4: slot=None device=None system=414 drug_count=0
2026-07-02 18:05:21,827 [INFO] PVS HTTP Status: 200
2026-07-02 18:05:23,829 [INFO] PVS RESPONSE: {
  "status": "success",
  "station_type": 21,
  "station_id": 21000
}
2026-07-02 18:05:23,830 [INFO] ================================================================================
2026-07-02 18:05:23,830 [INFO]     PVS response: {'status': 'success', 'station_type': 21, 'station_id': 21000}
2026-07-02 18:05:23,833 [INFO]   Initialising vision system (station_type=21, station_id=21000)...
2026-07-02 18:05:24,280 [INFO]   Init HTTP status: 200
2026-07-02 18:05:24,290 [INFO]   Init response: {
  "status": "success",
  "station_type": 21,
  "station_id": 21000
}
2026-07-02 18:05:24,290 [INFO]   Waiting 5 seconds for vision system to become ready...
2026-07-02 18:05:26,293 [INFO] Drop=14 Q=1 Slot=11 Device=2 System=414 DrugCount=2
2026-07-02 18:05:26,293 [INFO] Drop=14 Q=2 Slot=None Device=None System=414 DrugCount=0
2026-07-02 18:05:26,293 [INFO] Drop=14 Q=3 Slot=11 Device=3 System=414 DrugCount=1
2026-07-02 18:05:26,297 [INFO] Drop=14 Q=4 Slot=None Device=None System=414 DrugCount=0
2026-07-02 18:05:26,297 [INFO]   POSTing drop 14 (slots: 11, 11)...
2026-07-02 18:05:26,297 [INFO] ================================================================================
2026-07-02 18:05:26,297 [INFO] PVS REQUEST: drop=14, station_type=21, station_id=21000
2026-07-02 18:05:26,297 [INFO] Quadrant 1: slot=11 device=2 system=414 drug_count=2
2026-07-02 18:05:26,301 [INFO] Quadrant 2: slot=None device=None system=414 drug_count=0
2026-07-02 18:05:26,301 [INFO] Quadrant 3: slot=11 device=3 system=414 drug_count=1
2026-07-02 18:05:26,301 [INFO] Quadrant 4: slot=None device=None system=414 drug_count=0
2026-07-02 18:05:26,320 [INFO] PVS HTTP Status: 200
2026-07-02 18:05:28,327 [INFO] PVS RESPONSE: {
  "status": "success",
  "station_type": 21,
  "station_id": 21000
}
2026-07-02 18:05:28,327 [INFO] ================================================================================
2026-07-02 18:05:28,329 [INFO]     PVS response: {'status': 'success', 'station_type': 21, 'station_id': 21000}
2026-07-02 18:05:28,329 [INFO]   Initialising vision system (station_type=21, station_id=21000)...
2026-07-02 18:05:28,600 [INFO]   Init HTTP status: 200
2026-07-02 18:05:28,600 [INFO]   Init response: {
  "status": "success",
  "station_type": 21,
  "station_id": 21000
}
2026-07-02 18:05:28,600 [INFO]   Waiting 5 seconds for vision system to become ready...
2026-07-02 18:05:30,610 [INFO] Drop=15 Q=1 Slot=5 Device=3 System=414 DrugCount=7
2026-07-02 18:05:30,610 [INFO] Drop=15 Q=2 Slot=5 Device=1 System=414 DrugCount=1
2026-07-02 18:05:30,610 [INFO] Drop=15 Q=3 Slot=None Device=None System=414 DrugCount=0
2026-07-02 18:05:30,610 [INFO] Drop=15 Q=4 Slot=None Device=None System=414 DrugCount=0
2026-07-02 18:05:30,610 [INFO]   POSTing drop 15 (slots: 5, 5)...
2026-07-02 18:05:30,610 [INFO] ================================================================================
2026-07-02 18:05:30,610 [INFO] PVS REQUEST: drop=15, station_type=21, station_id=21000
2026-07-02 18:05:30,610 [INFO] Quadrant 1: slot=5 device=3 system=414 drug_count=7
2026-07-02 18:05:30,610 [INFO] Quadrant 2: slot=5 device=1 system=414 drug_count=1
2026-07-02 18:05:30,610 [INFO] Quadrant 3: slot=None device=None system=414 drug_count=0
2026-07-02 18:05:30,610 [INFO] Quadrant 4: slot=None device=None system=414 drug_count=0
2026-07-02 18:05:30,639 [INFO] PVS HTTP Status: 200
2026-07-02 18:05:32,641 [INFO] PVS RESPONSE: {
  "status": "success",
  "station_type": 21,
  "station_id": 21000
}
2026-07-02 18:05:32,641 [INFO] ================================================================================
2026-07-02 18:05:32,641 [INFO]     PVS response: {'status': 'success', 'station_type': 21, 'station_id': 21000}
2026-07-02 18:05:32,641 [INFO]   Initialising vision system (station_type=21, station_id=21000)...
2026-07-02 18:05:32,838 [INFO]   Init HTTP status: 200
2026-07-02 18:05:32,841 [INFO]   Init response: {
  "status": "success",
  "station_type": 21,
  "station_id": 21000
}
2026-07-02 18:05:32,841 [INFO]   Waiting 5 seconds for vision system to become ready...
2026-07-02 18:05:34,846 [INFO] Drop=16 Q=1 Slot=7 Device=2 System=414 DrugCount=2
2026-07-02 18:05:34,846 [INFO] Drop=16 Q=2 Slot=None Device=None System=414 DrugCount=0
2026-07-02 18:05:34,846 [INFO] Drop=16 Q=3 Slot=7 Device=3 System=414 DrugCount=1
2026-07-02 18:05:34,846 [INFO] Drop=16 Q=4 Slot=None Device=None System=414 DrugCount=0
2026-07-02 18:05:34,851 [INFO]   POSTing drop 16 (slots: 7, 7)...
2026-07-02 18:05:34,851 [INFO] ================================================================================
2026-07-02 18:05:34,851 [INFO] PVS REQUEST: drop=16, station_type=21, station_id=21000
2026-07-02 18:05:34,851 [INFO] Quadrant 1: slot=7 device=2 system=414 drug_count=2
2026-07-02 18:05:34,851 [INFO] Quadrant 2: slot=None device=None system=414 drug_count=0
2026-07-02 18:05:34,851 [INFO] Quadrant 3: slot=7 device=3 system=414 drug_count=1
2026-07-02 18:05:34,851 [INFO] Quadrant 4: slot=None device=None system=414 drug_count=0
2026-07-02 18:05:34,891 [INFO] PVS HTTP Status: 200
2026-07-02 18:05:36,895 [INFO] PVS RESPONSE: {
  "status": "success",
  "station_type": 21,
  "station_id": 21000
}
2026-07-02 18:05:36,895 [INFO] ================================================================================
2026-07-02 18:05:36,895 [INFO]     PVS response: {'status': 'success', 'station_type': 21, 'station_id': 21000}
2026-07-02 18:05:36,898 [INFO]   Initialising vision system (station_type=21, station_id=21000)...
2026-07-02 18:05:37,225 [INFO]   Init HTTP status: 200
2026-07-02 18:05:37,230 [INFO]   Init response: {
  "status": "success",
  "station_type": 21,
  "station_id": 21000
}
2026-07-02 18:05:37,230 [INFO]   Waiting 5 seconds for vision system to become ready...
2026-07-02 18:05:39,232 [INFO] Drop=17 Q=1 Slot=1 Device=3 System=414 DrugCount=7
2026-07-02 18:05:39,232 [INFO] Drop=17 Q=2 Slot=1 Device=1 System=414 DrugCount=1
2026-07-02 18:05:39,232 [INFO] Drop=17 Q=3 Slot=None Device=None System=414 DrugCount=0
2026-07-02 18:05:39,232 [INFO] Drop=17 Q=4 Slot=None Device=None System=414 DrugCount=0
2026-07-02 18:05:39,232 [INFO]   POSTing drop 17 (slots: 1, 1)...
2026-07-02 18:05:39,232 [INFO] ================================================================================
2026-07-02 18:05:39,232 [INFO] PVS REQUEST: drop=17, station_type=21, station_id=21000
2026-07-02 18:05:39,232 [INFO] Quadrant 1: slot=1 device=3 system=414 drug_count=7
2026-07-02 18:05:39,232 [INFO] Quadrant 2: slot=1 device=1 system=414 drug_count=1
2026-07-02 18:05:39,232 [INFO] Quadrant 3: slot=None device=None system=414 drug_count=0
2026-07-02 18:05:39,232 [INFO] Quadrant 4: slot=None device=None system=414 drug_count=0
2026-07-02 18:05:39,250 [INFO] PVS HTTP Status: 200
2026-07-02 18:05:41,259 [INFO] PVS RESPONSE: {
  "status": "success",
  "station_type": 21,
  "station_id": 21000
}
2026-07-02 18:05:41,259 [INFO] ================================================================================
2026-07-02 18:05:41,260 [INFO]     PVS response: {'status': 'success', 'station_type': 21, 'station_id': 21000}
2026-07-02 18:05:41,260 [INFO]   Initialising vision system (station_type=21, station_id=21000)...
2026-07-02 18:05:41,471 [INFO]   Init HTTP status: 200
2026-07-02 18:05:41,471 [INFO]   Init response: {
  "status": "success",
  "station_type": 21,
  "station_id": 21000
}
2026-07-02 18:05:41,471 [INFO]   Waiting 5 seconds for vision system to become ready...
2026-07-02 18:05:43,475 [INFO] Drop=18 Q=1 Slot=3 Device=2 System=414 DrugCount=2
2026-07-02 18:05:43,477 [INFO] Drop=18 Q=2 Slot=None Device=None System=414 DrugCount=0
2026-07-02 18:05:43,477 [INFO] Drop=18 Q=3 Slot=3 Device=3 System=414 DrugCount=1
2026-07-02 18:05:43,477 [INFO] Drop=18 Q=4 Slot=None Device=None System=414 DrugCount=0
2026-07-02 18:05:43,477 [INFO]   POSTing drop 18 (slots: 3, 3)...
2026-07-02 18:05:43,481 [INFO] ================================================================================
2026-07-02 18:05:43,481 [INFO] PVS REQUEST: drop=18, station_type=21, station_id=21000
2026-07-02 18:05:43,481 [INFO] Quadrant 1: slot=3 device=2 system=414 drug_count=2
2026-07-02 18:05:43,481 [INFO] Quadrant 2: slot=None device=None system=414 drug_count=0
2026-07-02 18:05:43,481 [INFO] Quadrant 3: slot=3 device=3 system=414 drug_count=1
2026-07-02 18:05:43,481 [INFO] Quadrant 4: slot=None device=None system=414 drug_count=0
2026-07-02 18:05:43,511 [INFO] PVS HTTP Status: 200
2026-07-02 18:05:45,515 [INFO] PVS RESPONSE: {
  "status": "success",
  "station_type": 21,
  "station_id": 21000
}
2026-07-02 18:05:45,515 [INFO] ================================================================================
2026-07-02 18:05:45,515 [INFO]     PVS response: {'status': 'success', 'station_type': 21, 'station_id': 21000}
2026-07-02 18:05:46,103 [INFO] Using cached token
2026-07-02 18:05:46,103 [INFO] Trying pack 164760 with device_id=2, system_id=414, company_id=4
2026-07-02 18:05:46,103 [INFO]   Fetching details for pack 164760
2026-07-02 18:05:49,867 [INFO] Pack 164760 valid using device_id=2 (24 payloads generated)
2026-07-02 18:05:49,871 [INFO] --- Processing pack 164760 (device=2, system=414) ---
2026-07-02 18:05:49,871 [INFO]   Fetching details for pack 164760
2026-07-02 18:05:50,709 [INFO]   Generated 24 drop payload(s)
2026-07-02 18:05:50,709 [INFO]   Initialising vision system (station_type=21, station_id=21000)...
2026-07-02 18:05:50,725 [INFO]   Init HTTP status: 200
2026-07-02 18:05:50,725 [INFO]   Init response: {
  "status": "success",
  "station_type": 21,
  "station_id": 21000
}
2026-07-02 18:05:50,725 [INFO]   Waiting 5 seconds for vision system to become ready...
2026-07-02 18:05:52,730 [INFO] Drop=1 Q=1 Slot=None Device=None System=414 DrugCount=0
2026-07-02 18:05:52,731 [INFO] Drop=1 Q=2 Slot=27 Device=None System=414 DrugCount=1
2026-07-02 18:05:52,731 [INFO] Drop=1 Q=3 Slot=23 Device=2 System=414 DrugCount=1
2026-07-02 18:05:52,731 [INFO] Drop=1 Q=4 Slot=None Device=None System=414 DrugCount=0
2026-07-02 18:05:52,731 [INFO]   POSTing drop 1 (slots: 27, 23)...
2026-07-02 18:05:52,735 [INFO] ================================================================================
2026-07-02 18:05:52,735 [INFO] PVS REQUEST: drop=1, station_type=21, station_id=21000
2026-07-02 18:05:52,735 [INFO] Quadrant 1: slot=None device=None system=414 drug_count=0
2026-07-02 18:05:52,735 [INFO] Quadrant 2: slot=27 device=None system=414 drug_count=1
2026-07-02 18:05:52,735 [INFO] Quadrant 3: slot=23 device=2 system=414 drug_count=1
2026-07-02 18:05:52,735 [INFO] Quadrant 4: slot=None device=None system=414 drug_count=0
2026-07-02 18:05:52,771 [INFO] PVS HTTP Status: 200
2026-07-02 18:05:54,772 [INFO] PVS RESPONSE: {
  "status": "success",
  "station_type": 21,
  "station_id": 21000
}
2026-07-02 18:05:54,772 [INFO] ================================================================================
2026-07-02 18:05:54,772 [INFO]     PVS response: {'status': 'success', 'station_type': 21, 'station_id': 21000}
2026-07-02 18:05:54,772 [INFO]   Initialising vision system (station_type=21, station_id=21000)...
2026-07-02 18:05:55,491 [INFO]   Init HTTP status: 200
2026-07-02 18:05:55,491 [INFO]   Init response: {
  "status": "success",
  "station_type": 21,
  "station_id": 21000
}
2026-07-02 18:05:55,491 [INFO]   Waiting 5 seconds for vision system to become ready...
2026-07-02 18:05:57,499 [INFO] Drop=2 Q=1 Slot=None Device=None System=414 DrugCount=0
2026-07-02 18:05:57,499 [INFO] Drop=2 Q=2 Slot=19 Device=None System=414 DrugCount=1
2026-07-02 18:05:57,501 [INFO] Drop=2 Q=3 Slot=15 Device=2 System=414 DrugCount=1
2026-07-02 18:05:57,501 [INFO] Drop=2 Q=4 Slot=None Device=None System=414 DrugCount=0
2026-07-02 18:05:57,503 [INFO]   POSTing drop 2 (slots: 19, 15)...
2026-07-02 18:05:57,503 [INFO] ================================================================================
2026-07-02 18:05:57,503 [INFO] PVS REQUEST: drop=2, station_type=21, station_id=21000
2026-07-02 18:05:57,503 [INFO] Quadrant 1: slot=None device=None system=414 drug_count=0
2026-07-02 18:05:57,503 [INFO] Quadrant 2: slot=19 device=None system=414 drug_count=1
2026-07-02 18:05:57,503 [INFO] Quadrant 3: slot=15 device=2 system=414 drug_count=1
2026-07-02 18:05:57,503 [INFO] Quadrant 4: slot=None device=None system=414 drug_count=0
2026-07-02 18:05:57,540 [INFO] PVS HTTP Status: 200
2026-07-02 18:05:59,545 [INFO] PVS RESPONSE: {
  "status": "success",
  "station_type": 21,
  "station_id": 21000
}
2026-07-02 18:05:59,545 [INFO] ================================================================================
2026-07-02 18:05:59,548 [INFO]     PVS response: {'status': 'success', 'station_type': 21, 'station_id': 21000}
2026-07-02 18:05:59,548 [INFO]   Initialising vision system (station_type=21, station_id=21000)...
2026-07-02 18:05:59,723 [INFO]   Init HTTP status: 200
2026-07-02 18:05:59,723 [INFO]   Init response: {
  "status": "success",
  "station_type": 21,
  "station_id": 21000
}
2026-07-02 18:05:59,727 [INFO]   Waiting 5 seconds for vision system to become ready...
2026-07-02 18:06:01,729 [INFO] Drop=3 Q=1 Slot=None Device=None System=414 DrugCount=0
2026-07-02 18:06:01,729 [INFO] Drop=3 Q=2 Slot=7 Device=None System=414 DrugCount=1
2026-07-02 18:06:01,730 [INFO] Drop=3 Q=3 Slot=3 Device=2 System=414 DrugCount=1
2026-07-02 18:06:01,730 [INFO] Drop=3 Q=4 Slot=None Device=None System=414 DrugCount=0
2026-07-02 18:06:01,730 [INFO]   POSTing drop 3 (slots: 7, 3)...
2026-07-02 18:06:01,730 [INFO] ================================================================================
2026-07-02 18:06:01,731 [INFO] PVS REQUEST: drop=3, station_type=21, station_id=21000
2026-07-02 18:06:01,731 [INFO] Quadrant 1: slot=None device=None system=414 drug_count=0
2026-07-02 18:06:01,731 [INFO] Quadrant 2: slot=7 device=None system=414 drug_count=1
2026-07-02 18:06:01,731 [INFO] Quadrant 3: slot=3 device=2 system=414 drug_count=1
2026-07-02 18:06:01,731 [INFO] Quadrant 4: slot=None device=None system=414 drug_count=0
2026-07-02 18:06:01,741 [INFO] PVS HTTP Status: 200
2026-07-02 18:06:03,745 [INFO] PVS RESPONSE: {
  "status": "success",
  "station_type": 21,
  "station_id": 21000
}
2026-07-02 18:06:03,745 [INFO] ================================================================================
2026-07-02 18:06:03,745 [INFO]     PVS response: {'status': 'success', 'station_type': 21, 'station_id': 21000}
2026-07-02 18:06:03,745 [INFO]   Initialising vision system (station_type=21, station_id=21000)...
2026-07-02 18:06:05,006 [INFO]   Init HTTP status: 200
2026-07-02 18:06:05,006 [INFO]   Init response: {
  "status": "success",
  "station_type": 21,
  "station_id": 21000
}
2026-07-02 18:06:05,006 [INFO]   Waiting 5 seconds for vision system to become ready...
2026-07-02 18:06:07,007 [INFO] Drop=4 Q=1 Slot=None Device=None System=414 DrugCount=0
2026-07-02 18:06:07,007 [INFO] Drop=4 Q=2 Slot=25 Device=2 System=414 DrugCount=1
2026-07-02 18:06:07,007 [INFO] Drop=4 Q=3 Slot=11 Device=2 System=414 DrugCount=1
2026-07-02 18:06:07,011 [INFO] Drop=4 Q=4 Slot=None Device=None System=414 DrugCount=0
2026-07-02 18:06:07,011 [INFO]   POSTing drop 4 (slots: 25, 11)...
2026-07-02 18:06:07,011 [INFO] ================================================================================
2026-07-02 18:06:07,011 [INFO] PVS REQUEST: drop=4, station_type=21, station_id=21000
2026-07-02 18:06:07,011 [INFO] Quadrant 1: slot=None device=None system=414 drug_count=0
2026-07-02 18:06:07,016 [INFO] Quadrant 2: slot=25 device=2 system=414 drug_count=1
2026-07-02 18:06:07,016 [INFO] Quadrant 3: slot=11 device=2 system=414 drug_count=1
2026-07-02 18:06:07,016 [INFO] Quadrant 4: slot=None device=None system=414 drug_count=0
2026-07-02 18:06:07,051 [INFO] PVS HTTP Status: 200
2026-07-02 18:06:09,057 [INFO] PVS RESPONSE: {
  "status": "success",
  "station_type": 21,
  "station_id": 21000
}
2026-07-02 18:06:09,057 [INFO] ================================================================================
2026-07-02 18:06:09,057 [INFO]     PVS response: {'status': 'success', 'station_type': 21, 'station_id': 21000}
2026-07-02 18:06:09,057 [INFO]   Initialising vision system (station_type=21, station_id=21000)...
2026-07-02 18:06:09,177 [INFO]   Init HTTP status: 200
2026-07-02 18:06:09,181 [INFO]   Init response: {
  "status": "success",
  "station_type": 21,
  "station_id": 21000
}
2026-07-02 18:06:09,181 [INFO]   Waiting 5 seconds for vision system to become ready...
2026-07-02 18:06:11,184 [INFO] Drop=5 Q=1 Slot=None Device=None System=414 DrugCount=0
2026-07-02 18:06:11,184 [INFO] Drop=5 Q=2 Slot=21 Device=2 System=414 DrugCount=1
2026-07-02 18:06:11,184 [INFO] Drop=5 Q=3 Slot=None Device=None System=414 DrugCount=0
2026-07-02 18:06:11,184 [INFO] Drop=5 Q=4 Slot=None Device=None System=414 DrugCount=0
2026-07-02 18:06:11,184 [INFO]   POSTing drop 5 (slots: 21)...
2026-07-02 18:06:11,184 [INFO] ================================================================================
2026-07-02 18:06:11,184 [INFO] PVS REQUEST: drop=5, station_type=21, station_id=21000
2026-07-02 18:06:11,184 [INFO] Quadrant 1: slot=None device=None system=414 drug_count=0
2026-07-02 18:06:11,184 [INFO] Quadrant 2: slot=21 device=2 system=414 drug_count=1
2026-07-02 18:06:11,184 [INFO] Quadrant 3: slot=None device=None system=414 drug_count=0
2026-07-02 18:06:11,184 [INFO] Quadrant 4: slot=None device=None system=414 drug_count=0
2026-07-02 18:06:12,231 [INFO] PVS HTTP Status: 200
2026-07-02 18:06:14,232 [INFO] PVS RESPONSE: {
  "status": "success",
  "station_type": 21,
  "station_id": 21000
}
2026-07-02 18:06:14,232 [INFO] ================================================================================
2026-07-02 18:06:14,232 [INFO]     PVS response: {'status': 'success', 'station_type': 21, 'station_id': 21000}
2026-07-02 18:06:14,232 [INFO]   Initialising vision system (station_type=21, station_id=21000)...
2026-07-02 18:06:14,381 [INFO]   Init HTTP status: 200
2026-07-02 18:06:14,381 [INFO]   Init response: {
  "status": "success",
  "station_type": 21,
  "station_id": 21000
}
2026-07-02 18:06:14,385 [INFO]   Waiting 5 seconds for vision system to become ready...
2026-07-02 18:06:16,386 [INFO] Drop=6 Q=1 Slot=None Device=None System=414 DrugCount=0
2026-07-02 18:06:16,386 [INFO] Drop=6 Q=2 Slot=17 Device=2 System=414 DrugCount=1
2026-07-02 18:06:16,386 [INFO] Drop=6 Q=3 Slot=None Device=None System=414 DrugCount=0
2026-07-02 18:06:16,386 [INFO] Drop=6 Q=4 Slot=None Device=None System=414 DrugCount=0
2026-07-02 18:06:16,386 [INFO]   POSTing drop 6 (slots: 17)...
2026-07-02 18:06:16,386 [INFO] ================================================================================
2026-07-02 18:06:16,386 [INFO] PVS REQUEST: drop=6, station_type=21, station_id=21000
2026-07-02 18:06:16,386 [INFO] Quadrant 1: slot=None device=None system=414 drug_count=0
2026-07-02 18:06:16,386 [INFO] Quadrant 2: slot=17 device=2 system=414 drug_count=1
2026-07-02 18:06:16,386 [INFO] Quadrant 3: slot=None device=None system=414 drug_count=0
2026-07-02 18:06:16,386 [INFO] Quadrant 4: slot=None device=None system=414 drug_count=0
2026-07-02 18:06:16,400 [INFO] PVS HTTP Status: 200
2026-07-02 18:06:18,407 [INFO] PVS RESPONSE: {
  "status": "success",
  "station_type": 21,
  "station_id": 21000
}
2026-07-02 18:06:18,407 [INFO] ================================================================================
2026-07-02 18:06:18,407 [INFO]     PVS response: {'status': 'success', 'station_type': 21, 'station_id': 21000}
2026-07-02 18:06:18,407 [INFO]   Initialising vision system (station_type=21, station_id=21000)...
2026-07-02 18:06:18,571 [INFO]   Init HTTP status: 200
2026-07-02 18:06:18,571 [INFO]   Init response: {
  "status": "success",
  "station_type": 21,
  "station_id": 21000
}
2026-07-02 18:06:18,571 [INFO]   Waiting 5 seconds for vision system to become ready...
2026-07-02 18:06:20,576 [INFO] Drop=7 Q=1 Slot=None Device=None System=414 DrugCount=0
2026-07-02 18:06:20,576 [INFO] Drop=7 Q=2 Slot=13 Device=2 System=414 DrugCount=1
2026-07-02 18:06:20,576 [INFO] Drop=7 Q=3 Slot=None Device=None System=414 DrugCount=0
2026-07-02 18:06:20,576 [INFO] Drop=7 Q=4 Slot=None Device=None System=414 DrugCount=0
2026-07-02 18:06:20,576 [INFO]   POSTing drop 7 (slots: 13)...
2026-07-02 18:06:20,576 [INFO] ================================================================================
2026-07-02 18:06:20,579 [INFO] PVS REQUEST: drop=7, station_type=21, station_id=21000
2026-07-02 18:06:20,579 [INFO] Quadrant 1: slot=None device=None system=414 drug_count=0
2026-07-02 18:06:20,579 [INFO] Quadrant 2: slot=13 device=2 system=414 drug_count=1
2026-07-02 18:06:20,579 [INFO] Quadrant 3: slot=None device=None system=414 drug_count=0
2026-07-02 18:06:20,579 [INFO] Quadrant 4: slot=None device=None system=414 drug_count=0
2026-07-02 18:06:20,591 [INFO] PVS HTTP Status: 200
2026-07-02 18:06:22,592 [INFO] PVS RESPONSE: {
  "status": "success",
  "station_type": 21,
  "station_id": 21000
}
2026-07-02 18:06:22,592 [INFO] ================================================================================
2026-07-02 18:06:22,601 [INFO]     PVS response: {'status': 'success', 'station_type': 21, 'station_id': 21000}
2026-07-02 18:06:22,606 [INFO]   Initialising vision system (station_type=21, station_id=21000)...
2026-07-02 18:06:22,711 [INFO]   Init HTTP status: 200
2026-07-02 18:06:22,711 [INFO]   Init response: {
  "status": "success",
  "station_type": 21,
  "station_id": 21000
}
2026-07-02 18:06:22,711 [INFO]   Waiting 5 seconds for vision system to become ready...
2026-07-02 18:06:24,718 [INFO] Drop=8 Q=1 Slot=None Device=None System=414 DrugCount=0
2026-07-02 18:06:24,718 [INFO] Drop=8 Q=2 Slot=9 Device=2 System=414 DrugCount=1
2026-07-02 18:06:24,718 [INFO] Drop=8 Q=3 Slot=None Device=None System=414 DrugCount=0
2026-07-02 18:06:24,718 [INFO] Drop=8 Q=4 Slot=None Device=None System=414 DrugCount=0
2026-07-02 18:06:24,721 [INFO]   POSTing drop 8 (slots: 9)...
2026-07-02 18:06:24,721 [INFO] ================================================================================
2026-07-02 18:06:24,721 [INFO] PVS REQUEST: drop=8, station_type=21, station_id=21000
2026-07-02 18:06:24,721 [INFO] Quadrant 1: slot=None device=None system=414 drug_count=0
2026-07-02 18:06:24,723 [INFO] Quadrant 2: slot=9 device=2 system=414 drug_count=1
2026-07-02 18:06:24,723 [INFO] Quadrant 3: slot=None device=None system=414 drug_count=0
2026-07-02 18:06:24,723 [INFO] Quadrant 4: slot=None device=None system=414 drug_count=0
2026-07-02 18:06:24,741 [INFO] PVS HTTP Status: 200
2026-07-02 18:06:26,750 [INFO] PVS RESPONSE: {
  "status": "success",
  "station_type": 21,
  "station_id": 21000
}
2026-07-02 18:06:26,751 [INFO] ================================================================================
2026-07-02 18:06:26,751 [INFO]     PVS response: {'status': 'success', 'station_type': 21, 'station_id': 21000}
2026-07-02 18:06:26,751 [INFO]   Initialising vision system (station_type=21, station_id=21000)...
2026-07-02 18:06:26,883 [INFO]   Init HTTP status: 200
2026-07-02 18:06:26,883 [INFO]   Init response: {
  "status": "success",
  "station_type": 21,
  "station_id": 21000
}
2026-07-02 18:06:26,883 [INFO]   Waiting 5 seconds for vision system to become ready...
2026-07-02 18:06:28,888 [INFO] Drop=9 Q=1 Slot=None Device=None System=414 DrugCount=0
2026-07-02 18:06:28,888 [INFO] Drop=9 Q=2 Slot=5 Device=2 System=414 DrugCount=1
2026-07-02 18:06:28,888 [INFO] Drop=9 Q=3 Slot=None Device=None System=414 DrugCount=0
2026-07-02 18:06:28,888 [INFO] Drop=9 Q=4 Slot=None Device=None System=414 DrugCount=0
2026-07-02 18:06:28,888 [INFO]   POSTing drop 9 (slots: 5)...
2026-07-02 18:06:28,891 [INFO] ================================================================================
2026-07-02 18:06:28,891 [INFO] PVS REQUEST: drop=9, station_type=21, station_id=21000
2026-07-02 18:06:28,891 [INFO] Quadrant 1: slot=None device=None system=414 drug_count=0
2026-07-02 18:06:28,891 [INFO] Quadrant 2: slot=5 device=2 system=414 drug_count=1
2026-07-02 18:06:28,891 [INFO] Quadrant 3: slot=None device=None system=414 drug_count=0
2026-07-02 18:06:28,891 [INFO] Quadrant 4: slot=None device=None system=414 drug_count=0
2026-07-02 18:06:28,909 [INFO] PVS HTTP Status: 200
2026-07-02 18:06:30,911 [INFO] PVS RESPONSE: {
  "status": "success",
  "station_type": 21,
  "station_id": 21000
}
2026-07-02 18:06:30,911 [INFO] ================================================================================
2026-07-02 18:06:30,911 [INFO]     PVS response: {'status': 'success', 'station_type': 21, 'station_id': 21000}
2026-07-02 18:06:30,911 [INFO]   Initialising vision system (station_type=21, station_id=21000)...
2026-07-02 18:06:31,031 [INFO]   Init HTTP status: 200
2026-07-02 18:06:31,031 [INFO]   Init response: {
  "status": "success",
  "station_type": 21,
  "station_id": 21000
}
2026-07-02 18:06:31,031 [INFO]   Waiting 5 seconds for vision system to become ready...
2026-07-02 18:06:33,037 [INFO] Drop=10 Q=1 Slot=None Device=None System=414 DrugCount=0
2026-07-02 18:06:33,041 [INFO] Drop=10 Q=2 Slot=1 Device=2 System=414 DrugCount=1
2026-07-02 18:06:33,051 [INFO] Drop=10 Q=3 Slot=None Device=None System=414 DrugCount=0
2026-07-02 18:06:33,057 [INFO] Drop=10 Q=4 Slot=None Device=None System=414 DrugCount=0
2026-07-02 18:06:33,057 [INFO]   POSTing drop 10 (slots: 1)...
2026-07-02 18:06:33,061 [INFO] ================================================================================
2026-07-02 18:06:33,061 [INFO] PVS REQUEST: drop=10, station_type=21, station_id=21000
2026-07-02 18:06:33,066 [INFO] Quadrant 1: slot=None device=None system=414 drug_count=0
2026-07-02 18:06:33,074 [INFO] Quadrant 2: slot=1 device=2 system=414 drug_count=1
2026-07-02 18:06:33,074 [INFO] Quadrant 3: slot=None device=None system=414 drug_count=0
2026-07-02 18:06:33,074 [INFO] Quadrant 4: slot=None device=None system=414 drug_count=0
2026-07-02 18:06:33,101 [INFO] PVS HTTP Status: 200
2026-07-02 18:06:35,106 [INFO] PVS RESPONSE: {
  "status": "success",
  "station_type": 21,
  "station_id": 21000
}
2026-07-02 18:06:35,106 [INFO] ================================================================================
2026-07-02 18:06:35,106 [INFO]     PVS response: {'status': 'success', 'station_type': 21, 'station_id': 21000}
2026-07-02 18:06:35,106 [INFO]   Initialising vision system (station_type=21, station_id=21000)...
2026-07-02 18:06:35,201 [INFO]   Init HTTP status: 200
2026-07-02 18:06:35,201 [INFO]   Init response: {
  "status": "success",
  "station_type": 21,
  "station_id": 21000
}
2026-07-02 18:06:35,201 [INFO]   Waiting 5 seconds for vision system to become ready...
2026-07-02 18:06:37,209 [INFO] Drop=11 Q=1 Slot=26 Device=2 System=414 DrugCount=1
2026-07-02 18:06:37,209 [INFO] Drop=11 Q=2 Slot=26 Device=None System=414 DrugCount=4
2026-07-02 18:06:37,209 [INFO] Drop=11 Q=3 Slot=26 Device=2 System=414 DrugCount=1
2026-07-02 18:06:37,211 [INFO] Drop=11 Q=4 Slot=None Device=None System=414 DrugCount=0
2026-07-02 18:06:37,211 [INFO]   POSTing drop 11 (slots: 26, 26, 26)...
2026-07-02 18:06:37,211 [INFO] ================================================================================
2026-07-02 18:06:37,212 [INFO] PVS REQUEST: drop=11, station_type=21, station_id=21000
2026-07-02 18:06:37,212 [INFO] Quadrant 1: slot=26 device=2 system=414 drug_count=1
2026-07-02 18:06:37,212 [INFO] Quadrant 2: slot=26 device=None system=414 drug_count=4
2026-07-02 18:06:37,212 [INFO] Quadrant 3: slot=26 device=2 system=414 drug_count=1
2026-07-02 18:06:37,212 [INFO] Quadrant 4: slot=None device=None system=414 drug_count=0
2026-07-02 18:06:37,251 [INFO] PVS HTTP Status: 200
2026-07-02 18:06:39,259 [INFO] PVS RESPONSE: {
  "status": "success",
  "station_type": 21,
  "station_id": 21000
}
2026-07-02 18:06:39,259 [INFO] ================================================================================
2026-07-02 18:06:39,259 [INFO]     PVS response: {'status': 'success', 'station_type': 21, 'station_id': 21000}
2026-07-02 18:06:39,259 [INFO]   Initialising vision system (station_type=21, station_id=21000)...
2026-07-02 18:06:39,671 [INFO]   Init HTTP status: 200
2026-07-02 18:06:39,676 [INFO]   Init response: {
  "status": "success",
  "station_type": 21,
  "station_id": 21000
}
2026-07-02 18:06:39,676 [INFO]   Waiting 5 seconds for vision system to become ready...
2026-07-02 18:06:41,679 [INFO] Drop=12 Q=1 Slot=None Device=None System=414 DrugCount=0
2026-07-02 18:06:41,681 [INFO] Drop=12 Q=2 Slot=28 Device=None System=414 DrugCount=2
2026-07-02 18:06:41,683 [INFO] Drop=12 Q=3 Slot=28 Device=2 System=414 DrugCount=1
2026-07-02 18:06:41,686 [INFO] Drop=12 Q=4 Slot=None Device=None System=414 DrugCount=0
2026-07-02 18:06:41,690 [INFO]   POSTing drop 12 (slots: 28, 28)...
2026-07-02 18:06:41,693 [INFO] ================================================================================
2026-07-02 18:06:41,695 [INFO] PVS REQUEST: drop=12, station_type=21, station_id=21000
2026-07-02 18:06:41,696 [INFO] Quadrant 1: slot=None device=None system=414 drug_count=0
2026-07-02 18:06:41,696 [INFO] Quadrant 2: slot=28 device=None system=414 drug_count=2
2026-07-02 18:06:41,697 [INFO] Quadrant 3: slot=28 device=2 system=414 drug_count=1
2026-07-02 18:06:41,698 [INFO] Quadrant 4: slot=None device=None system=414 drug_count=0
2026-07-02 18:06:41,725 [INFO] PVS HTTP Status: 200
2026-07-02 18:06:43,726 [INFO] PVS RESPONSE: {
  "status": "success",
  "station_type": 21,
  "station_id": 21000
}
2026-07-02 18:06:43,726 [INFO] ================================================================================
2026-07-02 18:06:43,726 [INFO]     PVS response: {'status': 'success', 'station_type': 21, 'station_id': 21000}
2026-07-02 18:06:43,727 [INFO]   Initialising vision system (station_type=21, station_id=21000)...
2026-07-02 18:06:43,953 [INFO]   Init HTTP status: 200
2026-07-02 18:06:43,953 [INFO]   Init response: {
  "status": "success",
  "station_type": 21,
  "station_id": 21000
}
2026-07-02 18:06:43,953 [INFO]   Waiting 5 seconds for vision system to become ready...
2026-07-02 18:06:45,956 [INFO] Drop=13 Q=1 Slot=22 Device=2 System=414 DrugCount=1
2026-07-02 18:06:45,956 [INFO] Drop=13 Q=2 Slot=22 Device=None System=414 DrugCount=4
2026-07-02 18:06:45,957 [INFO] Drop=13 Q=3 Slot=22 Device=2 System=414 DrugCount=1
2026-07-02 18:06:45,957 [INFO] Drop=13 Q=4 Slot=None Device=None System=414 DrugCount=0
2026-07-02 18:06:45,957 [INFO]   POSTing drop 13 (slots: 22, 22, 22)...
2026-07-02 18:06:45,957 [INFO] ================================================================================
2026-07-02 18:06:45,958 [INFO] PVS REQUEST: drop=13, station_type=21, station_id=21000
2026-07-02 18:06:45,958 [INFO] Quadrant 1: slot=22 device=2 system=414 drug_count=1
2026-07-02 18:06:45,958 [INFO] Quadrant 2: slot=22 device=None system=414 drug_count=4
2026-07-02 18:06:45,958 [INFO] Quadrant 3: slot=22 device=2 system=414 drug_count=1
2026-07-02 18:06:45,958 [INFO] Quadrant 4: slot=None device=None system=414 drug_count=0
2026-07-02 18:06:45,989 [INFO] PVS HTTP Status: 200
2026-07-02 18:06:47,991 [INFO] PVS RESPONSE: {
  "status": "success",
  "station_type": 21,
  "station_id": 21000
}
2026-07-02 18:06:47,991 [INFO] ================================================================================
2026-07-02 18:06:47,994 [INFO]     PVS response: {'status': 'success', 'station_type': 21, 'station_id': 21000}
2026-07-02 18:06:47,994 [INFO]   Initialising vision system (station_type=21, station_id=21000)...
2026-07-02 18:06:48,163 [INFO]   Init HTTP status: 200
2026-07-02 18:06:48,163 [INFO]   Init response: {
  "status": "success",
  "station_type": 21,
  "station_id": 21000
}
2026-07-02 18:06:48,163 [INFO]   Waiting 5 seconds for vision system to become ready...
2026-07-02 18:06:50,167 [INFO] Drop=14 Q=1 Slot=None Device=None System=414 DrugCount=0
2026-07-02 18:06:50,167 [INFO] Drop=14 Q=2 Slot=24 Device=None System=414 DrugCount=2
2026-07-02 18:06:50,167 [INFO] Drop=14 Q=3 Slot=24 Device=2 System=414 DrugCount=1
2026-07-02 18:06:50,168 [INFO] Drop=14 Q=4 Slot=None Device=None System=414 DrugCount=0
2026-07-02 18:06:50,168 [INFO]   POSTing drop 14 (slots: 24, 24)...
2026-07-02 18:06:50,168 [INFO] ================================================================================
2026-07-02 18:06:50,169 [INFO] PVS REQUEST: drop=14, station_type=21, station_id=21000
2026-07-02 18:06:50,169 [INFO] Quadrant 1: slot=None device=None system=414 drug_count=0
2026-07-02 18:06:50,169 [INFO] Quadrant 2: slot=24 device=None system=414 drug_count=2
2026-07-02 18:06:50,169 [INFO] Quadrant 3: slot=24 device=2 system=414 drug_count=1
2026-07-02 18:06:50,169 [INFO] Quadrant 4: slot=None device=None system=414 drug_count=0
2026-07-02 18:06:50,183 [INFO] PVS HTTP Status: 200
2026-07-02 18:06:52,186 [INFO] PVS RESPONSE: {
  "status": "success",
  "station_type": 21,
  "station_id": 21000
}
2026-07-02 18:06:52,186 [INFO] ================================================================================
2026-07-02 18:06:52,187 [INFO]     PVS response: {'status': 'success', 'station_type': 21, 'station_id': 21000}
2026-07-02 18:06:52,188 [INFO]   Initialising vision system (station_type=21, station_id=21000)...
2026-07-02 18:06:52,401 [INFO]   Init HTTP status: 200
2026-07-02 18:06:52,401 [INFO]   Init response: {
  "status": "success",
  "station_type": 21,
  "station_id": 21000
}
2026-07-02 18:06:52,401 [INFO]   Waiting 5 seconds for vision system to become ready...
2026-07-02 18:06:54,408 [INFO] Drop=15 Q=1 Slot=18 Device=2 System=414 DrugCount=1
2026-07-02 18:06:54,409 [INFO] Drop=15 Q=2 Slot=18 Device=None System=414 DrugCount=4
2026-07-02 18:06:54,410 [INFO] Drop=15 Q=3 Slot=18 Device=2 System=414 DrugCount=1
2026-07-02 18:06:54,411 [INFO] Drop=15 Q=4 Slot=None Device=None System=414 DrugCount=0
2026-07-02 18:06:54,412 [INFO]   POSTing drop 15 (slots: 18, 18, 18)...
2026-07-02 18:06:54,413 [INFO] ================================================================================
2026-07-02 18:06:54,414 [INFO] PVS REQUEST: drop=15, station_type=21, station_id=21000
2026-07-02 18:06:54,415 [INFO] Quadrant 1: slot=18 device=2 system=414 drug_count=1
2026-07-02 18:06:54,416 [INFO] Quadrant 2: slot=18 device=None system=414 drug_count=4
2026-07-02 18:06:54,417 [INFO] Quadrant 3: slot=18 device=2 system=414 drug_count=1
2026-07-02 18:06:54,418 [INFO] Quadrant 4: slot=None device=None system=414 drug_count=0
2026-07-02 18:06:54,944 [INFO] PVS HTTP Status: 200
2026-07-02 18:06:56,946 [INFO] PVS RESPONSE: {
  "status": "success",
  "station_type": 21,
  "station_id": 21000
}
2026-07-02 18:06:56,946 [INFO] ================================================================================
2026-07-02 18:06:56,947 [INFO]     PVS response: {'status': 'success', 'station_type': 21, 'station_id': 21000}
2026-07-02 18:06:56,947 [INFO]   Initialising vision system (station_type=21, station_id=21000)...
2026-07-02 18:06:57,687 [INFO]   Init HTTP status: 200
2026-07-02 18:06:57,688 [INFO]   Init response: {
  "status": "success",
  "station_type": 21,
  "station_id": 21000
}
2026-07-02 18:06:57,690 [INFO]   Waiting 5 seconds for vision system to become ready...
2026-07-02 18:06:59,691 [INFO] Drop=16 Q=1 Slot=None Device=None System=414 DrugCount=0
2026-07-02 18:06:59,691 [INFO] Drop=16 Q=2 Slot=20 Device=None System=414 DrugCount=2
2026-07-02 18:06:59,691 [INFO] Drop=16 Q=3 Slot=20 Device=2 System=414 DrugCount=1
2026-07-02 18:06:59,691 [INFO] Drop=16 Q=4 Slot=None Device=None System=414 DrugCount=0
2026-07-02 18:06:59,691 [INFO]   POSTing drop 16 (slots: 20, 20)...
2026-07-02 18:06:59,691 [INFO] ================================================================================
2026-07-02 18:06:59,691 [INFO] PVS REQUEST: drop=16, station_type=21, station_id=21000
2026-07-02 18:06:59,691 [INFO] Quadrant 1: slot=None device=None system=414 drug_count=0
2026-07-02 18:06:59,691 [INFO] Quadrant 2: slot=20 device=None system=414 drug_count=2
2026-07-02 18:06:59,691 [INFO] Quadrant 3: slot=20 device=2 system=414 drug_count=1
2026-07-02 18:06:59,691 [INFO] Quadrant 4: slot=None device=None system=414 drug_count=0
2026-07-02 18:06:59,711 [INFO] PVS HTTP Status: 200
2026-07-02 18:07:01,719 [INFO] PVS RESPONSE: {
  "status": "success",
  "station_type": 21,
  "station_id": 21000
}
2026-07-02 18:07:01,720 [INFO] ================================================================================
2026-07-02 18:07:01,721 [INFO]     PVS response: {'status': 'success', 'station_type': 21, 'station_id': 21000}
2026-07-02 18:07:01,721 [INFO]   Initialising vision system (station_type=21, station_id=21000)...
2026-07-02 18:07:01,842 [INFO]   Init HTTP status: 200
2026-07-02 18:07:01,843 [INFO]   Init response: {
  "status": "success",
  "station_type": 21,
  "station_id": 21000
}
2026-07-02 18:07:01,845 [INFO]   Waiting 5 seconds for vision system to become ready...
2026-07-02 18:07:03,847 [INFO] Drop=17 Q=1 Slot=14 Device=2 System=414 DrugCount=1
2026-07-02 18:07:03,847 [INFO] Drop=17 Q=2 Slot=14 Device=None System=414 DrugCount=4
2026-07-02 18:07:03,847 [INFO] Drop=17 Q=3 Slot=14 Device=2 System=414 DrugCount=1
2026-07-02 18:07:03,847 [INFO] Drop=17 Q=4 Slot=None Device=None System=414 DrugCount=0
2026-07-02 18:07:03,847 [INFO]   POSTing drop 17 (slots: 14, 14, 14)...
2026-07-02 18:07:03,847 [INFO] ================================================================================
2026-07-02 18:07:03,847 [INFO] PVS REQUEST: drop=17, station_type=21, station_id=21000
2026-07-02 18:07:03,847 [INFO] Quadrant 1: slot=14 device=2 system=414 drug_count=1
2026-07-02 18:07:03,847 [INFO] Quadrant 2: slot=14 device=None system=414 drug_count=4
2026-07-02 18:07:03,851 [INFO] Quadrant 3: slot=14 device=2 system=414 drug_count=1
2026-07-02 18:07:03,851 [INFO] Quadrant 4: slot=None device=None system=414 drug_count=0
2026-07-02 18:07:03,884 [INFO] PVS HTTP Status: 200
2026-07-02 18:07:05,886 [INFO] PVS RESPONSE: {
  "status": "success",
  "station_type": 21,
  "station_id": 21000
}
2026-07-02 18:07:05,886 [INFO] ================================================================================
2026-07-02 18:07:05,886 [INFO]     PVS response: {'status': 'success', 'station_type': 21, 'station_id': 21000}
2026-07-02 18:07:05,886 [INFO]   Initialising vision system (station_type=21, station_id=21000)...
2026-07-02 18:07:06,027 [INFO]   Init HTTP status: 200
2026-07-02 18:07:06,027 [INFO]   Init response: {
  "status": "success",
  "station_type": 21,
  "station_id": 21000
}
2026-07-02 18:07:06,028 [INFO]   Waiting 5 seconds for vision system to become ready...
2026-07-02 18:07:08,030 [INFO] Drop=18 Q=1 Slot=None Device=None System=414 DrugCount=0
2026-07-02 18:07:08,030 [INFO] Drop=18 Q=2 Slot=16 Device=None System=414 DrugCount=2
2026-07-02 18:07:08,030 [INFO] Drop=18 Q=3 Slot=16 Device=2 System=414 DrugCount=1
2026-07-02 18:07:08,030 [INFO] Drop=18 Q=4 Slot=None Device=None System=414 DrugCount=0
2026-07-02 18:07:08,031 [INFO]   POSTing drop 18 (slots: 16, 16)...
2026-07-02 18:07:08,031 [INFO] ================================================================================
2026-07-02 18:07:08,031 [INFO] PVS REQUEST: drop=18, station_type=21, station_id=21000
2026-07-02 18:07:08,031 [INFO] Quadrant 1: slot=None device=None system=414 drug_count=0
2026-07-02 18:07:08,031 [INFO] Quadrant 2: slot=16 device=None system=414 drug_count=2
2026-07-02 18:07:08,031 [INFO] Quadrant 3: slot=16 device=2 system=414 drug_count=1
2026-07-02 18:07:08,031 [INFO] Quadrant 4: slot=None device=None system=414 drug_count=0
2026-07-02 18:07:08,063 [INFO] PVS HTTP Status: 200
2026-07-02 18:07:10,065 [INFO] PVS RESPONSE: {
  "status": "success",
  "station_type": 21,
  "station_id": 21000
}
2026-07-02 18:07:10,065 [INFO] ================================================================================
2026-07-02 18:07:10,065 [INFO]     PVS response: {'status': 'success', 'station_type': 21, 'station_id': 21000}
2026-07-02 18:07:10,065 [INFO]   Initialising vision system (station_type=21, station_id=21000)...
2026-07-02 18:07:10,274 [INFO]   Init HTTP status: 200
2026-07-02 18:07:10,281 [INFO]   Init response: {
  "status": "success",
  "station_type": 21,
  "station_id": 21000
}
2026-07-02 18:07:10,281 [INFO]   Waiting 5 seconds for vision system to become ready...
2026-07-02 18:07:12,285 [INFO] Drop=19 Q=1 Slot=10 Device=2 System=414 DrugCount=1
2026-07-02 18:07:12,285 [INFO] Drop=19 Q=2 Slot=10 Device=None System=414 DrugCount=4
2026-07-02 18:07:12,285 [INFO] Drop=19 Q=3 Slot=10 Device=2 System=414 DrugCount=1
2026-07-02 18:07:12,285 [INFO] Drop=19 Q=4 Slot=None Device=None System=414 DrugCount=0
2026-07-02 18:07:12,285 [INFO]   POSTing drop 19 (slots: 10, 10, 10)...
2026-07-02 18:07:12,285 [INFO] ================================================================================
2026-07-02 18:07:12,285 [INFO] PVS REQUEST: drop=19, station_type=21, station_id=21000
2026-07-02 18:07:12,285 [INFO] Quadrant 1: slot=10 device=2 system=414 drug_count=1
2026-07-02 18:07:12,291 [INFO] Quadrant 2: slot=10 device=None system=414 drug_count=4
2026-07-02 18:07:12,291 [INFO] Quadrant 3: slot=10 device=2 system=414 drug_count=1
2026-07-02 18:07:12,291 [INFO] Quadrant 4: slot=None device=None system=414 drug_count=0
2026-07-02 18:07:12,311 [INFO] PVS HTTP Status: 200
2026-07-02 18:07:14,319 [INFO] PVS RESPONSE: {
  "status": "success",
  "station_type": 21,
  "station_id": 21000
}
2026-07-02 18:07:14,319 [INFO] ================================================================================
2026-07-02 18:07:14,321 [INFO]     PVS response: {'status': 'success', 'station_type': 21, 'station_id': 21000}
2026-07-02 18:07:14,321 [INFO]   Initialising vision system (station_type=21, station_id=21000)...
2026-07-02 18:07:14,481 [INFO]   Init HTTP status: 200
2026-07-02 18:07:14,481 [INFO]   Init response: {
  "status": "success",
  "station_type": 21,
  "station_id": 21000
}
2026-07-02 18:07:14,481 [INFO]   Waiting 5 seconds for vision system to become ready...
2026-07-02 18:07:16,487 [INFO] Drop=20 Q=1 Slot=None Device=None System=414 DrugCount=0
2026-07-02 18:07:16,487 [INFO] Drop=20 Q=2 Slot=12 Device=None System=414 DrugCount=2
2026-07-02 18:07:16,487 [INFO] Drop=20 Q=3 Slot=12 Device=2 System=414 DrugCount=1
2026-07-02 18:07:16,487 [INFO] Drop=20 Q=4 Slot=None Device=None System=414 DrugCount=0
2026-07-02 18:07:16,491 [INFO]   POSTing drop 20 (slots: 12, 12)...
2026-07-02 18:07:16,491 [INFO] ================================================================================
2026-07-02 18:07:16,491 [INFO] PVS REQUEST: drop=20, station_type=21, station_id=21000
2026-07-02 18:07:16,491 [INFO] Quadrant 1: slot=None device=None system=414 drug_count=0
2026-07-02 18:07:16,495 [INFO] Quadrant 2: slot=12 device=None system=414 drug_count=2
2026-07-02 18:07:16,495 [INFO] Quadrant 3: slot=12 device=2 system=414 drug_count=1
2026-07-02 18:07:16,495 [INFO] Quadrant 4: slot=None device=None system=414 drug_count=0
2026-07-02 18:07:16,511 [INFO] PVS HTTP Status: 200
2026-07-02 18:07:18,520 [INFO] PVS RESPONSE: {
  "status": "success",
  "station_type": 21,
  "station_id": 21000
}
2026-07-02 18:07:18,521 [INFO] ================================================================================
2026-07-02 18:07:18,521 [INFO]     PVS response: {'status': 'success', 'station_type': 21, 'station_id': 21000}
2026-07-02 18:07:18,521 [INFO]   Initialising vision system (station_type=21, station_id=21000)...
2026-07-02 18:07:19,845 [INFO]   Init HTTP status: 200
2026-07-02 18:07:19,851 [INFO]   Init response: {
  "status": "success",
  "station_type": 21,
  "station_id": 21000
}
2026-07-02 18:07:19,851 [INFO]   Waiting 5 seconds for vision system to become ready...
2026-07-02 18:07:21,853 [INFO] Drop=21 Q=1 Slot=6 Device=2 System=414 DrugCount=1
2026-07-02 18:07:21,853 [INFO] Drop=21 Q=2 Slot=6 Device=None System=414 DrugCount=4
2026-07-02 18:07:21,853 [INFO] Drop=21 Q=3 Slot=6 Device=2 System=414 DrugCount=1
2026-07-02 18:07:21,853 [INFO] Drop=21 Q=4 Slot=None Device=None System=414 DrugCount=0
2026-07-02 18:07:21,853 [INFO]   POSTing drop 21 (slots: 6, 6, 6)...
2026-07-02 18:07:21,853 [INFO] ================================================================================
2026-07-02 18:07:21,853 [INFO] PVS REQUEST: drop=21, station_type=21, station_id=21000
2026-07-02 18:07:21,853 [INFO] Quadrant 1: slot=6 device=2 system=414 drug_count=1
2026-07-02 18:07:21,861 [INFO] Quadrant 2: slot=6 device=None system=414 drug_count=4
2026-07-02 18:07:21,861 [INFO] Quadrant 3: slot=6 device=2 system=414 drug_count=1
2026-07-02 18:07:21,861 [INFO] Quadrant 4: slot=None device=None system=414 drug_count=0
2026-07-02 18:07:21,901 [INFO] PVS HTTP Status: 200
2026-07-02 18:07:23,910 [INFO] PVS RESPONSE: {
  "status": "success",
  "station_type": 21,
  "station_id": 21000
}
2026-07-02 18:07:23,911 [INFO] ================================================================================
2026-07-02 18:07:23,911 [INFO]     PVS response: {'status': 'success', 'station_type': 21, 'station_id': 21000}
2026-07-02 18:07:23,911 [INFO]   Initialising vision system (station_type=21, station_id=21000)...
2026-07-02 18:07:24,091 [INFO]   Init HTTP status: 200
2026-07-02 18:07:24,091 [INFO]   Init response: {
  "status": "success",
  "station_type": 21,
  "station_id": 21000
}
2026-07-02 18:07:24,097 [INFO]   Waiting 5 seconds for vision system to become ready...
2026-07-02 18:07:26,100 [INFO] Drop=22 Q=1 Slot=None Device=None System=414 DrugCount=0
2026-07-02 18:07:26,101 [INFO] Drop=22 Q=2 Slot=8 Device=None System=414 DrugCount=2
2026-07-02 18:07:26,101 [INFO] Drop=22 Q=3 Slot=8 Device=2 System=414 DrugCount=1
2026-07-02 18:07:26,101 [INFO] Drop=22 Q=4 Slot=None Device=None System=414 DrugCount=0
2026-07-02 18:07:26,101 [INFO]   POSTing drop 22 (slots: 8, 8)...
2026-07-02 18:07:26,101 [INFO] ================================================================================
2026-07-02 18:07:26,101 [INFO] PVS REQUEST: drop=22, station_type=21, station_id=21000
2026-07-02 18:07:26,101 [INFO] Quadrant 1: slot=None device=None system=414 drug_count=0
2026-07-02 18:07:26,101 [INFO] Quadrant 2: slot=8 device=None system=414 drug_count=2
2026-07-02 18:07:26,101 [INFO] Quadrant 3: slot=8 device=2 system=414 drug_count=1
2026-07-02 18:07:26,101 [INFO] Quadrant 4: slot=None device=None system=414 drug_count=0
2026-07-02 18:07:26,124 [INFO] PVS HTTP Status: 200
2026-07-02 18:07:28,131 [INFO] PVS RESPONSE: {
  "status": "success",
  "station_type": 21,
  "station_id": 21000
}
2026-07-02 18:07:28,131 [INFO] ================================================================================
2026-07-02 18:07:28,131 [INFO]     PVS response: {'status': 'success', 'station_type': 21, 'station_id': 21000}
2026-07-02 18:07:28,131 [INFO]   Initialising vision system (station_type=21, station_id=21000)...
2026-07-02 18:07:28,394 [INFO]   Init HTTP status: 200
2026-07-02 18:07:28,395 [INFO]   Init response: {
  "status": "success",
  "station_type": 21,
  "station_id": 21000
}
2026-07-02 18:07:28,395 [INFO]   Waiting 5 seconds for vision system to become ready...
2026-07-02 18:07:30,396 [INFO] Drop=23 Q=1 Slot=2 Device=2 System=414 DrugCount=1
2026-07-02 18:07:30,396 [INFO] Drop=23 Q=2 Slot=2 Device=None System=414 DrugCount=4
2026-07-02 18:07:30,396 [INFO] Drop=23 Q=3 Slot=2 Device=2 System=414 DrugCount=1
2026-07-02 18:07:30,396 [INFO] Drop=23 Q=4 Slot=None Device=None System=414 DrugCount=0
2026-07-02 18:07:30,396 [INFO]   POSTing drop 23 (slots: 2, 2, 2)...
2026-07-02 18:07:30,396 [INFO] ================================================================================
2026-07-02 18:07:30,396 [INFO] PVS REQUEST: drop=23, station_type=21, station_id=21000
2026-07-02 18:07:30,396 [INFO] Quadrant 1: slot=2 device=2 system=414 drug_count=1
2026-07-02 18:07:30,396 [INFO] Quadrant 2: slot=2 device=None system=414 drug_count=4
2026-07-02 18:07:30,396 [INFO] Quadrant 3: slot=2 device=2 system=414 drug_count=1
2026-07-02 18:07:30,396 [INFO] Quadrant 4: slot=None device=None system=414 drug_count=0
2026-07-02 18:07:30,423 [INFO] PVS HTTP Status: 200
2026-07-02 18:07:32,425 [INFO] PVS RESPONSE: {
  "status": "success",
  "station_type": 21,
  "station_id": 21000
}
2026-07-02 18:07:32,425 [INFO] ================================================================================
2026-07-02 18:07:32,425 [INFO]     PVS response: {'status': 'success', 'station_type': 21, 'station_id': 21000}
2026-07-02 18:07:32,425 [INFO]   Initialising vision system (station_type=21, station_id=21000)...
2026-07-02 18:07:32,575 [INFO]   Init HTTP status: 200
2026-07-02 18:07:32,575 [INFO]   Init response: {
  "status": "success",
  "station_type": 21,
  "station_id": 21000
}
2026-07-02 18:07:32,575 [INFO]   Waiting 5 seconds for vision system to become ready...
2026-07-02 18:07:34,578 [INFO] Drop=24 Q=1 Slot=None Device=None System=414 DrugCount=0
2026-07-02 18:07:34,578 [INFO] Drop=24 Q=2 Slot=4 Device=None System=414 DrugCount=2
2026-07-02 18:07:34,578 [INFO] Drop=24 Q=3 Slot=4 Device=2 System=414 DrugCount=1
2026-07-02 18:07:34,578 [INFO] Drop=24 Q=4 Slot=None Device=None System=414 DrugCount=0
2026-07-02 18:07:34,578 [INFO]   POSTing drop 24 (slots: 4, 4)...
2026-07-02 18:07:34,578 [INFO] ================================================================================
2026-07-02 18:07:34,578 [INFO] PVS REQUEST: drop=24, station_type=21, station_id=21000
2026-07-02 18:07:34,578 [INFO] Quadrant 1: slot=None device=None system=414 drug_count=0
2026-07-02 18:07:34,578 [INFO] Quadrant 2: slot=4 device=None system=414 drug_count=2
2026-07-02 18:07:34,578 [INFO] Quadrant 3: slot=4 device=2 system=414 drug_count=1
2026-07-02 18:07:34,578 [INFO] Quadrant 4: slot=None device=None system=414 drug_count=0
2026-07-02 18:07:34,611 [INFO] PVS HTTP Status: 200
2026-07-02 18:07:36,613 [INFO] PVS RESPONSE: {
  "status": "success",
  "station_type": 21,
  "station_id": 21000
}
2026-07-02 18:07:36,615 [INFO] ================================================================================
2026-07-02 18:07:36,615 [INFO]     PVS response: {'status': 'success', 'station_type': 21, 'station_id': 21000}
2026-07-02 18:07:37,551 [INFO] Using cached token
2026-07-02 18:07:37,551 [INFO] Trying pack 164780 with device_id=2, system_id=414, company_id=4
2026-07-02 18:07:37,551 [INFO]   Fetching details for pack 164780
2026-07-02 18:07:38,827 [WARNING] device_id=2 generated 0 payloads, trying next device
2026-07-02 18:07:38,831 [INFO] Trying pack 164780 with device_id=3, system_id=414, company_id=4
2026-07-02 18:07:38,831 [INFO]   Fetching details for pack 164780
2026-07-02 18:07:39,671 [INFO] Pack 164780 valid using device_id=3 (14 payloads generated)
2026-07-02 18:07:39,671 [INFO] --- Processing pack 164780 (device=3, system=414) ---
2026-07-02 18:07:39,671 [INFO]   Fetching details for pack 164780
2026-07-02 18:07:40,241 [INFO]   Generated 14 drop payload(s)
2026-07-02 18:07:40,241 [INFO]   Initialising vision system (station_type=21, station_id=21000)...
2026-07-02 18:07:40,275 [INFO]   Init HTTP status: 200
2026-07-02 18:07:40,275 [INFO]   Init response: {
  "status": "success",
  "station_type": 21,
  "station_id": 21000
}
2026-07-02 18:07:40,275 [INFO]   Waiting 5 seconds for vision system to become ready...
2026-07-02 18:07:42,278 [INFO] Drop=1 Q=1 Slot=25 Device=3 System=414 DrugCount=3
2026-07-02 18:07:42,278 [INFO] Drop=1 Q=2 Slot=None Device=None System=414 DrugCount=0
2026-07-02 18:07:42,278 [INFO] Drop=1 Q=3 Slot=None Device=None System=414 DrugCount=0
2026-07-02 18:07:42,278 [INFO] Drop=1 Q=4 Slot=None Device=None System=414 DrugCount=0
2026-07-02 18:07:42,278 [INFO]   POSTing drop 1 (slots: 25)...
2026-07-02 18:07:42,278 [INFO] ================================================================================
2026-07-02 18:07:42,278 [INFO] PVS REQUEST: drop=1, station_type=21, station_id=21000
2026-07-02 18:07:42,278 [INFO] Quadrant 1: slot=25 device=3 system=414 drug_count=3
2026-07-02 18:07:42,278 [INFO] Quadrant 2: slot=None device=None system=414 drug_count=0
2026-07-02 18:07:42,280 [INFO] Quadrant 3: slot=None device=None system=414 drug_count=0
2026-07-02 18:07:42,280 [INFO] Quadrant 4: slot=None device=None system=414 drug_count=0
2026-07-02 18:07:42,301 [INFO] PVS HTTP Status: 200
2026-07-02 18:07:44,304 [INFO] PVS RESPONSE: {
  "status": "success",
  "station_type": 21,
  "station_id": 21000
}
2026-07-02 18:07:44,304 [INFO] ================================================================================
2026-07-02 18:07:44,305 [INFO]     PVS response: {'status': 'success', 'station_type': 21, 'station_id': 21000}
2026-07-02 18:07:44,305 [INFO]   Initialising vision system (station_type=21, station_id=21000)...
2026-07-02 18:07:44,471 [INFO]   Init HTTP status: 200
2026-07-02 18:07:44,471 [INFO]   Init response: {
  "status": "success",
  "station_type": 21,
  "station_id": 21000
}
2026-07-02 18:07:44,471 [INFO]   Waiting 5 seconds for vision system to become ready...
2026-07-02 18:07:46,475 [INFO] Drop=2 Q=1 Slot=27 Device=3 System=414 DrugCount=2
2026-07-02 18:07:46,475 [INFO] Drop=2 Q=2 Slot=None Device=None System=414 DrugCount=0
2026-07-02 18:07:46,477 [INFO] Drop=2 Q=3 Slot=None Device=None System=414 DrugCount=0
2026-07-02 18:07:46,477 [INFO] Drop=2 Q=4 Slot=None Device=None System=414 DrugCount=0
2026-07-02 18:07:46,477 [INFO]   POSTing drop 2 (slots: 27)...
2026-07-02 18:07:46,481 [INFO] ================================================================================
2026-07-02 18:07:46,481 [INFO] PVS REQUEST: drop=2, station_type=21, station_id=21000
2026-07-02 18:07:46,481 [INFO] Quadrant 1: slot=27 device=3 system=414 drug_count=2
2026-07-02 18:07:46,481 [INFO] Quadrant 2: slot=None device=None system=414 drug_count=0
2026-07-02 18:07:46,487 [INFO] Quadrant 3: slot=None device=None system=414 drug_count=0
2026-07-02 18:07:46,487 [INFO] Quadrant 4: slot=None device=None system=414 drug_count=0
2026-07-02 18:07:46,511 [INFO] PVS HTTP Status: 200
2026-07-02 18:07:48,514 [INFO] PVS RESPONSE: {
  "status": "success",
  "station_type": 21,
  "station_id": 21000
}
2026-07-02 18:07:48,514 [INFO] ================================================================================
2026-07-02 18:07:48,514 [INFO]     PVS response: {'status': 'success', 'station_type': 21, 'station_id': 21000}
2026-07-02 18:07:48,514 [INFO]   Initialising vision system (station_type=21, station_id=21000)...
2026-07-02 18:07:48,745 [INFO]   Init HTTP status: 200
2026-07-02 18:07:48,745 [INFO]   Init response: {
  "status": "success",
  "station_type": 21,
  "station_id": 21000
}
2026-07-02 18:07:48,745 [INFO]   Waiting 5 seconds for vision system to become ready...
2026-07-02 18:07:50,747 [INFO] Drop=3 Q=1 Slot=21 Device=3 System=414 DrugCount=3
2026-07-02 18:07:50,747 [INFO] Drop=3 Q=2 Slot=None Device=None System=414 DrugCount=0
2026-07-02 18:07:50,747 [INFO] Drop=3 Q=3 Slot=None Device=None System=414 DrugCount=0
2026-07-02 18:07:50,747 [INFO] Drop=3 Q=4 Slot=None Device=None System=414 DrugCount=0
2026-07-02 18:07:50,751 [INFO]   POSTing drop 3 (slots: 21)...
2026-07-02 18:07:50,751 [INFO] ================================================================================
2026-07-02 18:07:50,751 [INFO] PVS REQUEST: drop=3, station_type=21, station_id=21000
2026-07-02 18:07:50,751 [INFO] Quadrant 1: slot=21 device=3 system=414 drug_count=3
2026-07-02 18:07:50,751 [INFO] Quadrant 2: slot=None device=None system=414 drug_count=0
2026-07-02 18:07:50,751 [INFO] Quadrant 3: slot=None device=None system=414 drug_count=0
2026-07-02 18:07:50,757 [INFO] Quadrant 4: slot=None device=None system=414 drug_count=0
2026-07-02 18:07:50,812 [INFO] PVS HTTP Status: 200
2026-07-02 18:07:52,817 [INFO] PVS RESPONSE: {
  "status": "success",
  "station_type": 21,
  "station_id": 21000
}
2026-07-02 18:07:52,817 [INFO] ================================================================================
2026-07-02 18:07:52,817 [INFO]     PVS response: {'status': 'success', 'station_type': 21, 'station_id': 21000}
2026-07-02 18:07:52,821 [INFO]   Initialising vision system (station_type=21, station_id=21000)...
2026-07-02 18:07:52,916 [INFO]   Init HTTP status: 200
2026-07-02 18:07:52,916 [INFO]   Init response: {
  "status": "success",
  "station_type": 21,
  "station_id": 21000
}
2026-07-02 18:07:52,921 [INFO]   Waiting 5 seconds for vision system to become ready...
2026-07-02 18:07:54,923 [INFO] Drop=4 Q=1 Slot=23 Device=3 System=414 DrugCount=2
2026-07-02 18:07:54,923 [INFO] Drop=4 Q=2 Slot=None Device=None System=414 DrugCount=0
2026-07-02 18:07:54,923 [INFO] Drop=4 Q=3 Slot=None Device=None System=414 DrugCount=0
2026-07-02 18:07:54,923 [INFO] Drop=4 Q=4 Slot=None Device=None System=414 DrugCount=0
2026-07-02 18:07:54,923 [INFO]   POSTing drop 4 (slots: 23)...
2026-07-02 18:07:54,923 [INFO] ================================================================================
2026-07-02 18:07:54,923 [INFO] PVS REQUEST: drop=4, station_type=21, station_id=21000
2026-07-02 18:07:54,923 [INFO] Quadrant 1: slot=23 device=3 system=414 drug_count=2
2026-07-02 18:07:54,923 [INFO] Quadrant 2: slot=None device=None system=414 drug_count=0
2026-07-02 18:07:54,923 [INFO] Quadrant 3: slot=None device=None system=414 drug_count=0
2026-07-02 18:07:54,923 [INFO] Quadrant 4: slot=None device=None system=414 drug_count=0
2026-07-02 18:07:54,951 [INFO] PVS HTTP Status: 200
2026-07-02 18:07:56,954 [INFO] PVS RESPONSE: {
  "status": "success",
  "station_type": 21,
  "station_id": 21000
}
2026-07-02 18:07:56,954 [INFO] ================================================================================
2026-07-02 18:07:56,954 [INFO]     PVS response: {'status': 'success', 'station_type': 21, 'station_id': 21000}
2026-07-02 18:07:56,954 [INFO]   Initialising vision system (station_type=21, station_id=21000)...
2026-07-02 18:07:57,132 [INFO]   Init HTTP status: 200
2026-07-02 18:07:57,141 [INFO]   Init response: {
  "status": "success",
  "station_type": 21,
  "station_id": 21000
}
2026-07-02 18:07:57,141 [INFO]   Waiting 5 seconds for vision system to become ready...
2026-07-02 18:07:59,144 [INFO] Drop=5 Q=1 Slot=17 Device=3 System=414 DrugCount=3
2026-07-02 18:07:59,144 [INFO] Drop=5 Q=2 Slot=None Device=None System=414 DrugCount=0
2026-07-02 18:07:59,144 [INFO] Drop=5 Q=3 Slot=None Device=None System=414 DrugCount=0
2026-07-02 18:07:59,148 [INFO] Drop=5 Q=4 Slot=None Device=None System=414 DrugCount=0
2026-07-02 18:07:59,148 [INFO]   POSTing drop 5 (slots: 17)...
2026-07-02 18:07:59,148 [INFO] ================================================================================
2026-07-02 18:07:59,151 [INFO] PVS REQUEST: drop=5, station_type=21, station_id=21000
2026-07-02 18:07:59,151 [INFO] Quadrant 1: slot=17 device=3 system=414 drug_count=3
2026-07-02 18:07:59,151 [INFO] Quadrant 2: slot=None device=None system=414 drug_count=0
2026-07-02 18:07:59,151 [INFO] Quadrant 3: slot=None device=None system=414 drug_count=0
2026-07-02 18:07:59,151 [INFO] Quadrant 4: slot=None device=None system=414 drug_count=0
2026-07-02 18:07:59,187 [INFO] PVS HTTP Status: 200
2026-07-02 18:08:01,194 [INFO] PVS RESPONSE: {
  "status": "success",
  "station_type": 21,
  "station_id": 21000
}
2026-07-02 18:08:01,194 [INFO] ================================================================================
2026-07-02 18:08:01,194 [INFO]     PVS response: {'status': 'success', 'station_type': 21, 'station_id': 21000}
2026-07-02 18:08:01,194 [INFO]   Initialising vision system (station_type=21, station_id=21000)...
2026-07-02 18:08:01,282 [INFO]   Init HTTP status: 200
2026-07-02 18:08:01,291 [INFO]   Init response: {
  "status": "success",
  "station_type": 21,
  "station_id": 21000
}
2026-07-02 18:08:01,291 [INFO]   Waiting 5 seconds for vision system to become ready...
2026-07-02 18:08:03,292 [INFO] Drop=6 Q=1 Slot=19 Device=3 System=414 DrugCount=2
2026-07-02 18:08:03,292 [INFO] Drop=6 Q=2 Slot=None Device=None System=414 DrugCount=0
2026-07-02 18:08:03,292 [INFO] Drop=6 Q=3 Slot=None Device=None System=414 DrugCount=0
2026-07-02 18:08:03,292 [INFO] Drop=6 Q=4 Slot=None Device=None System=414 DrugCount=0
2026-07-02 18:08:03,292 [INFO]   POSTing drop 6 (slots: 19)...
2026-07-02 18:08:03,292 [INFO] ================================================================================
2026-07-02 18:08:03,292 [INFO] PVS REQUEST: drop=6, station_type=21, station_id=21000
2026-07-02 18:08:03,292 [INFO] Quadrant 1: slot=19 device=3 system=414 drug_count=2
2026-07-02 18:08:03,292 [INFO] Quadrant 2: slot=None device=None system=414 drug_count=0
2026-07-02 18:08:03,292 [INFO] Quadrant 3: slot=None device=None system=414 drug_count=0
2026-07-02 18:08:03,292 [INFO] Quadrant 4: slot=None device=None system=414 drug_count=0
2026-07-02 18:08:03,311 [INFO] PVS HTTP Status: 200
2026-07-02 18:08:05,315 [INFO] PVS RESPONSE: {
  "status": "success",
  "station_type": 21,
  "station_id": 21000
}
2026-07-02 18:08:05,315 [INFO] ================================================================================
2026-07-02 18:08:05,315 [INFO]     PVS response: {'status': 'success', 'station_type': 21, 'station_id': 21000}
2026-07-02 18:08:05,315 [INFO]   Initialising vision system (station_type=21, station_id=21000)...
2026-07-02 18:08:05,471 [INFO]   Init HTTP status: 200
2026-07-02 18:08:05,471 [INFO]   Init response: {
  "status": "success",
  "station_type": 21,
  "station_id": 21000
}
2026-07-02 18:08:05,471 [INFO]   Waiting 5 seconds for vision system to become ready...
2026-07-02 18:08:07,474 [INFO] Drop=7 Q=1 Slot=13 Device=3 System=414 DrugCount=3
2026-07-02 18:08:07,474 [INFO] Drop=7 Q=2 Slot=None Device=None System=414 DrugCount=0
2026-07-02 18:08:07,477 [INFO] Drop=7 Q=3 Slot=None Device=None System=414 DrugCount=0
2026-07-02 18:08:07,477 [INFO] Drop=7 Q=4 Slot=None Device=None System=414 DrugCount=0
2026-07-02 18:08:07,477 [INFO]   POSTing drop 7 (slots: 13)...
2026-07-02 18:08:07,477 [INFO] ================================================================================
2026-07-02 18:08:07,477 [INFO] PVS REQUEST: drop=7, station_type=21, station_id=21000
2026-07-02 18:08:07,481 [INFO] Quadrant 1: slot=13 device=3 system=414 drug_count=3
2026-07-02 18:08:07,481 [INFO] Quadrant 2: slot=None device=None system=414 drug_count=0
2026-07-02 18:08:07,481 [INFO] Quadrant 3: slot=None device=None system=414 drug_count=0
2026-07-02 18:08:07,481 [INFO] Quadrant 4: slot=None device=None system=414 drug_count=0
2026-07-02 18:08:07,506 [INFO] PVS HTTP Status: 200
2026-07-02 18:08:09,510 [INFO] PVS RESPONSE: {
  "status": "success",
  "station_type": 21,
  "station_id": 21000
}
2026-07-02 18:08:09,512 [INFO] ================================================================================
2026-07-02 18:08:09,512 [INFO]     PVS response: {'status': 'success', 'station_type': 21, 'station_id': 21000}
2026-07-02 18:08:09,512 [INFO]   Initialising vision system (station_type=21, station_id=21000)...
2026-07-02 18:08:09,651 [INFO]   Init HTTP status: 200
2026-07-02 18:08:09,658 [INFO]   Init response: {
  "status": "success",
  "station_type": 21,
  "station_id": 21000
}
2026-07-02 18:08:09,658 [INFO]   Waiting 5 seconds for vision system to become ready...
2026-07-02 18:08:11,660 [INFO] Drop=8 Q=1 Slot=15 Device=3 System=414 DrugCount=2
2026-07-02 18:08:11,662 [INFO] Drop=8 Q=2 Slot=None Device=None System=414 DrugCount=0
2026-07-02 18:08:11,662 [INFO] Drop=8 Q=3 Slot=None Device=None System=414 DrugCount=0
2026-07-02 18:08:11,662 [INFO] Drop=8 Q=4 Slot=None Device=None System=414 DrugCount=0
2026-07-02 18:08:11,662 [INFO]   POSTing drop 8 (slots: 15)...
2026-07-02 18:08:11,662 [INFO] ================================================================================
2026-07-02 18:08:11,662 [INFO] PVS REQUEST: drop=8, station_type=21, station_id=21000
2026-07-02 18:08:11,662 [INFO] Quadrant 1: slot=15 device=3 system=414 drug_count=2
2026-07-02 18:08:11,662 [INFO] Quadrant 2: slot=None device=None system=414 drug_count=0
2026-07-02 18:08:11,662 [INFO] Quadrant 3: slot=None device=None system=414 drug_count=0
2026-07-02 18:08:11,662 [INFO] Quadrant 4: slot=None device=None system=414 drug_count=0
2026-07-02 18:08:11,692 [INFO] PVS HTTP Status: 200
2026-07-02 18:08:13,699 [INFO] PVS RESPONSE: {
  "status": "success",
  "station_type": 21,
  "station_id": 21000
}
2026-07-02 18:08:13,699 [INFO] ================================================================================
2026-07-02 18:08:13,699 [INFO]     PVS response: {'status': 'success', 'station_type': 21, 'station_id': 21000}
2026-07-02 18:08:13,702 [INFO]   Initialising vision system (station_type=21, station_id=21000)...
2026-07-02 18:08:13,845 [INFO]   Init HTTP status: 200
2026-07-02 18:08:13,845 [INFO]   Init response: {
  "status": "success",
  "station_type": 21,
  "station_id": 21000
}
2026-07-02 18:08:13,845 [INFO]   Waiting 5 seconds for vision system to become ready...
2026-07-02 18:08:15,851 [INFO] Drop=9 Q=1 Slot=9 Device=3 System=414 DrugCount=3
2026-07-02 18:08:15,852 [INFO] Drop=9 Q=2 Slot=None Device=None System=414 DrugCount=0
2026-07-02 18:08:15,853 [INFO] Drop=9 Q=3 Slot=None Device=None System=414 DrugCount=0
2026-07-02 18:08:15,853 [INFO] Drop=9 Q=4 Slot=None Device=None System=414 DrugCount=0
2026-07-02 18:08:15,853 [INFO]   POSTing drop 9 (slots: 9)...
2026-07-02 18:08:15,853 [INFO] ================================================================================
2026-07-02 18:08:15,853 [INFO] PVS REQUEST: drop=9, station_type=21, station_id=21000
2026-07-02 18:08:15,853 [INFO] Quadrant 1: slot=9 device=3 system=414 drug_count=3
2026-07-02 18:08:15,853 [INFO] Quadrant 2: slot=None device=None system=414 drug_count=0
2026-07-02 18:08:15,853 [INFO] Quadrant 3: slot=None device=None system=414 drug_count=0
2026-07-02 18:08:15,853 [INFO] Quadrant 4: slot=None device=None system=414 drug_count=0
2026-07-02 18:08:15,891 [INFO] PVS HTTP Status: 200
2026-07-02 18:08:17,893 [INFO] PVS RESPONSE: {
  "status": "success",
  "station_type": 21,
  "station_id": 21000
}
2026-07-02 18:08:17,893 [INFO] ================================================================================
2026-07-02 18:08:17,893 [INFO]     PVS response: {'status': 'success', 'station_type': 21, 'station_id': 21000}
2026-07-02 18:08:17,893 [INFO]   Initialising vision system (station_type=21, station_id=21000)...
2026-07-02 18:08:18,022 [INFO]   Init HTTP status: 200
2026-07-02 18:08:18,022 [INFO]   Init response: {
  "status": "success",
  "station_type": 21,
  "station_id": 21000
}
2026-07-02 18:08:18,022 [INFO]   Waiting 5 seconds for vision system to become ready...
2026-07-02 18:08:20,029 [INFO] Drop=10 Q=1 Slot=11 Device=3 System=414 DrugCount=2
2026-07-02 18:08:20,029 [INFO] Drop=10 Q=2 Slot=None Device=None System=414 DrugCount=0
2026-07-02 18:08:20,032 [INFO] Drop=10 Q=3 Slot=None Device=None System=414 DrugCount=0
2026-07-02 18:08:20,032 [INFO] Drop=10 Q=4 Slot=None Device=None System=414 DrugCount=0
2026-07-02 18:08:20,032 [INFO]   POSTing drop 10 (slots: 11)...
2026-07-02 18:08:20,032 [INFO] ================================================================================
2026-07-02 18:08:20,032 [INFO] PVS REQUEST: drop=10, station_type=21, station_id=21000
2026-07-02 18:08:20,032 [INFO] Quadrant 1: slot=11 device=3 system=414 drug_count=2
2026-07-02 18:08:20,032 [INFO] Quadrant 2: slot=None device=None system=414 drug_count=0
2026-07-02 18:08:20,032 [INFO] Quadrant 3: slot=None device=None system=414 drug_count=0
2026-07-02 18:08:20,032 [INFO] Quadrant 4: slot=None device=None system=414 drug_count=0
2026-07-02 18:08:20,075 [INFO] PVS HTTP Status: 200
2026-07-02 18:08:22,082 [INFO] PVS RESPONSE: {
  "status": "success",
  "station_type": 21,
  "station_id": 21000
}
2026-07-02 18:08:22,082 [INFO] ================================================================================
2026-07-02 18:08:22,082 [INFO]     PVS response: {'status': 'success', 'station_type': 21, 'station_id': 21000}
2026-07-02 18:08:22,082 [INFO]   Initialising vision system (station_type=21, station_id=21000)...
2026-07-02 18:08:22,262 [INFO]   Init HTTP status: 200
2026-07-02 18:08:22,262 [INFO]   Init response: {
  "status": "success",
  "station_type": 21,
  "station_id": 21000
}
2026-07-02 18:08:22,262 [INFO]   Waiting 5 seconds for vision system to become ready...
2026-07-02 18:08:24,268 [INFO] Drop=11 Q=1 Slot=5 Device=3 System=414 DrugCount=3
2026-07-02 18:08:24,268 [INFO] Drop=11 Q=2 Slot=None Device=None System=414 DrugCount=0
2026-07-02 18:08:24,268 [INFO] Drop=11 Q=3 Slot=None Device=None System=414 DrugCount=0
2026-07-02 18:08:24,268 [INFO] Drop=11 Q=4 Slot=None Device=None System=414 DrugCount=0
2026-07-02 18:08:24,268 [INFO]   POSTing drop 11 (slots: 5)...
2026-07-02 18:08:24,268 [INFO] ================================================================================
2026-07-02 18:08:24,268 [INFO] PVS REQUEST: drop=11, station_type=21, station_id=21000
2026-07-02 18:08:24,268 [INFO] Quadrant 1: slot=5 device=3 system=414 drug_count=3
2026-07-02 18:08:24,268 [INFO] Quadrant 2: slot=None device=None system=414 drug_count=0
2026-07-02 18:08:24,268 [INFO] Quadrant 3: slot=None device=None system=414 drug_count=0
2026-07-02 18:08:24,268 [INFO] Quadrant 4: slot=None device=None system=414 drug_count=0
2026-07-02 18:08:24,282 [INFO] PVS HTTP Status: 200
2026-07-02 18:08:26,287 [INFO] PVS RESPONSE: {
  "status": "success",
  "station_type": 21,
  "station_id": 21000
}
2026-07-02 18:08:26,287 [INFO] ================================================================================
2026-07-02 18:08:26,287 [INFO]     PVS response: {'status': 'success', 'station_type': 21, 'station_id': 21000}
2026-07-02 18:08:26,287 [INFO]   Initialising vision system (station_type=21, station_id=21000)...
2026-07-02 18:08:27,002 [INFO]   Init HTTP status: 200
2026-07-02 18:08:27,002 [INFO]   Init response: {
  "status": "success",
  "station_type": 21,
  "station_id": 21000
}
2026-07-02 18:08:27,002 [INFO]   Waiting 5 seconds for vision system to become ready...
2026-07-02 18:08:29,012 [INFO] Drop=12 Q=1 Slot=7 Device=3 System=414 DrugCount=2
2026-07-02 18:08:29,012 [INFO] Drop=12 Q=2 Slot=None Device=None System=414 DrugCount=0
2026-07-02 18:08:29,012 [INFO] Drop=12 Q=3 Slot=None Device=None System=414 DrugCount=0
2026-07-02 18:08:29,012 [INFO] Drop=12 Q=4 Slot=None Device=None System=414 DrugCount=0
2026-07-02 18:08:29,012 [INFO]   POSTing drop 12 (slots: 7)...
2026-07-02 18:08:29,012 [INFO] ================================================================================
2026-07-02 18:08:29,012 [INFO] PVS REQUEST: drop=12, station_type=21, station_id=21000
2026-07-02 18:08:29,012 [INFO] Quadrant 1: slot=7 device=3 system=414 drug_count=2
2026-07-02 18:08:29,012 [INFO] Quadrant 2: slot=None device=None system=414 drug_count=0
2026-07-02 18:08:29,012 [INFO] Quadrant 3: slot=None device=None system=414 drug_count=0
2026-07-02 18:08:29,012 [INFO] Quadrant 4: slot=None device=None system=414 drug_count=0
2026-07-02 18:08:29,032 [INFO] PVS HTTP Status: 200
2026-07-02 18:08:31,036 [INFO] PVS RESPONSE: {
  "status": "success",
  "station_type": 21,
  "station_id": 21000
}
2026-07-02 18:08:31,038 [INFO] ================================================================================
2026-07-02 18:08:31,038 [INFO]     PVS response: {'status': 'success', 'station_type': 21, 'station_id': 21000}
2026-07-02 18:08:31,041 [INFO]   Initialising vision system (station_type=21, station_id=21000)...
2026-07-02 18:08:31,142 [INFO]   Init HTTP status: 200
2026-07-02 18:08:31,142 [INFO]   Init response: {
  "status": "success",
  "station_type": 21,
  "station_id": 21000
}
2026-07-02 18:08:31,151 [INFO]   Waiting 5 seconds for vision system to become ready...
2026-07-02 18:08:33,153 [INFO] Drop=13 Q=1 Slot=1 Device=3 System=414 DrugCount=3
2026-07-02 18:08:33,153 [INFO] Drop=13 Q=2 Slot=None Device=None System=414 DrugCount=0
2026-07-02 18:08:33,153 [INFO] Drop=13 Q=3 Slot=None Device=None System=414 DrugCount=0
2026-07-02 18:08:33,153 [INFO] Drop=13 Q=4 Slot=None Device=None System=414 DrugCount=0
2026-07-02 18:08:33,153 [INFO]   POSTing drop 13 (slots: 1)...
2026-07-02 18:08:33,153 [INFO] ================================================================================
2026-07-02 18:08:33,153 [INFO] PVS REQUEST: drop=13, station_type=21, station_id=21000
2026-07-02 18:08:33,153 [INFO] Quadrant 1: slot=1 device=3 system=414 drug_count=3
2026-07-02 18:08:33,153 [INFO] Quadrant 2: slot=None device=None system=414 drug_count=0
2026-07-02 18:08:33,162 [INFO] Quadrant 3: slot=None device=None system=414 drug_count=0
2026-07-02 18:08:33,162 [INFO] Quadrant 4: slot=None device=None system=414 drug_count=0
2026-07-02 18:08:33,177 [INFO] PVS HTTP Status: 200
2026-07-02 18:08:35,182 [INFO] PVS RESPONSE: {
  "status": "success",
  "station_type": 21,
  "station_id": 21000
}
2026-07-02 18:08:35,182 [INFO] ================================================================================
2026-07-02 18:08:35,182 [INFO]     PVS response: {'status': 'success', 'station_type': 21, 'station_id': 21000}
2026-07-02 18:08:35,182 [INFO]   Initialising vision system (station_type=21, station_id=21000)...
2026-07-02 18:08:35,312 [INFO]   Init HTTP status: 200
2026-07-02 18:08:35,312 [INFO]   Init response: {
  "status": "success",
  "station_type": 21,
  "station_id": 21000
}
2026-07-02 18:08:35,312 [INFO]   Waiting 5 seconds for vision system to become ready...
2026-07-02 18:08:37,321 [INFO] Drop=14 Q=1 Slot=3 Device=3 System=414 DrugCount=2
2026-07-02 18:08:37,322 [INFO] Drop=14 Q=2 Slot=None Device=None System=414 DrugCount=0
2026-07-02 18:08:37,323 [INFO] Drop=14 Q=3 Slot=None Device=None System=414 DrugCount=0
2026-07-02 18:08:37,323 [INFO] Drop=14 Q=4 Slot=None Device=None System=414 DrugCount=0
2026-07-02 18:08:37,323 [INFO]   POSTing drop 14 (slots: 3)...
2026-07-02 18:08:37,323 [INFO] ================================================================================
2026-07-02 18:08:37,323 [INFO] PVS REQUEST: drop=14, station_type=21, station_id=21000
2026-07-02 18:08:37,323 [INFO] Quadrant 1: slot=3 device=3 system=414 drug_count=2
2026-07-02 18:08:37,323 [INFO] Quadrant 2: slot=None device=None system=414 drug_count=0
2026-07-02 18:08:37,323 [INFO] Quadrant 3: slot=None device=None system=414 drug_count=0
2026-07-02 18:08:37,323 [INFO] Quadrant 4: slot=None device=None system=414 drug_count=0
2026-07-02 18:08:37,347 [INFO] PVS HTTP Status: 200
2026-07-02 18:08:39,351 [INFO] PVS RESPONSE: {
  "status": "success",
  "station_type": 21,
  "station_id": 21000
}
2026-07-02 18:08:39,351 [INFO] ================================================================================
2026-07-02 18:08:39,352 [INFO]     PVS response: {'status': 'success', 'station_type': 21, 'station_id': 21000}
2026-07-02 18:08:40,032 [INFO] Using cached token
2026-07-02 18:08:40,041 [INFO] Trying pack 164811 with device_id=2, system_id=414, company_id=4
2026-07-02 18:08:40,041 [INFO]   Fetching details for pack 164811
2026-07-02 18:08:40,735 [WARNING] device_id=2 generated 0 payloads, trying next device
2026-07-02 18:08:40,735 [INFO] Trying pack 164811 with device_id=3, system_id=414, company_id=4
2026-07-02 18:08:40,735 [INFO]   Fetching details for pack 164811
2026-07-02 18:08:43,621 [INFO] Pack 164811 valid using device_id=3 (21 payloads generated)
2026-07-02 18:08:43,621 [INFO] --- Processing pack 164811 (device=3, system=414) ---
2026-07-02 18:08:43,621 [INFO]   Fetching details for pack 164811
2026-07-02 18:08:44,062 [INFO]   Generated 21 drop payload(s)
2026-07-02 18:08:44,062 [INFO]   Initialising vision system (station_type=21, station_id=21000)...
2026-07-02 18:08:44,113 [INFO]   Init HTTP status: 200
2026-07-02 18:08:44,113 [INFO]   Init response: {
  "status": "success",
  "station_type": 21,
  "station_id": 21000
}
2026-07-02 18:08:44,113 [INFO]   Waiting 5 seconds for vision system to become ready...
2026-07-02 18:08:46,118 [INFO] Drop=1 Q=1 Slot=25 Device=3 System=414 DrugCount=1
2026-07-02 18:08:46,118 [INFO] Drop=1 Q=2 Slot=None Device=None System=414 DrugCount=0
2026-07-02 18:08:46,118 [INFO] Drop=1 Q=3 Slot=None Device=None System=414 DrugCount=0
2026-07-02 18:08:46,118 [INFO] Drop=1 Q=4 Slot=None Device=None System=414 DrugCount=0
2026-07-02 18:08:46,118 [INFO]   POSTing drop 1 (slots: 25)...
2026-07-02 18:08:46,118 [INFO] ================================================================================
2026-07-02 18:08:46,118 [INFO] PVS REQUEST: drop=1, station_type=21, station_id=21000
2026-07-02 18:08:46,118 [INFO] Quadrant 1: slot=25 device=3 system=414 drug_count=1
2026-07-02 18:08:46,118 [INFO] Quadrant 2: slot=None device=None system=414 drug_count=0
2026-07-02 18:08:46,118 [INFO] Quadrant 3: slot=None device=None system=414 drug_count=0
2026-07-02 18:08:46,118 [INFO] Quadrant 4: slot=None device=None system=414 drug_count=0
2026-07-02 18:08:46,142 [INFO] PVS HTTP Status: 200
2026-07-02 18:08:48,146 [INFO] PVS RESPONSE: {
  "status": "success",
  "station_type": 21,
  "station_id": 21000
}
2026-07-02 18:08:48,146 [INFO] ================================================================================
2026-07-02 18:08:48,152 [INFO]     PVS response: {'status': 'success', 'station_type': 21, 'station_id': 21000}
2026-07-02 18:08:48,152 [INFO]   Initialising vision system (station_type=21, station_id=21000)...
2026-07-02 18:08:49,132 [INFO]   Init HTTP status: 200
2026-07-02 18:08:49,142 [INFO]   Init response: {
  "status": "success",
  "station_type": 21,
  "station_id": 21000
}
2026-07-02 18:08:49,144 [INFO]   Waiting 5 seconds for vision system to become ready...
2026-07-02 18:08:51,145 [INFO] Drop=2 Q=1 Slot=26 Device=None System=414 DrugCount=2
2026-07-02 18:08:51,145 [INFO] Drop=2 Q=2 Slot=None Device=None System=414 DrugCount=0
2026-07-02 18:08:51,145 [INFO] Drop=2 Q=3 Slot=None Device=None System=414 DrugCount=0
2026-07-02 18:08:51,145 [INFO] Drop=2 Q=4 Slot=None Device=None System=414 DrugCount=0
2026-07-02 18:08:51,145 [INFO]   POSTing drop 2 (slots: 26)...
2026-07-02 18:08:51,145 [INFO] ================================================================================
2026-07-02 18:08:51,145 [INFO] PVS REQUEST: drop=2, station_type=21, station_id=21000
2026-07-02 18:08:51,145 [INFO] Quadrant 1: slot=26 device=None system=414 drug_count=2
2026-07-02 18:08:51,145 [INFO] Quadrant 2: slot=None device=None system=414 drug_count=0
2026-07-02 18:08:51,145 [INFO] Quadrant 3: slot=None device=None system=414 drug_count=0
2026-07-02 18:08:51,145 [INFO] Quadrant 4: slot=None device=None system=414 drug_count=0
2026-07-02 18:08:51,168 [INFO] PVS HTTP Status: 200
2026-07-02 18:08:53,170 [INFO] PVS RESPONSE: {
  "status": "success",
  "station_type": 21,
  "station_id": 21000
}
2026-07-02 18:08:53,170 [INFO] ================================================================================
2026-07-02 18:08:53,172 [INFO]     PVS response: {'status': 'success', 'station_type': 21, 'station_id': 21000}
2026-07-02 18:08:53,172 [INFO]   Initialising vision system (station_type=21, station_id=21000)...
2026-07-02 18:08:53,582 [INFO]   Init HTTP status: 200
2026-07-02 18:08:53,582 [INFO]   Init response: {
  "status": "success",
  "station_type": 21,
  "station_id": 21000
}
2026-07-02 18:08:53,584 [INFO]   Waiting 5 seconds for vision system to become ready...
2026-07-02 18:08:55,585 [INFO] Drop=3 Q=1 Slot=27 Device=None System=414 DrugCount=2
2026-07-02 18:08:55,585 [INFO] Drop=3 Q=2 Slot=None Device=None System=414 DrugCount=0
2026-07-02 18:08:55,585 [INFO] Drop=3 Q=3 Slot=None Device=None System=414 DrugCount=0
2026-07-02 18:08:55,585 [INFO] Drop=3 Q=4 Slot=None Device=None System=414 DrugCount=0
2026-07-02 18:08:55,585 [INFO]   POSTing drop 3 (slots: 27)...
2026-07-02 18:08:55,585 [INFO] ================================================================================
2026-07-02 18:08:55,585 [INFO] PVS REQUEST: drop=3, station_type=21, station_id=21000
2026-07-02 18:08:55,592 [INFO] Quadrant 1: slot=27 device=None system=414 drug_count=2
2026-07-02 18:08:55,592 [INFO] Quadrant 2: slot=None device=None system=414 drug_count=0
2026-07-02 18:08:55,592 [INFO] Quadrant 3: slot=None device=None system=414 drug_count=0
2026-07-02 18:08:55,592 [INFO] Quadrant 4: slot=None device=None system=414 drug_count=0
2026-07-02 18:08:55,622 [INFO] PVS HTTP Status: 200
2026-07-02 18:08:57,626 [INFO] PVS RESPONSE: {
  "status": "success",
  "station_type": 21,
  "station_id": 21000
}
2026-07-02 18:08:57,626 [INFO] ================================================================================
2026-07-02 18:08:57,626 [INFO]     PVS response: {'status': 'success', 'station_type': 21, 'station_id': 21000}
2026-07-02 18:08:57,626 [INFO]   Initialising vision system (station_type=21, station_id=21000)...
2026-07-02 18:08:57,772 [INFO]   Init HTTP status: 200
2026-07-02 18:08:57,772 [INFO]   Init response: {
  "status": "success",
  "station_type": 21,
  "station_id": 21000
}
2026-07-02 18:08:57,776 [INFO]   Waiting 5 seconds for vision system to become ready...
2026-07-02 18:08:59,779 [INFO] Drop=4 Q=1 Slot=21 Device=3 System=414 DrugCount=1
2026-07-02 18:08:59,779 [INFO] Drop=4 Q=2 Slot=None Device=None System=414 DrugCount=0
2026-07-02 18:08:59,779 [INFO] Drop=4 Q=3 Slot=None Device=None System=414 DrugCount=0
2026-07-02 18:08:59,779 [INFO] Drop=4 Q=4 Slot=None Device=None System=414 DrugCount=0
2026-07-02 18:08:59,779 [INFO]   POSTing drop 4 (slots: 21)...
2026-07-02 18:08:59,779 [INFO] ================================================================================
2026-07-02 18:08:59,779 [INFO] PVS REQUEST: drop=4, station_type=21, station_id=21000
2026-07-02 18:08:59,782 [INFO] Quadrant 1: slot=21 device=3 system=414 drug_count=1
2026-07-02 18:08:59,782 [INFO] Quadrant 2: slot=None device=None system=414 drug_count=0
2026-07-02 18:08:59,782 [INFO] Quadrant 3: slot=None device=None system=414 drug_count=0
2026-07-02 18:08:59,782 [INFO] Quadrant 4: slot=None device=None system=414 drug_count=0
2026-07-02 18:08:59,794 [INFO] PVS HTTP Status: 200
2026-07-02 18:09:01,799 [INFO] PVS RESPONSE: {
  "status": "success",
  "station_type": 21,
  "station_id": 21000
}
2026-07-02 18:09:01,799 [INFO] ================================================================================
2026-07-02 18:09:01,802 [INFO]     PVS response: {'status': 'success', 'station_type': 21, 'station_id': 21000}
2026-07-02 18:09:01,802 [INFO]   Initialising vision system (station_type=21, station_id=21000)...
2026-07-02 18:09:03,074 [INFO]   Init HTTP status: 200
2026-07-02 18:09:03,074 [INFO]   Init response: {
  "status": "success",
  "station_type": 21,
  "station_id": 21000
}
2026-07-02 18:09:03,074 [INFO]   Waiting 5 seconds for vision system to become ready...
2026-07-02 18:09:05,077 [INFO] Drop=5 Q=1 Slot=22 Device=None System=414 DrugCount=2
2026-07-02 18:09:05,077 [INFO] Drop=5 Q=2 Slot=None Device=None System=414 DrugCount=0
2026-07-02 18:09:05,077 [INFO] Drop=5 Q=3 Slot=None Device=None System=414 DrugCount=0
2026-07-02 18:09:05,077 [INFO] Drop=5 Q=4 Slot=None Device=None System=414 DrugCount=0
2026-07-02 18:09:05,077 [INFO]   POSTing drop 5 (slots: 22)...
2026-07-02 18:09:05,077 [INFO] ================================================================================
2026-07-02 18:09:05,077 [INFO] PVS REQUEST: drop=5, station_type=21, station_id=21000
2026-07-02 18:09:05,077 [INFO] Quadrant 1: slot=22 device=None system=414 drug_count=2
2026-07-02 18:09:05,082 [INFO] Quadrant 2: slot=None device=None system=414 drug_count=0
2026-07-02 18:09:05,082 [INFO] Quadrant 3: slot=None device=None system=414 drug_count=0
2026-07-02 18:09:05,082 [INFO] Quadrant 4: slot=None device=None system=414 drug_count=0
2026-07-02 18:09:05,102 [INFO] PVS HTTP Status: 200
2026-07-02 18:09:07,112 [INFO] PVS RESPONSE: {
  "status": "success",
  "station_type": 21,
  "station_id": 21000
}
2026-07-02 18:09:07,114 [INFO] ================================================================================
2026-07-02 18:09:07,114 [INFO]     PVS response: {'status': 'success', 'station_type': 21, 'station_id': 21000}
2026-07-02 18:09:07,114 [INFO]   Initialising vision system (station_type=21, station_id=21000)...
2026-07-02 18:09:07,242 [INFO]   Init HTTP status: 200
2026-07-02 18:09:07,242 [INFO]   Init response: {
  "status": "success",
  "station_type": 21,
  "station_id": 21000
}
2026-07-02 18:09:07,242 [INFO]   Waiting 5 seconds for vision system to become ready...
2026-07-02 18:09:09,251 [INFO] Drop=6 Q=1 Slot=23 Device=None System=414 DrugCount=2
2026-07-02 18:09:09,252 [INFO] Drop=6 Q=2 Slot=None Device=None System=414 DrugCount=0
2026-07-02 18:09:09,252 [INFO] Drop=6 Q=3 Slot=None Device=None System=414 DrugCount=0
2026-07-02 18:09:09,252 [INFO] Drop=6 Q=4 Slot=None Device=None System=414 DrugCount=0
2026-07-02 18:09:09,252 [INFO]   POSTing drop 6 (slots: 23)...
2026-07-02 18:09:09,252 [INFO] ================================================================================
2026-07-02 18:09:09,252 [INFO] PVS REQUEST: drop=6, station_type=21, station_id=21000
2026-07-02 18:09:09,252 [INFO] Quadrant 1: slot=23 device=None system=414 drug_count=2
2026-07-02 18:09:09,252 [INFO] Quadrant 2: slot=None device=None system=414 drug_count=0
2026-07-02 18:09:09,252 [INFO] Quadrant 3: slot=None device=None system=414 drug_count=0
2026-07-02 18:09:09,252 [INFO] Quadrant 4: slot=None device=None system=414 drug_count=0
2026-07-02 18:09:09,292 [INFO] PVS HTTP Status: 200
2026-07-02 18:09:11,293 [INFO] PVS RESPONSE: {
  "status": "success",
  "station_type": 21,
  "station_id": 21000
}
2026-07-02 18:09:11,293 [INFO] ================================================================================
2026-07-02 18:09:11,296 [INFO]     PVS response: {'status': 'success', 'station_type': 21, 'station_id': 21000}
2026-07-02 18:09:11,296 [INFO]   Initialising vision system (station_type=21, station_id=21000)...
2026-07-02 18:09:11,952 [INFO]   Init HTTP status: 200
2026-07-02 18:09:11,952 [INFO]   Init response: {
  "status": "success",
  "station_type": 21,
  "station_id": 21000
}
2026-07-02 18:09:11,952 [INFO]   Waiting 5 seconds for vision system to become ready...
2026-07-02 18:09:13,958 [INFO] Drop=7 Q=1 Slot=17 Device=3 System=414 DrugCount=1
2026-07-02 18:09:13,958 [INFO] Drop=7 Q=2 Slot=None Device=None System=414 DrugCount=0
2026-07-02 18:09:13,958 [INFO] Drop=7 Q=3 Slot=None Device=None System=414 DrugCount=0
2026-07-02 18:09:13,958 [INFO] Drop=7 Q=4 Slot=None Device=None System=414 DrugCount=0
2026-07-02 18:09:13,958 [INFO]   POSTing drop 7 (slots: 17)...
2026-07-02 18:09:13,958 [INFO] ================================================================================
2026-07-02 18:09:13,958 [INFO] PVS REQUEST: drop=7, station_type=21, station_id=21000
2026-07-02 18:09:13,958 [INFO] Quadrant 1: slot=17 device=3 system=414 drug_count=1
2026-07-02 18:09:13,958 [INFO] Quadrant 2: slot=None device=None system=414 drug_count=0
2026-07-02 18:09:13,961 [INFO] Quadrant 3: slot=None device=None system=414 drug_count=0
2026-07-02 18:09:13,962 [INFO] Quadrant 4: slot=None device=None system=414 drug_count=0
2026-07-02 18:09:13,972 [INFO] PVS HTTP Status: 200
2026-07-02 18:09:15,977 [INFO] PVS RESPONSE: {
  "status": "success",
  "station_type": 21,
  "station_id": 21000
}
2026-07-02 18:09:15,978 [INFO] ================================================================================
2026-07-02 18:09:15,978 [INFO]     PVS response: {'status': 'success', 'station_type': 21, 'station_id': 21000}
2026-07-02 18:09:15,978 [INFO]   Initialising vision system (station_type=21, station_id=21000)...
2026-07-02 18:09:16,132 [INFO]   Init HTTP status: 200
2026-07-02 18:09:16,132 [INFO]   Init response: {
  "status": "success",
  "station_type": 21,
  "station_id": 21000
}
2026-07-02 18:09:16,132 [INFO]   Waiting 5 seconds for vision system to become ready...
2026-07-02 18:09:18,136 [INFO] Drop=8 Q=1 Slot=18 Device=None System=414 DrugCount=2
2026-07-02 18:09:18,136 [INFO] Drop=8 Q=2 Slot=None Device=None System=414 DrugCount=0
2026-07-02 18:09:18,136 [INFO] Drop=8 Q=3 Slot=None Device=None System=414 DrugCount=0
2026-07-02 18:09:18,136 [INFO] Drop=8 Q=4 Slot=None Device=None System=414 DrugCount=0
2026-07-02 18:09:18,136 [INFO]   POSTing drop 8 (slots: 18)...
2026-07-02 18:09:18,136 [INFO] ================================================================================
2026-07-02 18:09:18,142 [INFO] PVS REQUEST: drop=8, station_type=21, station_id=21000
2026-07-02 18:09:18,142 [INFO] Quadrant 1: slot=18 device=None system=414 drug_count=2
2026-07-02 18:09:18,142 [INFO] Quadrant 2: slot=None device=None system=414 drug_count=0
2026-07-02 18:09:18,142 [INFO] Quadrant 3: slot=None device=None system=414 drug_count=0
2026-07-02 18:09:18,142 [INFO] Quadrant 4: slot=None device=None system=414 drug_count=0
2026-07-02 18:09:18,162 [INFO] PVS HTTP Status: 200
2026-07-02 18:09:20,164 [INFO] PVS RESPONSE: {
  "status": "success",
  "station_type": 21,
  "station_id": 21000
}
2026-07-02 18:09:20,164 [INFO] ================================================================================
2026-07-02 18:09:20,164 [INFO]     PVS response: {'status': 'success', 'station_type': 21, 'station_id': 21000}
2026-07-02 18:09:20,164 [INFO]   Initialising vision system (station_type=21, station_id=21000)...
2026-07-02 18:09:20,274 [INFO]   Init HTTP status: 200
2026-07-02 18:09:20,274 [INFO]   Init response: {
  "status": "success",
  "station_type": 21,
  "station_id": 21000
}
2026-07-02 18:09:20,274 [INFO]   Waiting 5 seconds for vision system to become ready...
2026-07-02 18:09:22,280 [INFO] Drop=9 Q=1 Slot=19 Device=None System=414 DrugCount=2
2026-07-02 18:09:22,280 [INFO] Drop=9 Q=2 Slot=None Device=None System=414 DrugCount=0
2026-07-02 18:09:22,280 [INFO] Drop=9 Q=3 Slot=None Device=None System=414 DrugCount=0
2026-07-02 18:09:22,280 [INFO] Drop=9 Q=4 Slot=None Device=None System=414 DrugCount=0
2026-07-02 18:09:22,282 [INFO]   POSTing drop 9 (slots: 19)...
2026-07-02 18:09:22,282 [INFO] ================================================================================
2026-07-02 18:09:22,282 [INFO] PVS REQUEST: drop=9, station_type=21, station_id=21000
2026-07-02 18:09:22,282 [INFO] Quadrant 1: slot=19 device=None system=414 drug_count=2
2026-07-02 18:09:22,282 [INFO] Quadrant 2: slot=None device=None system=414 drug_count=0
2026-07-02 18:09:22,282 [INFO] Quadrant 3: slot=None device=None system=414 drug_count=0
2026-07-02 18:09:22,282 [INFO] Quadrant 4: slot=None device=None system=414 drug_count=0
2026-07-02 18:09:22,302 [INFO] PVS HTTP Status: 200
2026-07-02 18:09:24,304 [INFO] PVS RESPONSE: {
  "status": "success",
  "station_type": 21,
  "station_id": 21000
}
2026-07-02 18:09:24,304 [INFO] ================================================================================
2026-07-02 18:09:24,304 [INFO]     PVS response: {'status': 'success', 'station_type': 21, 'station_id': 21000}
2026-07-02 18:09:24,304 [INFO]   Initialising vision system (station_type=21, station_id=21000)...
2026-07-02 18:09:25,232 [INFO]   Init HTTP status: 200
2026-07-02 18:09:25,242 [INFO]   Init response: {
  "status": "success",
  "station_type": 21,
  "station_id": 21000
}
2026-07-02 18:09:25,242 [INFO]   Waiting 5 seconds for vision system to become ready...
2026-07-02 18:09:27,244 [INFO] Drop=10 Q=1 Slot=13 Device=3 System=414 DrugCount=1
2026-07-02 18:09:27,244 [INFO] Drop=10 Q=2 Slot=None Device=None System=414 DrugCount=0
2026-07-02 18:09:27,244 [INFO] Drop=10 Q=3 Slot=None Device=None System=414 DrugCount=0
2026-07-02 18:09:27,244 [INFO] Drop=10 Q=4 Slot=None Device=None System=414 DrugCount=0
2026-07-02 18:09:27,244 [INFO]   POSTing drop 10 (slots: 13)...
2026-07-02 18:09:27,248 [INFO] ================================================================================
2026-07-02 18:09:27,248 [INFO] PVS REQUEST: drop=10, station_type=21, station_id=21000
2026-07-02 18:09:27,248 [INFO] Quadrant 1: slot=13 device=3 system=414 drug_count=1
2026-07-02 18:09:27,252 [INFO] Quadrant 2: slot=None device=None system=414 drug_count=0
2026-07-02 18:09:27,252 [INFO] Quadrant 3: slot=None device=None system=414 drug_count=0
2026-07-02 18:09:27,252 [INFO] Quadrant 4: slot=None device=None system=414 drug_count=0
2026-07-02 18:09:27,273 [INFO] PVS HTTP Status: 200
2026-07-02 18:09:29,277 [INFO] PVS RESPONSE: {
  "status": "success",
  "station_type": 21,
  "station_id": 21000
}
2026-07-02 18:09:29,277 [INFO] ================================================================================
2026-07-02 18:09:29,277 [INFO]     PVS response: {'status': 'success', 'station_type': 21, 'station_id': 21000}
2026-07-02 18:09:29,277 [INFO]   Initialising vision system (station_type=21, station_id=21000)...
2026-07-02 18:09:29,982 [INFO]   Init HTTP status: 200
2026-07-02 18:09:29,982 [INFO]   Init response: {
  "status": "success",
  "station_type": 21,
  "station_id": 21000
}
2026-07-02 18:09:29,982 [INFO]   Waiting 5 seconds for vision system to become ready...
2026-07-02 18:09:31,989 [INFO] Drop=11 Q=1 Slot=14 Device=None System=414 DrugCount=2
2026-07-02 18:09:31,989 [INFO] Drop=11 Q=2 Slot=None Device=None System=414 DrugCount=0
2026-07-02 18:09:31,992 [INFO] Drop=11 Q=3 Slot=None Device=None System=414 DrugCount=0
2026-07-02 18:09:31,992 [INFO] Drop=11 Q=4 Slot=None Device=None System=414 DrugCount=0
2026-07-02 18:09:31,992 [INFO]   POSTing drop 11 (slots: 14)...
2026-07-02 18:09:31,992 [INFO] ================================================================================
2026-07-02 18:09:31,995 [INFO] PVS REQUEST: drop=11, station_type=21, station_id=21000
2026-07-02 18:09:31,995 [INFO] Quadrant 1: slot=14 device=None system=414 drug_count=2
2026-07-02 18:09:31,995 [INFO] Quadrant 2: slot=None device=None system=414 drug_count=0
2026-07-02 18:09:31,995 [INFO] Quadrant 3: slot=None device=None system=414 drug_count=0
2026-07-02 18:09:31,995 [INFO] Quadrant 4: slot=None device=None system=414 drug_count=0
2026-07-02 18:09:32,028 [INFO] PVS HTTP Status: 200
2026-07-02 18:09:34,033 [INFO] PVS RESPONSE: {
  "status": "success",
  "station_type": 21,
  "station_id": 21000
}
2026-07-02 18:09:34,033 [INFO] ================================================================================
2026-07-02 18:09:34,033 [INFO]     PVS response: {'status': 'success', 'station_type': 21, 'station_id': 21000}
2026-07-02 18:09:34,033 [INFO]   Initialising vision system (station_type=21, station_id=21000)...
2026-07-02 18:09:34,172 [INFO]   Init HTTP status: 200
2026-07-02 18:09:34,172 [INFO]   Init response: {
  "status": "success",
  "station_type": 21,
  "station_id": 21000
}
2026-07-02 18:09:34,172 [INFO]   Waiting 5 seconds for vision system to become ready...
2026-07-02 18:09:36,180 [INFO] Drop=12 Q=1 Slot=15 Device=None System=414 DrugCount=2
2026-07-02 18:09:36,180 [INFO] Drop=12 Q=2 Slot=None Device=None System=414 DrugCount=0
2026-07-02 18:09:36,180 [INFO] Drop=12 Q=3 Slot=None Device=None System=414 DrugCount=0
2026-07-02 18:09:36,180 [INFO] Drop=12 Q=4 Slot=None Device=None System=414 DrugCount=0
2026-07-02 18:09:36,180 [INFO]   POSTing drop 12 (slots: 15)...
2026-07-02 18:09:36,180 [INFO] ================================================================================
2026-07-02 18:09:36,182 [INFO] PVS REQUEST: drop=12, station_type=21, station_id=21000
2026-07-02 18:09:36,182 [INFO] Quadrant 1: slot=15 device=None system=414 drug_count=2
2026-07-02 18:09:36,182 [INFO] Quadrant 2: slot=None device=None system=414 drug_count=0
2026-07-02 18:09:36,182 [INFO] Quadrant 3: slot=None device=None system=414 drug_count=0
2026-07-02 18:09:36,182 [INFO] Quadrant 4: slot=None device=None system=414 drug_count=0
2026-07-02 18:09:57,233 [ERROR]     FAILED PVS POST: HTTPConnectionPool(host='172.29.0.68', port=13000): Max retries exceeded with url: /api/perform_vision_system_analysis (Caused by ConnectTimeoutError(<HTTPConnection(host='172.29.0.68', port=13000) at 0x22a37105c50>, 'Connection to 172.29.0.68 timed out. (connect timeout=60)'))
2026-07-02 18:09:57,233 [INFO]   Initialising vision system (station_type=21, station_id=21000)...
2026-07-02 18:10:18,288 [ERROR]   FAILED vision system init for drop 13: HTTPConnectionPool(host='172.29.0.68', port=13000): Max retries exceeded with url: /api/initiate_vision_system?station_type=21&station_id=21000&msg_id=2&cmd=init_camera (Caused by ConnectTimeoutError(<HTTPConnection(host='172.29.0.68', port=13000) at 0x22a37107750>, 'Connection to 172.29.0.68 timed out. (connect timeout=30)'))
2026-07-02 18:10:18,288 [INFO]   Initialising vision system (station_type=21, station_id=21000)...
2026-07-02 18:10:20,562 [ERROR]   FAILED vision system init for drop 14: HTTPConnectionPool(host='172.29.0.68', port=13000): Max retries exceeded with url: /api/initiate_vision_system?station_type=21&station_id=21000&msg_id=2&cmd=init_camera (Caused by NewConnectionError("HTTPConnection(host='172.29.0.68', port=13000): Failed to establish a new connection: [WinError 10061] No connection could be made because the target machine actively refused it"))
2026-07-02 18:10:20,562 [INFO]   Initialising vision system (station_type=21, station_id=21000)...
2026-07-02 18:10:22,642 [ERROR]   FAILED vision system init for drop 15: HTTPConnectionPool(host='172.29.0.68', port=13000): Max retries exceeded with url: /api/initiate_vision_system?station_type=21&station_id=21000&msg_id=2&cmd=init_camera (Caused by NewConnectionError("HTTPConnection(host='172.29.0.68', port=13000): Failed to establish a new connection: [WinError 10061] No connection could be made because the target machine actively refused it"))
2026-07-02 18:10:22,642 [INFO]   Initialising vision system (station_type=21, station_id=21000)...
2026-07-02 18:10:24,712 [ERROR]   FAILED vision system init for drop 16: HTTPConnectionPool(host='172.29.0.68', port=13000): Max retries exceeded with url: /api/initiate_vision_system?station_type=21&station_id=21000&msg_id=2&cmd=init_camera (Caused by NewConnectionError("HTTPConnection(host='172.29.0.68', port=13000): Failed to establish a new connection: [WinError 10061] No connection could be made because the target machine actively refused it"))
2026-07-02 18:10:24,712 [INFO]   Initialising vision system (station_type=21, station_id=21000)...
2026-07-02 18:10:26,784 [ERROR]   FAILED vision system init for drop 17: HTTPConnectionPool(host='172.29.0.68', port=13000): Max retries exceeded with url: /api/initiate_vision_system?station_type=21&station_id=21000&msg_id=2&cmd=init_camera (Caused by NewConnectionError("HTTPConnection(host='172.29.0.68', port=13000): Failed to establish a new connection: [WinError 10061] No connection could be made because the target machine actively refused it"))
2026-07-02 18:10:26,784 [INFO]   Initialising vision system (station_type=21, station_id=21000)...
2026-07-02 18:10:28,852 [ERROR]   FAILED vision system init for drop 18: HTTPConnectionPool(host='172.29.0.68', port=13000): Max retries exceeded with url: /api/initiate_vision_system?station_type=21&station_id=21000&msg_id=2&cmd=init_camera (Caused by NewConnectionError("HTTPConnection(host='172.29.0.68', port=13000): Failed to establish a new connection: [WinError 10061] No connection could be made because the target machine actively refused it"))
2026-07-02 18:10:28,852 [INFO]   Initialising vision system (station_type=21, station_id=21000)...
2026-07-02 18:10:30,912 [ERROR]   FAILED vision system init for drop 19: HTTPConnectionPool(host='172.29.0.68', port=13000): Max retries exceeded with url: /api/initiate_vision_system?station_type=21&station_id=21000&msg_id=2&cmd=init_camera (Caused by NewConnectionError("HTTPConnection(host='172.29.0.68', port=13000): Failed to establish a new connection: [WinError 10061] No connection could be made because the target machine actively refused it"))
2026-07-02 18:10:30,912 [INFO]   Initialising vision system (station_type=21, station_id=21000)...
2026-07-02 18:10:32,982 [ERROR]   FAILED vision system init for drop 20: HTTPConnectionPool(host='172.29.0.68', port=13000): Max retries exceeded with url: /api/initiate_vision_system?station_type=21&station_id=21000&msg_id=2&cmd=init_camera (Caused by NewConnectionError("HTTPConnection(host='172.29.0.68', port=13000): Failed to establish a new connection: [WinError 10061] No connection could be made because the target machine actively refused it"))
2026-07-02 18:10:32,982 [INFO]   Initialising vision system (station_type=21, station_id=21000)...
2026-07-02 18:10:35,057 [ERROR]   FAILED vision system init for drop 21: HTTPConnectionPool(host='172.29.0.68', port=13000): Max retries exceeded with url: /api/initiate_vision_system?station_type=21&station_id=21000&msg_id=2&cmd=init_camera (Caused by NewConnectionError("HTTPConnection(host='172.29.0.68', port=13000): Failed to establish a new connection: [WinError 10061] No connection could be made because the target machine actively refused it"))
2026-07-02 18:10:35,722 [INFO] Using cached token
2026-07-02 18:10:35,722 [INFO] Trying pack 164815 with device_id=2, system_id=414, company_id=4
2026-07-02 18:10:35,722 [INFO]   Fetching details for pack 164815
2026-07-02 18:10:36,292 [WARNING] device_id=2 generated 0 payloads, trying next device
2026-07-02 18:10:36,292 [INFO] Trying pack 164815 with device_id=3, system_id=414, company_id=4
2026-07-02 18:10:36,302 [INFO]   Fetching details for pack 164815
2026-07-02 18:10:37,522 [INFO] Pack 164815 valid using device_id=3 (14 payloads generated)
2026-07-02 18:10:37,525 [INFO] --- Processing pack 164815 (device=3, system=414) ---
2026-07-02 18:10:37,526 [INFO]   Fetching details for pack 164815
2026-07-02 18:10:38,343 [INFO]   Generated 14 drop payload(s)
2026-07-02 18:10:38,343 [INFO]   Initialising vision system (station_type=21, station_id=21000)...
2026-07-02 18:10:40,428 [INFO]   Init HTTP status: 200
2026-07-02 18:10:40,429 [INFO]   Init response: {
  "status": "success",
  "station_type": 21,
  "station_id": 21000
}
2026-07-02 18:10:40,429 [INFO]   Waiting 5 seconds for vision system to become ready...
2026-07-02 18:10:42,430 [INFO] Drop=1 Q=1 Slot=25 Device=None System=414 DrugCount=3
2026-07-02 18:10:42,431 [INFO] Drop=1 Q=2 Slot=None Device=None System=414 DrugCount=0
2026-07-02 18:10:42,431 [INFO] Drop=1 Q=3 Slot=25 Device=3 System=414 DrugCount=1
2026-07-02 18:10:42,431 [INFO] Drop=1 Q=4 Slot=None Device=None System=414 DrugCount=0
2026-07-02 18:10:42,433 [INFO]   POSTing drop 1 (slots: 25, 25)...
2026-07-02 18:10:42,433 [INFO] ================================================================================
2026-07-02 18:10:42,433 [INFO] PVS REQUEST: drop=1, station_type=21, station_id=21000
2026-07-02 18:10:42,434 [INFO] Quadrant 1: slot=25 device=None system=414 drug_count=3
2026-07-02 18:10:42,434 [INFO] Quadrant 2: slot=None device=None system=414 drug_count=0
2026-07-02 18:10:42,435 [INFO] Quadrant 3: slot=25 device=3 system=414 drug_count=1
2026-07-02 18:10:42,436 [INFO] Quadrant 4: slot=None device=None system=414 drug_count=0
2026-07-02 18:10:42,461 [INFO] PVS HTTP Status: 200
2026-07-02 18:10:44,462 [INFO] PVS RESPONSE: {
  "status": "success",
  "station_type": 21,
  "station_id": 21000
}
2026-07-02 18:10:44,462 [INFO] ================================================================================
2026-07-02 18:10:44,462 [INFO]     PVS response: {'status': 'success', 'station_type': 21, 'station_id': 21000}
2026-07-02 18:10:44,462 [INFO]   Initialising vision system (station_type=21, station_id=21000)...
2026-07-02 18:10:44,837 [INFO]   Init HTTP status: 200
2026-07-02 18:10:44,837 [INFO]   Init response: {
  "status": "success",
  "station_type": 21,
  "station_id": 21000
}
2026-07-02 18:10:44,837 [INFO]   Waiting 5 seconds for vision system to become ready...
2026-07-02 18:10:46,839 [INFO] Drop=2 Q=1 Slot=26 Device=None System=414 DrugCount=3
2026-07-02 18:10:46,839 [INFO] Drop=2 Q=2 Slot=None Device=None System=414 DrugCount=0
2026-07-02 18:10:46,840 [INFO] Drop=2 Q=3 Slot=26 Device=3 System=414 DrugCount=1
2026-07-02 18:10:46,842 [INFO] Drop=2 Q=4 Slot=None Device=None System=414 DrugCount=0
2026-07-02 18:10:46,847 [INFO]   POSTing drop 2 (slots: 26, 26)...
2026-07-02 18:10:46,847 [INFO] ================================================================================
2026-07-02 18:10:46,852 [INFO] PVS REQUEST: drop=2, station_type=21, station_id=21000
2026-07-02 18:10:46,856 [INFO] Quadrant 1: slot=26 device=None system=414 drug_count=3
2026-07-02 18:10:46,856 [INFO] Quadrant 2: slot=None device=None system=414 drug_count=0
2026-07-02 18:10:46,856 [INFO] Quadrant 3: slot=26 device=3 system=414 drug_count=1
2026-07-02 18:10:46,856 [INFO] Quadrant 4: slot=None device=None system=414 drug_count=0
2026-07-02 18:10:46,888 [INFO] PVS HTTP Status: 200
2026-07-02 18:10:48,897 [INFO] PVS RESPONSE: {
  "status": "success",
  "station_type": 21,
  "station_id": 21000
}
2026-07-02 18:10:48,897 [INFO] ================================================================================
2026-07-02 18:10:48,897 [INFO]     PVS response: {'status': 'success', 'station_type': 21, 'station_id': 21000}
2026-07-02 18:10:48,897 [INFO]   Initialising vision system (station_type=21, station_id=21000)...
2026-07-02 18:10:49,472 [INFO]   Init HTTP status: 200
2026-07-02 18:10:49,472 [INFO]   Init response: {
  "status": "success",
  "station_type": 21,
  "station_id": 21000
}
2026-07-02 18:10:49,478 [INFO]   Waiting 5 seconds for vision system to become ready...
2026-07-02 18:10:51,480 [INFO] Drop=3 Q=1 Slot=21 Device=None System=414 DrugCount=3
2026-07-02 18:10:51,482 [INFO] Drop=3 Q=2 Slot=None Device=None System=414 DrugCount=0
2026-07-02 18:10:51,482 [INFO] Drop=3 Q=3 Slot=21 Device=3 System=414 DrugCount=1
2026-07-02 18:10:51,482 [INFO] Drop=3 Q=4 Slot=None Device=None System=414 DrugCount=0
2026-07-02 18:10:51,482 [INFO]   POSTing drop 3 (slots: 21, 21)...
2026-07-02 18:10:51,482 [INFO] ================================================================================
2026-07-02 18:10:51,482 [INFO] PVS REQUEST: drop=3, station_type=21, station_id=21000
2026-07-02 18:10:51,482 [INFO] Quadrant 1: slot=21 device=None system=414 drug_count=3
2026-07-02 18:10:51,482 [INFO] Quadrant 2: slot=None device=None system=414 drug_count=0
2026-07-02 18:10:51,482 [INFO] Quadrant 3: slot=21 device=3 system=414 drug_count=1
2026-07-02 18:10:51,482 [INFO] Quadrant 4: slot=None device=None system=414 drug_count=0
2026-07-02 18:10:51,512 [INFO] PVS HTTP Status: 200
2026-07-02 18:10:53,520 [INFO] PVS RESPONSE: {
  "status": "success",
  "station_type": 21,
  "station_id": 21000
}
2026-07-02 18:10:53,520 [INFO] ================================================================================
2026-07-02 18:10:53,520 [INFO]     PVS response: {'status': 'success', 'station_type': 21, 'station_id': 21000}
2026-07-02 18:10:53,520 [INFO]   Initialising vision system (station_type=21, station_id=21000)...
2026-07-02 18:10:53,731 [INFO]   Init HTTP status: 200
2026-07-02 18:10:53,732 [INFO]   Init response: {
  "status": "success",
  "station_type": 21,
  "station_id": 21000
}
2026-07-02 18:10:53,732 [INFO]   Waiting 5 seconds for vision system to become ready...
2026-07-02 18:10:55,734 [INFO] Drop=4 Q=1 Slot=22 Device=None System=414 DrugCount=3
2026-07-02 18:10:55,734 [INFO] Drop=4 Q=2 Slot=None Device=None System=414 DrugCount=0
2026-07-02 18:10:55,734 [INFO] Drop=4 Q=3 Slot=22 Device=3 System=414 DrugCount=1
2026-07-02 18:10:55,734 [INFO] Drop=4 Q=4 Slot=None Device=None System=414 DrugCount=0
2026-07-02 18:10:55,738 [INFO]   POSTing drop 4 (slots: 22, 22)...
2026-07-02 18:10:55,738 [INFO] ================================================================================
2026-07-02 18:10:55,738 [INFO] PVS REQUEST: drop=4, station_type=21, station_id=21000
2026-07-02 18:10:55,738 [INFO] Quadrant 1: slot=22 device=None system=414 drug_count=3
2026-07-02 18:10:55,742 [INFO] Quadrant 2: slot=None device=None system=414 drug_count=0
2026-07-02 18:10:55,742 [INFO] Quadrant 3: slot=22 device=3 system=414 drug_count=1
2026-07-02 18:10:55,745 [INFO] Quadrant 4: slot=None device=None system=414 drug_count=0
2026-07-02 18:10:55,773 [INFO] PVS HTTP Status: 200
2026-07-02 18:10:57,774 [INFO] PVS RESPONSE: {
  "status": "success",
  "station_type": 21,
  "station_id": 21000
}
2026-07-02 18:10:57,774 [INFO] ================================================================================
2026-07-02 18:10:57,775 [INFO]     PVS response: {'status': 'success', 'station_type': 21, 'station_id': 21000}
2026-07-02 18:10:57,775 [INFO]   Initialising vision system (station_type=21, station_id=21000)...
2026-07-02 18:10:58,589 [INFO]   Init HTTP status: 200
2026-07-02 18:10:58,589 [INFO]   Init response: {
  "status": "success",
  "station_type": 21,
  "station_id": 21000
}
2026-07-02 18:10:58,590 [INFO]   Waiting 5 seconds for vision system to become ready...
2026-07-02 18:11:00,592 [INFO] Drop=5 Q=1 Slot=17 Device=None System=414 DrugCount=3
2026-07-02 18:11:00,592 [INFO] Drop=5 Q=2 Slot=None Device=None System=414 DrugCount=0
2026-07-02 18:11:00,592 [INFO] Drop=5 Q=3 Slot=17 Device=3 System=414 DrugCount=1
2026-07-02 18:11:00,592 [INFO] Drop=5 Q=4 Slot=None Device=None System=414 DrugCount=0
2026-07-02 18:11:00,592 [INFO]   POSTing drop 5 (slots: 17, 17)...
2026-07-02 18:11:00,592 [INFO] ================================================================================
2026-07-02 18:11:00,592 [INFO] PVS REQUEST: drop=5, station_type=21, station_id=21000
2026-07-02 18:11:00,592 [INFO] Quadrant 1: slot=17 device=None system=414 drug_count=3
2026-07-02 18:11:00,592 [INFO] Quadrant 2: slot=None device=None system=414 drug_count=0
2026-07-02 18:11:00,592 [INFO] Quadrant 3: slot=17 device=3 system=414 drug_count=1
2026-07-02 18:11:00,592 [INFO] Quadrant 4: slot=None device=None system=414 drug_count=0
2026-07-02 18:11:00,634 [INFO] PVS HTTP Status: 200
2026-07-02 18:11:02,642 [INFO] PVS RESPONSE: {
  "status": "success",
  "station_type": 21,
  "station_id": 21000
}
2026-07-02 18:11:02,645 [INFO] ================================================================================
2026-07-02 18:11:02,645 [INFO]     PVS response: {'status': 'success', 'station_type': 21, 'station_id': 21000}
2026-07-02 18:11:02,645 [INFO]   Initialising vision system (station_type=21, station_id=21000)...
2026-07-02 18:11:04,042 [INFO]   Init HTTP status: 200
2026-07-02 18:11:04,042 [INFO]   Init response: {
  "status": "success",
  "station_type": 21,
  "station_id": 21000
}
2026-07-02 18:11:04,042 [INFO]   Waiting 5 seconds for vision system to become ready...
2026-07-02 18:11:06,047 [INFO] Drop=6 Q=1 Slot=18 Device=None System=414 DrugCount=3
2026-07-02 18:11:06,048 [INFO] Drop=6 Q=2 Slot=None Device=None System=414 DrugCount=0
2026-07-02 18:11:06,048 [INFO] Drop=6 Q=3 Slot=18 Device=3 System=414 DrugCount=1
2026-07-02 18:11:06,048 [INFO] Drop=6 Q=4 Slot=None Device=None System=414 DrugCount=0
2026-07-02 18:11:06,048 [INFO]   POSTing drop 6 (slots: 18, 18)...
2026-07-02 18:11:06,052 [INFO] ================================================================================
2026-07-02 18:11:06,052 [INFO] PVS REQUEST: drop=6, station_type=21, station_id=21000
2026-07-02 18:11:06,052 [INFO] Quadrant 1: slot=18 device=None system=414 drug_count=3
2026-07-02 18:11:06,052 [INFO] Quadrant 2: slot=None device=None system=414 drug_count=0
2026-07-02 18:11:06,056 [INFO] Quadrant 3: slot=18 device=3 system=414 drug_count=1
2026-07-02 18:11:06,056 [INFO] Quadrant 4: slot=None device=None system=414 drug_count=0
2026-07-02 18:11:06,102 [INFO] PVS HTTP Status: 200
2026-07-02 18:11:08,104 [INFO] PVS RESPONSE: {
  "status": "success",
  "station_type": 21,
  "station_id": 21000
}
2026-07-02 18:11:08,104 [INFO] ================================================================================
2026-07-02 18:11:08,105 [INFO]     PVS response: {'status': 'success', 'station_type': 21, 'station_id': 21000}
2026-07-02 18:11:08,105 [INFO]   Initialising vision system (station_type=21, station_id=21000)...
2026-07-02 18:11:08,227 [INFO]   Init HTTP status: 200
2026-07-02 18:11:08,227 [INFO]   Init response: {
  "status": "success",
  "station_type": 21,
  "station_id": 21000
}
2026-07-02 18:11:08,228 [INFO]   Waiting 5 seconds for vision system to become ready...
2026-07-02 18:11:10,229 [INFO] Drop=7 Q=1 Slot=13 Device=None System=414 DrugCount=3
2026-07-02 18:11:10,229 [INFO] Drop=7 Q=2 Slot=None Device=None System=414 DrugCount=0
2026-07-02 18:11:10,229 [INFO] Drop=7 Q=3 Slot=13 Device=3 System=414 DrugCount=1
2026-07-02 18:11:10,229 [INFO] Drop=7 Q=4 Slot=None Device=None System=414 DrugCount=0
2026-07-02 18:11:10,229 [INFO]   POSTing drop 7 (slots: 13, 13)...
2026-07-02 18:11:10,229 [INFO] ================================================================================
2026-07-02 18:11:10,229 [INFO] PVS REQUEST: drop=7, station_type=21, station_id=21000
2026-07-02 18:11:10,229 [INFO] Quadrant 1: slot=13 device=None system=414 drug_count=3
2026-07-02 18:11:10,229 [INFO] Quadrant 2: slot=None device=None system=414 drug_count=0
2026-07-02 18:11:10,229 [INFO] Quadrant 3: slot=13 device=3 system=414 drug_count=1
2026-07-02 18:11:10,229 [INFO] Quadrant 4: slot=None device=None system=414 drug_count=0
2026-07-02 18:11:10,245 [INFO] PVS HTTP Status: 200
2026-07-02 18:11:12,249 [INFO] PVS RESPONSE: {
  "status": "success",
  "station_type": 21,
  "station_id": 21000
}
2026-07-02 18:11:12,249 [INFO] ================================================================================
2026-07-02 18:11:12,249 [INFO]     PVS response: {'status': 'success', 'station_type': 21, 'station_id': 21000}
2026-07-02 18:11:12,249 [INFO]   Initialising vision system (station_type=21, station_id=21000)...
2026-07-02 18:11:12,482 [INFO]   Init HTTP status: 200
2026-07-02 18:11:12,482 [INFO]   Init response: {
  "status": "success",
  "station_type": 21,
  "station_id": 21000
}
2026-07-02 18:11:12,484 [INFO]   Waiting 5 seconds for vision system to become ready...
2026-07-02 18:11:14,485 [INFO] Drop=8 Q=1 Slot=14 Device=None System=414 DrugCount=3
2026-07-02 18:11:14,485 [INFO] Drop=8 Q=2 Slot=None Device=None System=414 DrugCount=0
2026-07-02 18:11:14,485 [INFO] Drop=8 Q=3 Slot=14 Device=3 System=414 DrugCount=1
2026-07-02 18:11:14,485 [INFO] Drop=8 Q=4 Slot=None Device=None System=414 DrugCount=0
2026-07-02 18:11:14,485 [INFO]   POSTing drop 8 (slots: 14, 14)...
2026-07-02 18:11:14,485 [INFO] ================================================================================
2026-07-02 18:11:14,485 [INFO] PVS REQUEST: drop=8, station_type=21, station_id=21000
2026-07-02 18:11:14,485 [INFO] Quadrant 1: slot=14 device=None system=414 drug_count=3
2026-07-02 18:11:14,485 [INFO] Quadrant 2: slot=None device=None system=414 drug_count=0
2026-07-02 18:11:14,493 [INFO] Quadrant 3: slot=14 device=3 system=414 drug_count=1
2026-07-02 18:11:14,494 [INFO] Quadrant 4: slot=None device=None system=414 drug_count=0
2026-07-02 18:11:14,522 [INFO] PVS HTTP Status: 200
2026-07-02 18:11:16,527 [INFO] PVS RESPONSE: {
  "status": "success",
  "station_type": 21,
  "station_id": 21000
}
2026-07-02 18:11:16,527 [INFO] ================================================================================
2026-07-02 18:11:16,527 [INFO]     PVS response: {'status': 'success', 'station_type': 21, 'station_id': 21000}
2026-07-02 18:11:16,527 [INFO]   Initialising vision system (station_type=21, station_id=21000)...
2026-07-02 18:11:16,726 [INFO]   Init HTTP status: 200
2026-07-02 18:11:16,727 [INFO]   Init response: {
  "status": "success",
  "station_type": 21,
  "station_id": 21000
}
2026-07-02 18:11:16,728 [INFO]   Waiting 5 seconds for vision system to become ready...
2026-07-02 18:11:18,729 [INFO] Drop=9 Q=1 Slot=9 Device=None System=414 DrugCount=3
2026-07-02 18:11:18,730 [INFO] Drop=9 Q=2 Slot=None Device=None System=414 DrugCount=0
2026-07-02 18:11:18,731 [INFO] Drop=9 Q=3 Slot=9 Device=3 System=414 DrugCount=1
2026-07-02 18:11:18,732 [INFO] Drop=9 Q=4 Slot=None Device=None System=414 DrugCount=0
2026-07-02 18:11:18,733 [INFO]   POSTing drop 9 (slots: 9, 9)...
2026-07-02 18:11:18,734 [INFO] ================================================================================
2026-07-02 18:11:18,734 [INFO] PVS REQUEST: drop=9, station_type=21, station_id=21000
2026-07-02 18:11:18,735 [INFO] Quadrant 1: slot=9 device=None system=414 drug_count=3
2026-07-02 18:11:18,736 [INFO] Quadrant 2: slot=None device=None system=414 drug_count=0
2026-07-02 18:11:18,737 [INFO] Quadrant 3: slot=9 device=3 system=414 drug_count=1
2026-07-02 18:11:18,738 [INFO] Quadrant 4: slot=None device=None system=414 drug_count=0
2026-07-02 18:11:18,768 [INFO] PVS HTTP Status: 200
2026-07-02 18:11:20,769 [INFO] PVS RESPONSE: {
  "status": "success",
  "station_type": 21,
  "station_id": 21000
}
2026-07-02 18:11:20,769 [INFO] ================================================================================
2026-07-02 18:11:20,772 [INFO]     PVS response: {'status': 'success', 'station_type': 21, 'station_id': 21000}
2026-07-02 18:11:20,772 [INFO]   Initialising vision system (station_type=21, station_id=21000)...
2026-07-02 18:11:20,983 [INFO]   Init HTTP status: 200
2026-07-02 18:11:20,987 [INFO]   Init response: {
  "status": "success",
  "station_type": 21,
  "station_id": 21000
}
2026-07-02 18:11:20,987 [INFO]   Waiting 5 seconds for vision system to become ready...
2026-07-02 18:11:22,988 [INFO] Drop=10 Q=1 Slot=10 Device=None System=414 DrugCount=3
2026-07-02 18:11:22,988 [INFO] Drop=10 Q=2 Slot=None Device=None System=414 DrugCount=0
2026-07-02 18:11:22,988 [INFO] Drop=10 Q=3 Slot=10 Device=3 System=414 DrugCount=1
2026-07-02 18:11:22,988 [INFO] Drop=10 Q=4 Slot=None Device=None System=414 DrugCount=0
2026-07-02 18:11:22,988 [INFO]   POSTing drop 10 (slots: 10, 10)...
2026-07-02 18:11:22,988 [INFO] ================================================================================
2026-07-02 18:11:22,988 [INFO] PVS REQUEST: drop=10, station_type=21, station_id=21000
2026-07-02 18:11:22,988 [INFO] Quadrant 1: slot=10 device=None system=414 drug_count=3
2026-07-02 18:11:22,988 [INFO] Quadrant 2: slot=None device=None system=414 drug_count=0
2026-07-02 18:11:22,988 [INFO] Quadrant 3: slot=10 device=3 system=414 drug_count=1
2026-07-02 18:11:22,988 [INFO] Quadrant 4: slot=None device=None system=414 drug_count=0
2026-07-02 18:11:23,006 [INFO] PVS HTTP Status: 200
2026-07-02 18:11:25,007 [INFO] PVS RESPONSE: {
  "status": "success",
  "station_type": 21,
  "station_id": 21000
}
2026-07-02 18:11:25,008 [INFO] ================================================================================
2026-07-02 18:11:25,008 [INFO]     PVS response: {'status': 'success', 'station_type': 21, 'station_id': 21000}
2026-07-02 18:11:25,008 [INFO]   Initialising vision system (station_type=21, station_id=21000)...
2026-07-02 18:11:25,223 [INFO]   Init HTTP status: 200
2026-07-02 18:11:25,223 [INFO]   Init response: {
  "status": "success",
  "station_type": 21,
  "station_id": 21000
}
2026-07-02 18:11:25,223 [INFO]   Waiting 5 seconds for vision system to become ready...
2026-07-02 18:11:27,227 [INFO] Drop=11 Q=1 Slot=5 Device=None System=414 DrugCount=3
2026-07-02 18:11:27,251 [INFO] Drop=11 Q=2 Slot=None Device=None System=414 DrugCount=0
2026-07-02 18:11:27,251 [INFO] Drop=11 Q=3 Slot=5 Device=3 System=414 DrugCount=1
2026-07-02 18:11:27,251 [INFO] Drop=11 Q=4 Slot=None Device=None System=414 DrugCount=0
2026-07-02 18:11:27,252 [INFO]   POSTing drop 11 (slots: 5, 5)...
2026-07-02 18:11:27,252 [INFO] ================================================================================
2026-07-02 18:11:27,253 [INFO] PVS REQUEST: drop=11, station_type=21, station_id=21000
2026-07-02 18:11:27,253 [INFO] Quadrant 1: slot=5 device=None system=414 drug_count=3
2026-07-02 18:11:27,254 [INFO] Quadrant 2: slot=None device=None system=414 drug_count=0
2026-07-02 18:11:27,258 [INFO] Quadrant 3: slot=5 device=3 system=414 drug_count=1
2026-07-02 18:11:27,258 [INFO] Quadrant 4: slot=None device=None system=414 drug_count=0
2026-07-02 18:16:47,225 [INFO] Using cached token
2026-07-02 18:16:47,225 [INFO] Trying pack 164739 with device_id=2, system_id=414, company_id=4
2026-07-02 18:16:47,225 [INFO]   Fetching details for pack 164739
2026-07-02 18:16:49,155 [WARNING] device_id=2 generated 0 payloads, trying next device
2026-07-02 18:16:49,155 [INFO] Trying pack 164739 with device_id=3, system_id=414, company_id=4
2026-07-02 18:16:49,155 [INFO]   Fetching details for pack 164739
2026-07-02 18:16:52,507 [INFO] Pack 164739 valid using device_id=3 (14 payloads generated)
2026-07-02 18:16:52,515 [INFO] --- Processing pack 164739 (device=3, system=414) ---
2026-07-02 18:16:52,515 [INFO]   Fetching details for pack 164739
2026-07-02 18:16:53,105 [INFO]   Generated 14 drop payload(s)
2026-07-02 18:16:53,105 [INFO]   Initialising vision system (station_type=21, station_id=21000)...
2026-07-02 18:16:53,535 [INFO]   Init HTTP status: 200
2026-07-02 18:16:53,535 [INFO]   Init response: {
  "status": "success",
  "station_type": 21,
  "station_id": 21000
}
2026-07-02 18:16:53,535 [INFO]   Waiting 5 seconds for vision system to become ready...
2026-07-02 18:16:55,545 [INFO] Drop=1 Q=1 Slot=25 Device=112 System=414 DrugCount=3
2026-07-02 18:16:55,545 [INFO] Drop=1 Q=2 Slot=25 Device=1 System=414 DrugCount=1
2026-07-02 18:16:55,545 [INFO] Drop=1 Q=3 Slot=None Device=None System=414 DrugCount=0
2026-07-02 18:16:55,545 [INFO] Drop=1 Q=4 Slot=None Device=None System=414 DrugCount=0
2026-07-02 18:16:55,545 [INFO]   POSTing drop 1 (slots: 25, 25)...
2026-07-02 18:16:55,545 [INFO] ================================================================================
2026-07-02 18:16:55,545 [INFO] PVS REQUEST: drop=1, station_type=21, station_id=21000
2026-07-02 18:16:55,553 [INFO] Quadrant 1: slot=25 device=112 system=414 drug_count=3
2026-07-02 18:16:55,553 [INFO] Quadrant 2: slot=25 device=1 system=414 drug_count=1
2026-07-02 18:16:55,553 [INFO] Quadrant 3: slot=None device=None system=414 drug_count=0
2026-07-02 18:16:55,555 [INFO] Quadrant 4: slot=None device=None system=414 drug_count=0
2026-07-02 18:16:55,585 [INFO] PVS HTTP Status: 200
2026-07-02 18:16:57,589 [INFO] PVS RESPONSE: {
  "status": "success",
  "station_type": 21,
  "station_id": 21000
}
2026-07-02 18:16:57,589 [INFO] ================================================================================
2026-07-02 18:16:57,589 [INFO]     PVS response: {'status': 'success', 'station_type': 21, 'station_id': 21000}
2026-07-02 18:16:57,589 [INFO]   Initialising vision system (station_type=21, station_id=21000)...
2026-07-02 18:16:57,756 [INFO]   Init HTTP status: 200
2026-07-02 18:16:57,756 [INFO]   Init response: {
  "status": "success",
  "station_type": 21,
  "station_id": 21000
}
2026-07-02 18:16:57,756 [INFO]   Waiting 5 seconds for vision system to become ready...
2026-07-02 18:16:59,758 [INFO] Drop=2 Q=1 Slot=26 Device=3 System=414 DrugCount=1
2026-07-02 18:16:59,759 [INFO] Drop=2 Q=2 Slot=None Device=None System=414 DrugCount=0
2026-07-02 18:16:59,759 [INFO] Drop=2 Q=3 Slot=26 Device=3 System=414 DrugCount=2
2026-07-02 18:16:59,759 [INFO] Drop=2 Q=4 Slot=26 Device=3 System=414 DrugCount=1
2026-07-02 18:16:59,759 [INFO]   POSTing drop 2 (slots: 26, 26, 26)...
2026-07-02 18:16:59,759 [INFO] ================================================================================
2026-07-02 18:16:59,759 [INFO] PVS REQUEST: drop=2, station_type=21, station_id=21000
2026-07-02 18:16:59,759 [INFO] Quadrant 1: slot=26 device=3 system=414 drug_count=1
2026-07-02 18:16:59,765 [INFO] Quadrant 2: slot=None device=None system=414 drug_count=0
2026-07-02 18:16:59,765 [INFO] Quadrant 3: slot=26 device=3 system=414 drug_count=2
2026-07-02 18:16:59,765 [INFO] Quadrant 4: slot=26 device=3 system=414 drug_count=1
2026-07-02 18:16:59,789 [INFO] PVS HTTP Status: 200
2026-07-02 18:17:01,795 [INFO] PVS RESPONSE: {
  "status": "success",
  "station_type": 21,
  "station_id": 21000
}
2026-07-02 18:17:01,795 [INFO] ================================================================================
2026-07-02 18:17:01,795 [INFO]     PVS response: {'status': 'success', 'station_type': 21, 'station_id': 21000}
2026-07-02 18:17:01,795 [INFO]   Initialising vision system (station_type=21, station_id=21000)...
2026-07-02 18:17:02,040 [INFO]   Init HTTP status: 200
2026-07-02 18:17:02,045 [INFO]   Init response: {
  "status": "success",
  "station_type": 21,
  "station_id": 21000
}
2026-07-02 18:17:02,045 [INFO]   Waiting 5 seconds for vision system to become ready...
2026-07-02 18:17:04,048 [INFO] Drop=3 Q=1 Slot=21 Device=112 System=414 DrugCount=3
2026-07-02 18:17:04,049 [INFO] Drop=3 Q=2 Slot=21 Device=1 System=414 DrugCount=1
2026-07-02 18:17:04,049 [INFO] Drop=3 Q=3 Slot=None Device=None System=414 DrugCount=0
2026-07-02 18:17:04,049 [INFO] Drop=3 Q=4 Slot=None Device=None System=414 DrugCount=0
2026-07-02 18:17:04,049 [INFO]   POSTing drop 3 (slots: 21, 21)...
2026-07-02 18:17:04,049 [INFO] ================================================================================
2026-07-02 18:17:04,049 [INFO] PVS REQUEST: drop=3, station_type=21, station_id=21000
2026-07-02 18:17:04,049 [INFO] Quadrant 1: slot=21 device=112 system=414 drug_count=3
2026-07-02 18:17:04,049 [INFO] Quadrant 2: slot=21 device=1 system=414 drug_count=1
2026-07-02 18:17:04,049 [INFO] Quadrant 3: slot=None device=None system=414 drug_count=0
2026-07-02 18:17:04,049 [INFO] Quadrant 4: slot=None device=None system=414 drug_count=0
2026-07-02 18:17:04,065 [INFO] PVS HTTP Status: 200
2026-07-02 18:17:06,071 [INFO] PVS RESPONSE: {
  "status": "success",
  "station_type": 21,
  "station_id": 21000
}
2026-07-02 18:17:06,071 [INFO] ================================================================================
2026-07-02 18:17:06,071 [INFO]     PVS response: {'status': 'success', 'station_type': 21, 'station_id': 21000}
2026-07-02 18:17:06,071 [INFO]   Initialising vision system (station_type=21, station_id=21000)...
2026-07-02 18:17:06,285 [INFO]   Init HTTP status: 200
2026-07-02 18:17:06,285 [INFO]   Init response: {
  "status": "success",
  "station_type": 21,
  "station_id": 21000
}
2026-07-02 18:17:06,285 [INFO]   Waiting 5 seconds for vision system to become ready...
2026-07-02 18:17:08,290 [INFO] Drop=4 Q=1 Slot=22 Device=3 System=414 DrugCount=1
2026-07-02 18:17:08,290 [INFO] Drop=4 Q=2 Slot=None Device=None System=414 DrugCount=0
2026-07-02 18:17:08,290 [INFO] Drop=4 Q=3 Slot=22 Device=3 System=414 DrugCount=2
2026-07-02 18:17:08,290 [INFO] Drop=4 Q=4 Slot=22 Device=3 System=414 DrugCount=1
2026-07-02 18:17:08,295 [INFO]   POSTing drop 4 (slots: 22, 22, 22)...
2026-07-02 18:17:08,295 [INFO] ================================================================================
2026-07-02 18:17:08,295 [INFO] PVS REQUEST: drop=4, station_type=21, station_id=21000
2026-07-02 18:17:08,295 [INFO] Quadrant 1: slot=22 device=3 system=414 drug_count=1
2026-07-02 18:17:08,295 [INFO] Quadrant 2: slot=None device=None system=414 drug_count=0
2026-07-02 18:17:08,299 [INFO] Quadrant 3: slot=22 device=3 system=414 drug_count=2
2026-07-02 18:17:08,299 [INFO] Quadrant 4: slot=22 device=3 system=414 drug_count=1
2026-07-02 18:17:08,325 [INFO] PVS HTTP Status: 200
2026-07-02 18:17:10,330 [INFO] PVS RESPONSE: {
  "status": "success",
  "station_type": 21,
  "station_id": 21000
}
2026-07-02 18:17:10,330 [INFO] ================================================================================
2026-07-02 18:17:10,330 [INFO]     PVS response: {'status': 'success', 'station_type': 21, 'station_id': 21000}
2026-07-02 18:17:10,330 [INFO]   Initialising vision system (station_type=21, station_id=21000)...
2026-07-02 18:17:10,545 [INFO]   Init HTTP status: 200
2026-07-02 18:17:10,545 [INFO]   Init response: {
  "status": "success",
  "station_type": 21,
  "station_id": 21000
}
2026-07-02 18:17:10,545 [INFO]   Waiting 5 seconds for vision system to become ready...
2026-07-02 18:17:12,556 [INFO] Drop=5 Q=1 Slot=17 Device=112 System=414 DrugCount=3
2026-07-02 18:17:12,556 [INFO] Drop=5 Q=2 Slot=17 Device=1 System=414 DrugCount=1
2026-07-02 18:17:12,556 [INFO] Drop=5 Q=3 Slot=None Device=None System=414 DrugCount=0
2026-07-02 18:17:12,556 [INFO] Drop=5 Q=4 Slot=None Device=None System=414 DrugCount=0
2026-07-02 18:17:12,556 [INFO]   POSTing drop 5 (slots: 17, 17)...
2026-07-02 18:17:12,556 [INFO] ================================================================================
2026-07-02 18:17:12,556 [INFO] PVS REQUEST: drop=5, station_type=21, station_id=21000
2026-07-02 18:17:12,556 [INFO] Quadrant 1: slot=17 device=112 system=414 drug_count=3
2026-07-02 18:17:12,556 [INFO] Quadrant 2: slot=17 device=1 system=414 drug_count=1
2026-07-02 18:17:12,556 [INFO] Quadrant 3: slot=None device=None system=414 drug_count=0
2026-07-02 18:17:12,565 [INFO] Quadrant 4: slot=None device=None system=414 drug_count=0
2026-07-02 18:17:33,607 [ERROR]     FAILED PVS POST: HTTPConnectionPool(host='172.29.0.68', port=13000): Max retries exceeded with url: /api/perform_vision_system_analysis (Caused by ConnectTimeoutError(<HTTPConnection(host='172.29.0.68', port=13000) at 0x23904c52d90>, 'Connection to 172.29.0.68 timed out. (connect timeout=60)'))
2026-07-02 18:17:33,607 [INFO]   Initialising vision system (station_type=21, station_id=21000)...
2026-07-02 18:17:54,668 [ERROR]   FAILED vision system init for drop 6: HTTPConnectionPool(host='172.29.0.68', port=13000): Max retries exceeded with url: /api/initiate_vision_system?station_type=21&station_id=21000&msg_id=2&cmd=init_camera (Caused by ConnectTimeoutError(<HTTPConnection(host='172.29.0.68', port=13000) at 0x23904c65750>, 'Connection to 172.29.0.68 timed out. (connect timeout=30)'))
2026-07-02 18:17:54,668 [INFO]   Initialising vision system (station_type=21, station_id=21000)...
2026-07-02 18:17:57,856 [ERROR]   FAILED vision system init for drop 7: HTTPConnectionPool(host='172.29.0.68', port=13000): Max retries exceeded with url: /api/initiate_vision_system?station_type=21&station_id=21000&msg_id=2&cmd=init_camera (Caused by NewConnectionError("HTTPConnection(host='172.29.0.68', port=13000): Failed to establish a new connection: [WinError 10061] No connection could be made because the target machine actively refused it"))
2026-07-02 18:17:57,856 [INFO]   Initialising vision system (station_type=21, station_id=21000)...
2026-07-02 18:17:59,929 [ERROR]   FAILED vision system init for drop 8: HTTPConnectionPool(host='172.29.0.68', port=13000): Max retries exceeded with url: /api/initiate_vision_system?station_type=21&station_id=21000&msg_id=2&cmd=init_camera (Caused by NewConnectionError("HTTPConnection(host='172.29.0.68', port=13000): Failed to establish a new connection: [WinError 10061] No connection could be made because the target machine actively refused it"))
2026-07-02 18:17:59,929 [INFO]   Initialising vision system (station_type=21, station_id=21000)...
2026-07-02 18:18:01,987 [ERROR]   FAILED vision system init for drop 9: HTTPConnectionPool(host='172.29.0.68', port=13000): Max retries exceeded with url: /api/initiate_vision_system?station_type=21&station_id=21000&msg_id=2&cmd=init_camera (Caused by NewConnectionError("HTTPConnection(host='172.29.0.68', port=13000): Failed to establish a new connection: [WinError 10061] No connection could be made because the target machine actively refused it"))
2026-07-02 18:18:01,987 [INFO]   Initialising vision system (station_type=21, station_id=21000)...
2026-07-02 18:18:04,056 [ERROR]   FAILED vision system init for drop 10: HTTPConnectionPool(host='172.29.0.68', port=13000): Max retries exceeded with url: /api/initiate_vision_system?station_type=21&station_id=21000&msg_id=2&cmd=init_camera (Caused by NewConnectionError("HTTPConnection(host='172.29.0.68', port=13000): Failed to establish a new connection: [WinError 10061] No connection could be made because the target machine actively refused it"))
2026-07-02 18:18:04,056 [INFO]   Initialising vision system (station_type=21, station_id=21000)...
2026-07-02 18:18:06,125 [ERROR]   FAILED vision system init for drop 11: HTTPConnectionPool(host='172.29.0.68', port=13000): Max retries exceeded with url: /api/initiate_vision_system?station_type=21&station_id=21000&msg_id=2&cmd=init_camera (Caused by NewConnectionError("HTTPConnection(host='172.29.0.68', port=13000): Failed to establish a new connection: [WinError 10061] No connection could be made because the target machine actively refused it"))
2026-07-02 18:18:06,125 [INFO]   Initialising vision system (station_type=21, station_id=21000)...
2026-07-02 18:18:08,205 [ERROR]   FAILED vision system init for drop 12: HTTPConnectionPool(host='172.29.0.68', port=13000): Max retries exceeded with url: /api/initiate_vision_system?station_type=21&station_id=21000&msg_id=2&cmd=init_camera (Caused by NewConnectionError("HTTPConnection(host='172.29.0.68', port=13000): Failed to establish a new connection: [WinError 10061] No connection could be made because the target machine actively refused it"))
2026-07-02 18:18:08,205 [INFO]   Initialising vision system (station_type=21, station_id=21000)...
2026-07-02 18:18:10,289 [ERROR]   FAILED vision system init for drop 13: HTTPConnectionPool(host='172.29.0.68', port=13000): Max retries exceeded with url: /api/initiate_vision_system?station_type=21&station_id=21000&msg_id=2&cmd=init_camera (Caused by NewConnectionError("HTTPConnection(host='172.29.0.68', port=13000): Failed to establish a new connection: [WinError 10061] No connection could be made because the target machine actively refused it"))
2026-07-02 18:18:10,289 [INFO]   Initialising vision system (station_type=21, station_id=21000)...
2026-07-02 18:18:12,355 [ERROR]   FAILED vision system init for drop 14: HTTPConnectionPool(host='172.29.0.68', port=13000): Max retries exceeded with url: /api/initiate_vision_system?station_type=21&station_id=21000&msg_id=2&cmd=init_camera (Caused by NewConnectionError("HTTPConnection(host='172.29.0.68', port=13000): Failed to establish a new connection: [WinError 10061] No connection could be made because the target machine actively refused it"))
2026-07-02 18:18:12,935 [INFO] Using cached token
2026-07-02 18:18:12,935 [INFO] Trying pack 164749 with device_id=2, system_id=414, company_id=4
2026-07-02 18:18:12,935 [INFO]   Fetching details for pack 164749
2026-07-02 18:18:13,605 [WARNING] device_id=2 generated 0 payloads, trying next device
2026-07-02 18:18:13,611 [INFO] Trying pack 164749 with device_id=3, system_id=414, company_id=4
2026-07-02 18:18:13,611 [INFO]   Fetching details for pack 164749
2026-07-02 18:18:14,855 [INFO] Pack 164749 valid using device_id=3 (18 payloads generated)
2026-07-02 18:18:14,855 [INFO] --- Processing pack 164749 (device=3, system=414) ---
2026-07-02 18:18:14,855 [INFO]   Fetching details for pack 164749
2026-07-02 18:18:15,705 [INFO]   Generated 18 drop payload(s)
2026-07-02 18:18:15,705 [INFO]   Initialising vision system (station_type=21, station_id=21000)...
2026-07-02 18:18:17,805 [INFO]   Init HTTP status: 200
2026-07-02 18:18:17,805 [INFO]   Init response: {
  "status": "success",
  "station_type": 21,
  "station_id": 21000
}
2026-07-02 18:18:17,805 [INFO]   Waiting 5 seconds for vision system to become ready...
2026-07-02 18:18:19,807 [INFO] Drop=1 Q=1 Slot=22 Device=3 System=414 DrugCount=2
2026-07-02 18:18:19,807 [INFO] Drop=1 Q=2 Slot=26 Device=115 System=414 DrugCount=2
2026-07-02 18:18:19,807 [INFO] Drop=1 Q=3 Slot=None Device=None System=414 DrugCount=0
2026-07-02 18:18:19,807 [INFO] Drop=1 Q=4 Slot=None Device=None System=414 DrugCount=0
2026-07-02 18:18:19,807 [INFO]   POSTing drop 1 (slots: 22, 26)...
2026-07-02 18:18:19,807 [INFO] ================================================================================
2026-07-02 18:18:19,807 [INFO] PVS REQUEST: drop=1, station_type=21, station_id=21000
2026-07-02 18:18:19,807 [INFO] Quadrant 1: slot=22 device=3 system=414 drug_count=2
2026-07-02 18:18:19,815 [INFO] Quadrant 2: slot=26 device=115 system=414 drug_count=2
2026-07-02 18:18:19,815 [INFO] Quadrant 3: slot=None device=None system=414 drug_count=0
2026-07-02 18:18:19,815 [INFO] Quadrant 4: slot=None device=None system=414 drug_count=0
2026-07-02 18:18:19,845 [INFO] PVS HTTP Status: 200
2026-07-02 18:18:21,848 [INFO] PVS RESPONSE: {
  "status": "success",
  "station_type": 21,
  "station_id": 21000
}
2026-07-02 18:18:21,848 [INFO] ================================================================================
2026-07-02 18:18:21,848 [INFO]     PVS response: {'status': 'success', 'station_type': 21, 'station_id': 21000}
2026-07-02 18:18:21,848 [INFO]   Initialising vision system (station_type=21, station_id=21000)...
2026-07-02 18:18:22,195 [INFO]   Init HTTP status: 200
2026-07-02 18:18:22,195 [INFO]   Init response: {
  "status": "success",
  "station_type": 21,
  "station_id": 21000
}
2026-07-02 18:18:22,195 [INFO]   Waiting 5 seconds for vision system to become ready...
2026-07-02 18:18:24,202 [INFO] Drop=2 Q=1 Slot=14 Device=3 System=414 DrugCount=2
2026-07-02 18:18:24,202 [INFO] Drop=2 Q=2 Slot=18 Device=115 System=414 DrugCount=2
2026-07-02 18:18:24,202 [INFO] Drop=2 Q=3 Slot=None Device=None System=414 DrugCount=0
2026-07-02 18:18:24,205 [INFO] Drop=2 Q=4 Slot=None Device=None System=414 DrugCount=0
2026-07-02 18:18:24,205 [INFO]   POSTing drop 2 (slots: 14, 18)...
2026-07-02 18:18:24,205 [INFO] ================================================================================
2026-07-02 18:18:24,205 [INFO] PVS REQUEST: drop=2, station_type=21, station_id=21000
2026-07-02 18:18:24,209 [INFO] Quadrant 1: slot=14 device=3 system=414 drug_count=2
2026-07-02 18:18:24,209 [INFO] Quadrant 2: slot=18 device=115 system=414 drug_count=2
2026-07-02 18:18:24,209 [INFO] Quadrant 3: slot=None device=None system=414 drug_count=0
2026-07-02 18:18:24,209 [INFO] Quadrant 4: slot=None device=None system=414 drug_count=0
2026-07-02 18:18:24,235 [INFO] PVS HTTP Status: 200
2026-07-02 18:18:26,240 [INFO] PVS RESPONSE: {
  "status": "success",
  "station_type": 21,
  "station_id": 21000
}
2026-07-02 18:18:26,240 [INFO] ================================================================================
2026-07-02 18:18:26,240 [INFO]     PVS response: {'status': 'success', 'station_type': 21, 'station_id': 21000}
2026-07-02 18:18:26,240 [INFO]   Initialising vision system (station_type=21, station_id=21000)...
2026-07-02 18:18:26,406 [INFO]   Init HTTP status: 200
2026-07-02 18:18:26,406 [INFO]   Init response: {
  "status": "success",
  "station_type": 21,
  "station_id": 21000
}
2026-07-02 18:18:26,406 [INFO]   Waiting 5 seconds for vision system to become ready...
2026-07-02 18:18:28,411 [INFO] Drop=3 Q=1 Slot=6 Device=3 System=414 DrugCount=2
2026-07-02 18:18:28,411 [INFO] Drop=3 Q=2 Slot=10 Device=115 System=414 DrugCount=2
2026-07-02 18:18:28,411 [INFO] Drop=3 Q=3 Slot=None Device=None System=414 DrugCount=0
2026-07-02 18:18:28,411 [INFO] Drop=3 Q=4 Slot=None Device=None System=414 DrugCount=0
2026-07-02 18:18:28,411 [INFO]   POSTing drop 3 (slots: 6, 10)...
2026-07-02 18:18:28,411 [INFO] ================================================================================
2026-07-02 18:18:28,411 [INFO] PVS REQUEST: drop=3, station_type=21, station_id=21000
2026-07-02 18:18:28,415 [INFO] Quadrant 1: slot=6 device=3 system=414 drug_count=2
2026-07-02 18:18:28,415 [INFO] Quadrant 2: slot=10 device=115 system=414 drug_count=2
2026-07-02 18:18:28,415 [INFO] Quadrant 3: slot=None device=None system=414 drug_count=0
2026-07-02 18:18:28,415 [INFO] Quadrant 4: slot=None device=None system=414 drug_count=0
2026-07-02 18:18:28,435 [INFO] PVS HTTP Status: 200
2026-07-02 18:18:30,444 [INFO] PVS RESPONSE: {
  "status": "success",
  "station_type": 21,
  "station_id": 21000
}
2026-07-02 18:18:30,444 [INFO] ================================================================================
2026-07-02 18:18:30,444 [INFO]     PVS response: {'status': 'success', 'station_type': 21, 'station_id': 21000}
2026-07-02 18:18:30,445 [INFO]   Initialising vision system (station_type=21, station_id=21000)...
2026-07-02 18:18:31,726 [INFO]   Init HTTP status: 200
2026-07-02 18:18:31,736 [INFO]   Init response: {
  "status": "success",
  "station_type": 21,
  "station_id": 21000
}
2026-07-02 18:18:31,736 [INFO]   Waiting 5 seconds for vision system to become ready...
2026-07-02 18:18:33,738 [INFO] Drop=4 Q=1 Slot=None Device=None System=414 DrugCount=0
2026-07-02 18:18:33,738 [INFO] Drop=4 Q=2 Slot=2 Device=115 System=414 DrugCount=2
2026-07-02 18:18:33,738 [INFO] Drop=4 Q=3 Slot=None Device=None System=414 DrugCount=0
2026-07-02 18:18:33,738 [INFO] Drop=4 Q=4 Slot=None Device=None System=414 DrugCount=0
2026-07-02 18:18:33,738 [INFO]   POSTing drop 4 (slots: 2)...
2026-07-02 18:18:33,738 [INFO] ================================================================================
2026-07-02 18:18:33,738 [INFO] PVS REQUEST: drop=4, station_type=21, station_id=21000
2026-07-02 18:18:33,738 [INFO] Quadrant 1: slot=None device=None system=414 drug_count=0
2026-07-02 18:18:33,738 [INFO] Quadrant 2: slot=2 device=115 system=414 drug_count=2
2026-07-02 18:18:33,738 [INFO] Quadrant 3: slot=None device=None system=414 drug_count=0
2026-07-02 18:18:33,738 [INFO] Quadrant 4: slot=None device=None system=414 drug_count=0
2026-07-02 18:18:33,755 [INFO] PVS HTTP Status: 200
2026-07-02 18:18:35,763 [INFO] PVS RESPONSE: {
  "status": "success",
  "station_type": 21,
  "station_id": 21000
}
2026-07-02 18:18:35,763 [INFO] ================================================================================
2026-07-02 18:18:35,765 [INFO]     PVS response: {'status': 'success', 'station_type': 21, 'station_id': 21000}
2026-07-02 18:18:35,765 [INFO]   Initialising vision system (station_type=21, station_id=21000)...
2026-07-02 18:18:35,888 [INFO]   Init HTTP status: 200
2026-07-02 18:18:35,888 [INFO]   Init response: {
  "status": "success",
  "station_type": 21,
  "station_id": 21000
}
2026-07-02 18:18:35,888 [INFO]   Waiting 5 seconds for vision system to become ready...
2026-07-02 18:18:37,892 [INFO] Drop=5 Q=1 Slot=25 Device=3 System=414 DrugCount=7
2026-07-02 18:18:37,892 [INFO] Drop=5 Q=2 Slot=25 Device=1 System=414 DrugCount=1
2026-07-02 18:18:37,892 [INFO] Drop=5 Q=3 Slot=None Device=None System=414 DrugCount=0
2026-07-02 18:18:37,892 [INFO] Drop=5 Q=4 Slot=None Device=None System=414 DrugCount=0
2026-07-02 18:18:37,895 [INFO]   POSTing drop 5 (slots: 25, 25)...
2026-07-02 18:18:37,895 [INFO] ================================================================================
2026-07-02 18:18:37,895 [INFO] PVS REQUEST: drop=5, station_type=21, station_id=21000
2026-07-02 18:18:37,895 [INFO] Quadrant 1: slot=25 device=3 system=414 drug_count=7
2026-07-02 18:18:37,895 [INFO] Quadrant 2: slot=25 device=1 system=414 drug_count=1
2026-07-02 18:18:37,895 [INFO] Quadrant 3: slot=None device=None system=414 drug_count=0
2026-07-02 18:18:37,901 [INFO] Quadrant 4: slot=None device=None system=414 drug_count=0
2026-07-02 18:19:44,063 [INFO] Using cached token
2026-07-02 18:19:44,063 [INFO] Trying pack 164739 with device_id=2, system_id=414, company_id=4
2026-07-02 18:19:44,063 [INFO]   Fetching details for pack 164739
2026-07-02 18:19:44,818 [WARNING] device_id=2 generated 0 payloads, trying next device
2026-07-02 18:19:44,818 [INFO] Trying pack 164739 with device_id=3, system_id=414, company_id=4
2026-07-02 18:19:44,823 [INFO]   Fetching details for pack 164739
2026-07-02 18:19:45,529 [INFO] Pack 164739 valid using device_id=3 (14 payloads generated)
2026-07-02 18:19:45,529 [INFO] --- Processing pack 164739 (device=3, system=414) ---
2026-07-02 18:19:45,529 [INFO]   Fetching details for pack 164739
2026-07-02 18:19:46,246 [INFO]   Generated 14 drop payload(s)
2026-07-02 18:19:46,246 [INFO]   Initialising vision system (station_type=21, station_id=21000)...
2026-07-02 18:19:46,307 [INFO]   Init HTTP status: 200
2026-07-02 18:19:46,307 [INFO]   Init response: {
  "status": "success",
  "station_type": 21,
  "station_id": 21000
}
2026-07-02 18:19:46,316 [INFO]   Waiting 5 seconds for vision system to become ready...
2026-07-02 18:19:48,317 [INFO] Drop=1 Q=1 Slot=25 Device=112 System=414 DrugCount=3
2026-07-02 18:19:48,317 [INFO] Drop=1 Q=2 Slot=25 Device=1 System=414 DrugCount=1
2026-07-02 18:19:48,317 [INFO] Drop=1 Q=3 Slot=None Device=None System=414 DrugCount=0
2026-07-02 18:19:48,317 [INFO] Drop=1 Q=4 Slot=None Device=None System=414 DrugCount=0
2026-07-02 18:19:48,323 [INFO]   POSTing drop 1 (slots: 25, 25)...
2026-07-02 18:19:48,323 [INFO] ================================================================================
2026-07-02 18:19:48,323 [INFO] PVS REQUEST: drop=1, station_type=21, station_id=21000
2026-07-02 18:19:48,326 [INFO] Quadrant 1: slot=25 device=112 system=414 drug_count=3
2026-07-02 18:19:48,328 [INFO] Quadrant 2: slot=25 device=1 system=414 drug_count=1
2026-07-02 18:19:48,328 [INFO] Quadrant 3: slot=None device=None system=414 drug_count=0
2026-07-02 18:19:48,330 [INFO] Quadrant 4: slot=None device=None system=414 drug_count=0
2026-07-02 18:19:48,406 [INFO] PVS HTTP Status: 200
2026-07-02 18:19:50,407 [INFO] PVS RESPONSE: {
  "status": "success",
  "station_type": 21,
  "station_id": 21000
}
2026-07-02 18:19:50,407 [INFO] ================================================================================
2026-07-02 18:19:50,407 [INFO]     PVS response: {'status': 'success', 'station_type': 21, 'station_id': 21000}
2026-07-02 18:19:50,411 [INFO]   Initialising vision system (station_type=21, station_id=21000)...
2026-07-02 18:19:50,711 [INFO]   Init HTTP status: 200
2026-07-02 18:19:50,711 [INFO]   Init response: {
  "status": "success",
  "station_type": 21,
  "station_id": 21000
}
2026-07-02 18:19:50,711 [INFO]   Waiting 5 seconds for vision system to become ready...
2026-07-02 18:19:52,715 [INFO] Drop=2 Q=1 Slot=26 Device=3 System=414 DrugCount=1
2026-07-02 18:19:52,716 [INFO] Drop=2 Q=2 Slot=None Device=None System=414 DrugCount=0
2026-07-02 18:19:52,716 [INFO] Drop=2 Q=3 Slot=26 Device=3 System=414 DrugCount=2
2026-07-02 18:19:52,718 [INFO] Drop=2 Q=4 Slot=26 Device=3 System=414 DrugCount=1
2026-07-02 18:19:52,718 [INFO]   POSTing drop 2 (slots: 26, 26, 26)...
2026-07-02 18:19:52,718 [INFO] ================================================================================
2026-07-02 18:19:52,721 [INFO] PVS REQUEST: drop=2, station_type=21, station_id=21000
2026-07-02 18:19:52,721 [INFO] Quadrant 1: slot=26 device=3 system=414 drug_count=1
2026-07-02 18:19:52,723 [INFO] Quadrant 2: slot=None device=None system=414 drug_count=0
2026-07-02 18:19:52,723 [INFO] Quadrant 3: slot=26 device=3 system=414 drug_count=2
2026-07-02 18:19:52,724 [INFO] Quadrant 4: slot=26 device=3 system=414 drug_count=1
2026-07-02 18:19:52,768 [INFO] PVS HTTP Status: 200
2026-07-02 18:19:54,771 [INFO] PVS RESPONSE: {
  "status": "success",
  "station_type": 21,
  "station_id": 21000
}
2026-07-02 18:19:54,771 [INFO] ================================================================================
2026-07-02 18:19:54,773 [INFO]     PVS response: {'status': 'success', 'station_type': 21, 'station_id': 21000}
2026-07-02 18:19:54,773 [INFO]   Initialising vision system (station_type=21, station_id=21000)...
2026-07-02 18:20:15,812 [ERROR]   FAILED vision system init for drop 3: HTTPConnectionPool(host='172.29.0.68', port=13000): Max retries exceeded with url: /api/initiate_vision_system?station_type=21&station_id=21000&msg_id=2&cmd=init_camera (Caused by ConnectTimeoutError(<HTTPConnection(host='172.29.0.68', port=13000) at 0x242f37f3650>, 'Connection to 172.29.0.68 timed out. (connect timeout=30)'))
2026-07-02 18:20:15,812 [INFO]   Initialising vision system (station_type=21, station_id=21000)...
2026-07-02 18:20:36,850 [ERROR]   FAILED vision system init for drop 4: HTTPConnectionPool(host='172.29.0.68', port=13000): Max retries exceeded with url: /api/initiate_vision_system?station_type=21&station_id=21000&msg_id=2&cmd=init_camera (Caused by ConnectTimeoutError(<HTTPConnection(host='172.29.0.68', port=13000) at 0x242f37fd890>, 'Connection to 172.29.0.68 timed out. (connect timeout=30)'))
2026-07-02 18:20:36,851 [INFO]   Initialising vision system (station_type=21, station_id=21000)...
2026-07-02 18:20:38,946 [ERROR]   FAILED vision system init for drop 5: HTTPConnectionPool(host='172.29.0.68', port=13000): Max retries exceeded with url: /api/initiate_vision_system?station_type=21&station_id=21000&msg_id=2&cmd=init_camera (Caused by NewConnectionError("HTTPConnection(host='172.29.0.68', port=13000): Failed to establish a new connection: [WinError 10061] No connection could be made because the target machine actively refused it"))
2026-07-02 18:20:38,954 [INFO]   Initialising vision system (station_type=21, station_id=21000)...
2026-07-02 18:20:41,041 [ERROR]   FAILED vision system init for drop 6: HTTPConnectionPool(host='172.29.0.68', port=13000): Max retries exceeded with url: /api/initiate_vision_system?station_type=21&station_id=21000&msg_id=2&cmd=init_camera (Caused by NewConnectionError("HTTPConnection(host='172.29.0.68', port=13000): Failed to establish a new connection: [WinError 10061] No connection could be made because the target machine actively refused it"))
2026-07-02 18:20:41,041 [INFO]   Initialising vision system (station_type=21, station_id=21000)...
2026-07-02 18:20:43,109 [ERROR]   FAILED vision system init for drop 7: HTTPConnectionPool(host='172.29.0.68', port=13000): Max retries exceeded with url: /api/initiate_vision_system?station_type=21&station_id=21000&msg_id=2&cmd=init_camera (Caused by NewConnectionError("HTTPConnection(host='172.29.0.68', port=13000): Failed to establish a new connection: [WinError 10061] No connection could be made because the target machine actively refused it"))
2026-07-02 18:20:43,111 [INFO]   Initialising vision system (station_type=21, station_id=21000)...
2026-07-02 18:20:45,182 [ERROR]   FAILED vision system init for drop 8: HTTPConnectionPool(host='172.29.0.68', port=13000): Max retries exceeded with url: /api/initiate_vision_system?station_type=21&station_id=21000&msg_id=2&cmd=init_camera (Caused by NewConnectionError("HTTPConnection(host='172.29.0.68', port=13000): Failed to establish a new connection: [WinError 10061] No connection could be made because the target machine actively refused it"))
2026-07-02 18:20:45,186 [INFO]   Initialising vision system (station_type=21, station_id=21000)...
2026-07-02 18:20:47,282 [ERROR]   FAILED vision system init for drop 9: HTTPConnectionPool(host='172.29.0.68', port=13000): Max retries exceeded with url: /api/initiate_vision_system?station_type=21&station_id=21000&msg_id=2&cmd=init_camera (Caused by NewConnectionError("HTTPConnection(host='172.29.0.68', port=13000): Failed to establish a new connection: [WinError 10061] No connection could be made because the target machine actively refused it"))
2026-07-02 18:20:47,283 [INFO]   Initialising vision system (station_type=21, station_id=21000)...
2026-07-02 18:20:49,359 [ERROR]   FAILED vision system init for drop 10: HTTPConnectionPool(host='172.29.0.68', port=13000): Max retries exceeded with url: /api/initiate_vision_system?station_type=21&station_id=21000&msg_id=2&cmd=init_camera (Caused by NewConnectionError("HTTPConnection(host='172.29.0.68', port=13000): Failed to establish a new connection: [WinError 10061] No connection could be made because the target machine actively refused it"))
2026-07-02 18:20:49,359 [INFO]   Initialising vision system (station_type=21, station_id=21000)...
2026-07-02 18:20:51,438 [ERROR]   FAILED vision system init for drop 11: HTTPConnectionPool(host='172.29.0.68', port=13000): Max retries exceeded with url: /api/initiate_vision_system?station_type=21&station_id=21000&msg_id=2&cmd=init_camera (Caused by NewConnectionError("HTTPConnection(host='172.29.0.68', port=13000): Failed to establish a new connection: [WinError 10061] No connection could be made because the target machine actively refused it"))
2026-07-02 18:20:51,438 [INFO]   Initialising vision system (station_type=21, station_id=21000)...
2026-07-02 18:20:53,516 [ERROR]   FAILED vision system init for drop 12: HTTPConnectionPool(host='172.29.0.68', port=13000): Max retries exceeded with url: /api/initiate_vision_system?station_type=21&station_id=21000&msg_id=2&cmd=init_camera (Caused by NewConnectionError("HTTPConnection(host='172.29.0.68', port=13000): Failed to establish a new connection: [WinError 10061] No connection could be made because the target machine actively refused it"))
2026-07-02 18:20:53,516 [INFO]   Initialising vision system (station_type=21, station_id=21000)...
2026-07-02 18:20:55,588 [ERROR]   FAILED vision system init for drop 13: HTTPConnectionPool(host='172.29.0.68', port=13000): Max retries exceeded with url: /api/initiate_vision_system?station_type=21&station_id=21000&msg_id=2&cmd=init_camera (Caused by NewConnectionError("HTTPConnection(host='172.29.0.68', port=13000): Failed to establish a new connection: [WinError 10061] No connection could be made because the target machine actively refused it"))
2026-07-02 18:20:55,588 [INFO]   Initialising vision system (station_type=21, station_id=21000)...
2026-07-02 18:20:57,689 [INFO]   Init HTTP status: 200
2026-07-02 18:20:57,689 [INFO]   Init response: {
  "status": "success",
  "station_type": 21,
  "station_id": 21000
}
2026-07-02 18:20:57,689 [INFO]   Waiting 5 seconds for vision system to become ready...
2026-07-02 18:20:59,697 [INFO] Drop=14 Q=1 Slot=2 Device=3 System=414 DrugCount=1
2026-07-02 18:20:59,697 [INFO] Drop=14 Q=2 Slot=None Device=None System=414 DrugCount=0
2026-07-02 18:20:59,697 [INFO] Drop=14 Q=3 Slot=2 Device=3 System=414 DrugCount=2
2026-07-02 18:20:59,697 [INFO] Drop=14 Q=4 Slot=2 Device=3 System=414 DrugCount=1
2026-07-02 18:20:59,697 [INFO]   POSTing drop 14 (slots: 2, 2, 2)...
2026-07-02 18:20:59,697 [INFO] ================================================================================
2026-07-02 18:20:59,697 [INFO] PVS REQUEST: drop=14, station_type=21, station_id=21000
2026-07-02 18:20:59,697 [INFO] Quadrant 1: slot=2 device=3 system=414 drug_count=1
2026-07-02 18:20:59,701 [INFO] Quadrant 2: slot=None device=None system=414 drug_count=0
2026-07-02 18:20:59,701 [INFO] Quadrant 3: slot=2 device=3 system=414 drug_count=2
2026-07-02 18:20:59,701 [INFO] Quadrant 4: slot=2 device=3 system=414 drug_count=1
2026-07-02 18:20:59,728 [INFO] PVS HTTP Status: 200
2026-07-02 18:21:01,729 [INFO] PVS RESPONSE: {
  "status": "success",
  "station_type": 21,
  "station_id": 21000
}
2026-07-02 18:21:01,730 [INFO] ================================================================================
2026-07-02 18:21:01,731 [INFO]     PVS response: {'status': 'success', 'station_type': 21, 'station_id': 21000}
2026-07-02 18:21:02,490 [INFO] Using cached token
2026-07-02 18:21:02,490 [INFO] Trying pack 164749 with device_id=2, system_id=414, company_id=4
2026-07-02 18:21:02,490 [INFO]   Fetching details for pack 164749
2026-07-02 18:21:03,169 [WARNING] device_id=2 generated 0 payloads, trying next device
2026-07-02 18:21:03,169 [INFO] Trying pack 164749 with device_id=3, system_id=414, company_id=4
2026-07-02 18:21:03,175 [INFO]   Fetching details for pack 164749
2026-07-02 18:21:04,169 [INFO] Pack 164749 valid using device_id=3 (18 payloads generated)
2026-07-02 18:21:04,169 [INFO] --- Processing pack 164749 (device=3, system=414) ---
2026-07-02 18:21:04,169 [INFO]   Fetching details for pack 164749
2026-07-02 18:21:05,089 [INFO]   Generated 18 drop payload(s)
2026-07-02 18:21:05,089 [INFO]   Initialising vision system (station_type=21, station_id=21000)...
2026-07-02 18:21:05,121 [INFO]   Init HTTP status: 200
2026-07-02 18:21:05,124 [INFO]   Init response: {
  "status": "success",
  "station_type": 21,
  "station_id": 21000
}
2026-07-02 18:21:05,124 [INFO]   Waiting 5 seconds for vision system to become ready...
2026-07-02 18:21:07,127 [INFO] Drop=1 Q=1 Slot=22 Device=3 System=414 DrugCount=2
2026-07-02 18:21:07,127 [INFO] Drop=1 Q=2 Slot=26 Device=115 System=414 DrugCount=2
2026-07-02 18:21:07,127 [INFO] Drop=1 Q=3 Slot=None Device=None System=414 DrugCount=0
2026-07-02 18:21:07,127 [INFO] Drop=1 Q=4 Slot=None Device=None System=414 DrugCount=0
2026-07-02 18:21:07,127 [INFO]   POSTing drop 1 (slots: 22, 26)...
2026-07-02 18:21:07,129 [INFO] ================================================================================
2026-07-02 18:21:07,129 [INFO] PVS REQUEST: drop=1, station_type=21, station_id=21000
2026-07-02 18:21:07,129 [INFO] Quadrant 1: slot=22 device=3 system=414 drug_count=2
2026-07-02 18:21:07,131 [INFO] Quadrant 2: slot=26 device=115 system=414 drug_count=2
2026-07-02 18:21:07,131 [INFO] Quadrant 3: slot=None device=None system=414 drug_count=0
2026-07-02 18:21:07,131 [INFO] Quadrant 4: slot=None device=None system=414 drug_count=0
2026-07-02 18:21:07,173 [INFO] PVS HTTP Status: 200
2026-07-02 18:21:09,177 [INFO] PVS RESPONSE: {
  "status": "success",
  "station_type": 21,
  "station_id": 21000
}
2026-07-02 18:21:09,177 [INFO] ================================================================================
2026-07-02 18:21:09,179 [INFO]     PVS response: {'status': 'success', 'station_type': 21, 'station_id': 21000}
2026-07-02 18:21:09,179 [INFO]   Initialising vision system (station_type=21, station_id=21000)...
2026-07-02 18:21:09,476 [INFO]   Init HTTP status: 200
2026-07-02 18:21:09,476 [INFO]   Init response: {
  "status": "success",
  "station_type": 21,
  "station_id": 21000
}
2026-07-02 18:21:09,476 [INFO]   Waiting 5 seconds for vision system to become ready...
2026-07-02 18:21:11,480 [INFO] Drop=2 Q=1 Slot=14 Device=3 System=414 DrugCount=2
2026-07-02 18:21:11,480 [INFO] Drop=2 Q=2 Slot=18 Device=115 System=414 DrugCount=2
2026-07-02 18:21:11,480 [INFO] Drop=2 Q=3 Slot=None Device=None System=414 DrugCount=0
2026-07-02 18:21:11,483 [INFO] Drop=2 Q=4 Slot=None Device=None System=414 DrugCount=0
2026-07-02 18:21:11,483 [INFO]   POSTing drop 2 (slots: 14, 18)...
2026-07-02 18:21:11,486 [INFO] ================================================================================
2026-07-02 18:21:11,486 [INFO] PVS REQUEST: drop=2, station_type=21, station_id=21000
2026-07-02 18:21:11,486 [INFO] Quadrant 1: slot=14 device=3 system=414 drug_count=2
2026-07-02 18:21:11,488 [INFO] Quadrant 2: slot=18 device=115 system=414 drug_count=2
2026-07-02 18:21:11,488 [INFO] Quadrant 3: slot=None device=None system=414 drug_count=0
2026-07-02 18:21:11,488 [INFO] Quadrant 4: slot=None device=None system=414 drug_count=0
2026-07-02 18:21:11,513 [INFO] PVS HTTP Status: 200
2026-07-02 18:21:13,515 [INFO] PVS RESPONSE: {
  "status": "success",
  "station_type": 21,
  "station_id": 21000
}
2026-07-02 18:21:13,516 [INFO] ================================================================================
2026-07-02 18:21:13,516 [INFO]     PVS response: {'status': 'success', 'station_type': 21, 'station_id': 21000}
2026-07-02 18:21:13,517 [INFO]   Initialising vision system (station_type=21, station_id=21000)...
2026-07-02 18:21:13,740 [INFO]   Init HTTP status: 200
2026-07-02 18:21:13,740 [INFO]   Init response: {
  "status": "success",
  "station_type": 21,
  "station_id": 21000
}
2026-07-02 18:21:13,740 [INFO]   Waiting 5 seconds for vision system to become ready...
2026-07-02 18:21:15,745 [INFO] Drop=3 Q=1 Slot=6 Device=3 System=414 DrugCount=2
2026-07-02 18:21:15,746 [INFO] Drop=3 Q=2 Slot=10 Device=115 System=414 DrugCount=2
2026-07-02 18:21:15,746 [INFO] Drop=3 Q=3 Slot=None Device=None System=414 DrugCount=0
2026-07-02 18:21:15,746 [INFO] Drop=3 Q=4 Slot=None Device=None System=414 DrugCount=0
2026-07-02 18:21:15,749 [INFO]   POSTing drop 3 (slots: 6, 10)...
2026-07-02 18:21:15,749 [INFO] ================================================================================
2026-07-02 18:21:15,751 [INFO] PVS REQUEST: drop=3, station_type=21, station_id=21000
2026-07-02 18:21:15,752 [INFO] Quadrant 1: slot=6 device=3 system=414 drug_count=2
2026-07-02 18:21:15,753 [INFO] Quadrant 2: slot=10 device=115 system=414 drug_count=2
2026-07-02 18:21:15,753 [INFO] Quadrant 3: slot=None device=None system=414 drug_count=0
2026-07-02 18:21:15,753 [INFO] Quadrant 4: slot=None device=None system=414 drug_count=0
2026-07-02 18:21:15,779 [INFO] PVS HTTP Status: 200
2026-07-02 18:21:17,782 [INFO] PVS RESPONSE: {
  "status": "success",
  "station_type": 21,
  "station_id": 21000
}
2026-07-02 18:21:17,782 [INFO] ================================================================================
2026-07-02 18:21:17,782 [INFO]     PVS response: {'status': 'success', 'station_type': 21, 'station_id': 21000}
2026-07-02 18:21:17,782 [INFO]   Initialising vision system (station_type=21, station_id=21000)...
2026-07-02 18:21:18,006 [INFO]   Init HTTP status: 200
2026-07-02 18:21:18,006 [INFO]   Init response: {
  "status": "success",
  "station_type": 21,
  "station_id": 21000
}
2026-07-02 18:21:18,009 [INFO]   Waiting 5 seconds for vision system to become ready...
2026-07-02 18:21:20,011 [INFO] Drop=4 Q=1 Slot=None Device=None System=414 DrugCount=0
2026-07-02 18:21:20,012 [INFO] Drop=4 Q=2 Slot=2 Device=115 System=414 DrugCount=2
2026-07-02 18:21:20,014 [INFO] Drop=4 Q=3 Slot=None Device=None System=414 DrugCount=0
2026-07-02 18:21:20,014 [INFO] Drop=4 Q=4 Slot=None Device=None System=414 DrugCount=0
2026-07-02 18:21:20,015 [INFO]   POSTing drop 4 (slots: 2)...
2026-07-02 18:21:20,016 [INFO] ================================================================================
2026-07-02 18:21:20,016 [INFO] PVS REQUEST: drop=4, station_type=21, station_id=21000
2026-07-02 18:21:20,016 [INFO] Quadrant 1: slot=None device=None system=414 drug_count=0
2026-07-02 18:21:20,018 [INFO] Quadrant 2: slot=2 device=115 system=414 drug_count=2
2026-07-02 18:21:20,018 [INFO] Quadrant 3: slot=None device=None system=414 drug_count=0
2026-07-02 18:21:20,018 [INFO] Quadrant 4: slot=None device=None system=414 drug_count=0
2026-07-02 18:21:41,072 [ERROR]     FAILED PVS POST: HTTPConnectionPool(host='172.29.0.68', port=13000): Max retries exceeded with url: /api/perform_vision_system_analysis (Caused by ConnectTimeoutError(<HTTPConnection(host='172.29.0.68', port=13000) at 0x21d82078dd0>, 'Connection to 172.29.0.68 timed out. (connect timeout=60)'))
2026-07-02 18:21:41,072 [INFO]   Initialising vision system (station_type=21, station_id=21000)...
2026-07-02 18:22:02,115 [ERROR]   FAILED vision system init for drop 5: HTTPConnectionPool(host='172.29.0.68', port=13000): Max retries exceeded with url: /api/initiate_vision_system?station_type=21&station_id=21000&msg_id=2&cmd=init_camera (Caused by ConnectTimeoutError(<HTTPConnection(host='172.29.0.68', port=13000) at 0x21d8207acd0>, 'Connection to 172.29.0.68 timed out. (connect timeout=30)'))
2026-07-02 18:22:02,117 [INFO]   Initialising vision system (station_type=21, station_id=21000)...
2026-07-02 18:22:23,150 [ERROR]   FAILED vision system init for drop 6: HTTPConnectionPool(host='172.29.0.68', port=13000): Max retries exceeded with url: /api/initiate_vision_system?station_type=21&station_id=21000&msg_id=2&cmd=init_camera (Caused by ConnectTimeoutError(<HTTPConnection(host='172.29.0.68', port=13000) at 0x21d82094950>, 'Connection to 172.29.0.68 timed out. (connect timeout=30)'))
2026-07-02 18:22:23,153 [INFO]   Initialising vision system (station_type=21, station_id=21000)...
2026-07-02 18:22:44,209 [ERROR]   FAILED vision system init for drop 7: HTTPConnectionPool(host='172.29.0.68', port=13000): Max retries exceeded with url: /api/initiate_vision_system?station_type=21&station_id=21000&msg_id=2&cmd=init_camera (Caused by ConnectTimeoutError(<HTTPConnection(host='172.29.0.68', port=13000) at 0x21d82096690>, 'Connection to 172.29.0.68 timed out. (connect timeout=30)'))
2026-07-02 18:22:44,210 [INFO]   Initialising vision system (station_type=21, station_id=21000)...
2026-07-02 18:23:05,239 [ERROR]   FAILED vision system init for drop 8: HTTPConnectionPool(host='172.29.0.68', port=13000): Max retries exceeded with url: /api/initiate_vision_system?station_type=21&station_id=21000&msg_id=2&cmd=init_camera (Caused by ConnectTimeoutError(<HTTPConnection(host='172.29.0.68', port=13000) at 0x21d8207b810>, 'Connection to 172.29.0.68 timed out. (connect timeout=30)'))
2026-07-02 18:23:05,241 [INFO]   Initialising vision system (station_type=21, station_id=21000)...
2026-07-02 18:23:07,323 [ERROR]   FAILED vision system init for drop 9: HTTPConnectionPool(host='172.29.0.68', port=13000): Max retries exceeded with url: /api/initiate_vision_system?station_type=21&station_id=21000&msg_id=2&cmd=init_camera (Caused by NewConnectionError("HTTPConnection(host='172.29.0.68', port=13000): Failed to establish a new connection: [WinError 10061] No connection could be made because the target machine actively refused it"))
2026-07-02 18:23:07,323 [INFO]   Initialising vision system (station_type=21, station_id=21000)...
2026-07-02 18:23:09,395 [ERROR]   FAILED vision system init for drop 10: HTTPConnectionPool(host='172.29.0.68', port=13000): Max retries exceeded with url: /api/initiate_vision_system?station_type=21&station_id=21000&msg_id=2&cmd=init_camera (Caused by NewConnectionError("HTTPConnection(host='172.29.0.68', port=13000): Failed to establish a new connection: [WinError 10061] No connection could be made because the target machine actively refused it"))
2026-07-02 18:23:09,397 [INFO]   Initialising vision system (station_type=21, station_id=21000)...
2026-07-02 18:23:11,447 [ERROR]   FAILED vision system init for drop 11: HTTPConnectionPool(host='172.29.0.68', port=13000): Max retries exceeded with url: /api/initiate_vision_system?station_type=21&station_id=21000&msg_id=2&cmd=init_camera (Caused by NewConnectionError("HTTPConnection(host='172.29.0.68', port=13000): Failed to establish a new connection: [WinError 10061] No connection could be made because the target machine actively refused it"))
2026-07-02 18:23:11,447 [INFO]   Initialising vision system (station_type=21, station_id=21000)...
2026-07-02 18:23:13,500 [ERROR]   FAILED vision system init for drop 12: HTTPConnectionPool(host='172.29.0.68', port=13000): Max retries exceeded with url: /api/initiate_vision_system?station_type=21&station_id=21000&msg_id=2&cmd=init_camera (Caused by NewConnectionError("HTTPConnection(host='172.29.0.68', port=13000): Failed to establish a new connection: [WinError 10061] No connection could be made because the target machine actively refused it"))
2026-07-02 18:23:13,507 [INFO]   Initialising vision system (station_type=21, station_id=21000)...
2026-07-02 18:23:15,562 [ERROR]   FAILED vision system init for drop 13: HTTPConnectionPool(host='172.29.0.68', port=13000): Max retries exceeded with url: /api/initiate_vision_system?station_type=21&station_id=21000&msg_id=2&cmd=init_camera (Caused by NewConnectionError("HTTPConnection(host='172.29.0.68', port=13000): Failed to establish a new connection: [WinError 10061] No connection could be made because the target machine actively refused it"))
2026-07-02 18:23:15,562 [INFO]   Initialising vision system (station_type=21, station_id=21000)...
2026-07-02 18:23:17,631 [ERROR]   FAILED vision system init for drop 14: HTTPConnectionPool(host='172.29.0.68', port=13000): Max retries exceeded with url: /api/initiate_vision_system?station_type=21&station_id=21000&msg_id=2&cmd=init_camera (Caused by NewConnectionError("HTTPConnection(host='172.29.0.68', port=13000): Failed to establish a new connection: [WinError 10061] No connection could be made because the target machine actively refused it"))
2026-07-02 18:23:17,633 [INFO]   Initialising vision system (station_type=21, station_id=21000)...
2026-07-02 18:23:19,705 [ERROR]   FAILED vision system init for drop 15: HTTPConnectionPool(host='172.29.0.68', port=13000): Max retries exceeded with url: /api/initiate_vision_system?station_type=21&station_id=21000&msg_id=2&cmd=init_camera (Caused by NewConnectionError("HTTPConnection(host='172.29.0.68', port=13000): Failed to establish a new connection: [WinError 10061] No connection could be made because the target machine actively refused it"))
2026-07-02 18:23:19,707 [INFO]   Initialising vision system (station_type=21, station_id=21000)...
2026-07-02 18:23:21,766 [ERROR]   FAILED vision system init for drop 16: HTTPConnectionPool(host='172.29.0.68', port=13000): Max retries exceeded with url: /api/initiate_vision_system?station_type=21&station_id=21000&msg_id=2&cmd=init_camera (Caused by NewConnectionError("HTTPConnection(host='172.29.0.68', port=13000): Failed to establish a new connection: [WinError 10061] No connection could be made because the target machine actively refused it"))
2026-07-02 18:23:21,767 [INFO]   Initialising vision system (station_type=21, station_id=21000)...
2026-07-02 18:23:23,373 [INFO]   Init HTTP status: 200
2026-07-02 18:23:23,373 [INFO]   Init response: {
  "status": "success",
  "station_type": 21,
  "station_id": 21000
}
2026-07-02 18:23:23,373 [INFO]   Waiting 5 seconds for vision system to become ready...
2026-07-02 18:23:25,377 [INFO] Drop=17 Q=1 Slot=1 Device=3 System=414 DrugCount=7
2026-07-02 18:23:25,377 [INFO] Drop=17 Q=2 Slot=1 Device=1 System=414 DrugCount=1
2026-07-02 18:23:25,379 [INFO] Drop=17 Q=3 Slot=None Device=None System=414 DrugCount=0
2026-07-02 18:23:25,379 [INFO] Drop=17 Q=4 Slot=None Device=None System=414 DrugCount=0
2026-07-02 18:23:25,379 [INFO]   POSTing drop 17 (slots: 1, 1)...
2026-07-02 18:23:25,379 [INFO] ================================================================================
2026-07-02 18:23:25,379 [INFO] PVS REQUEST: drop=17, station_type=21, station_id=21000
2026-07-02 18:23:25,379 [INFO] Quadrant 1: slot=1 device=3 system=414 drug_count=7
2026-07-02 18:23:25,379 [INFO] Quadrant 2: slot=1 device=1 system=414 drug_count=1
2026-07-02 18:23:25,386 [INFO] Quadrant 3: slot=None device=None system=414 drug_count=0
2026-07-02 18:23:25,386 [INFO] Quadrant 4: slot=None device=None system=414 drug_count=0
2026-07-02 18:23:25,437 [INFO] PVS HTTP Status: 200
2026-07-02 18:23:27,442 [INFO] PVS RESPONSE: {
  "status": "success",
  "station_type": 21,
  "station_id": 21000
}
2026-07-02 18:23:27,442 [INFO] ================================================================================
2026-07-02 18:23:27,442 [INFO]     PVS response: {'status': 'success', 'station_type': 21, 'station_id': 21000}
2026-07-02 18:23:27,442 [INFO]   Initialising vision system (station_type=21, station_id=21000)...
2026-07-02 18:23:27,820 [INFO]   Init HTTP status: 200
2026-07-02 18:23:27,822 [INFO]   Init response: {
  "status": "success",
  "station_type": 21,
  "station_id": 21000
}
2026-07-02 18:23:27,822 [INFO]   Waiting 5 seconds for vision system to become ready...
2026-07-02 18:23:29,825 [INFO] Drop=18 Q=1 Slot=3 Device=3 System=414 DrugCount=1
2026-07-02 18:23:29,825 [INFO] Drop=18 Q=2 Slot=None Device=None System=414 DrugCount=0
2026-07-02 18:23:29,827 [INFO] Drop=18 Q=3 Slot=3 Device=3 System=414 DrugCount=1
2026-07-02 18:23:29,828 [INFO] Drop=18 Q=4 Slot=None Device=None System=414 DrugCount=0
2026-07-02 18:23:29,828 [INFO]   POSTing drop 18 (slots: 3, 3)...
2026-07-02 18:23:29,830 [INFO] ================================================================================
2026-07-02 18:23:29,831 [INFO] PVS REQUEST: drop=18, station_type=21, station_id=21000
2026-07-02 18:23:29,832 [INFO] Quadrant 1: slot=3 device=3 system=414 drug_count=1
2026-07-02 18:23:29,833 [INFO] Quadrant 2: slot=None device=None system=414 drug_count=0
2026-07-02 18:23:29,833 [INFO] Quadrant 3: slot=3 device=3 system=414 drug_count=1
2026-07-02 18:23:29,833 [INFO] Quadrant 4: slot=None device=None system=414 drug_count=0
2026-07-02 18:23:30,887 [INFO] PVS HTTP Status: 200
2026-07-02 18:23:32,889 [INFO] PVS RESPONSE: {
  "status": "success",
  "station_type": 21,
  "station_id": 21000
}
2026-07-02 18:23:32,889 [INFO] ================================================================================
2026-07-02 18:23:32,889 [INFO]     PVS response: {'status': 'success', 'station_type': 21, 'station_id': 21000}
2026-07-02 18:23:33,647 [INFO] Using cached token
2026-07-02 18:23:33,647 [INFO] Trying pack 164760 with device_id=2, system_id=414, company_id=4
2026-07-02 18:23:33,649 [INFO]   Fetching details for pack 164760
2026-07-02 18:23:35,718 [INFO] Pack 164760 valid using device_id=2 (24 payloads generated)
2026-07-02 18:23:35,718 [INFO] --- Processing pack 164760 (device=2, system=414) ---
2026-07-02 18:23:35,718 [INFO]   Fetching details for pack 164760
2026-07-02 18:23:36,442 [INFO]   Generated 24 drop payload(s)
2026-07-02 18:23:36,442 [INFO]   Initialising vision system (station_type=21, station_id=21000)...
2026-07-02 18:23:36,469 [INFO]   Init HTTP status: 200
2026-07-02 18:23:36,469 [INFO]   Init response: {
  "status": "success",
  "station_type": 21,
  "station_id": 21000
}
2026-07-02 18:23:36,469 [INFO]   Waiting 5 seconds for vision system to become ready...
2026-07-02 18:23:38,473 [INFO] Drop=1 Q=1 Slot=None Device=None System=414 DrugCount=0
2026-07-02 18:23:38,473 [INFO] Drop=1 Q=2 Slot=27 Device=None System=414 DrugCount=1
2026-07-02 18:23:38,473 [INFO] Drop=1 Q=3 Slot=23 Device=2 System=414 DrugCount=1
2026-07-02 18:23:38,477 [INFO] Drop=1 Q=4 Slot=None Device=None System=414 DrugCount=0
2026-07-02 18:23:38,478 [INFO]   POSTing drop 1 (slots: 27, 23)...
2026-07-02 18:23:38,478 [INFO] ================================================================================
2026-07-02 18:23:38,480 [INFO] PVS REQUEST: drop=1, station_type=21, station_id=21000
2026-07-02 18:23:38,480 [INFO] Quadrant 1: slot=None device=None system=414 drug_count=0
2026-07-02 18:23:38,486 [INFO] Quadrant 2: slot=27 device=None system=414 drug_count=1
2026-07-02 18:23:38,489 [INFO] Quadrant 3: slot=23 device=2 system=414 drug_count=1
2026-07-02 18:23:38,489 [INFO] Quadrant 4: slot=None device=None system=414 drug_count=0
2026-07-02 18:23:38,549 [INFO] PVS HTTP Status: 200
2026-07-02 18:23:40,558 [INFO] PVS RESPONSE: {
  "status": "success",
  "station_type": 21,
  "station_id": 21000
}
2026-07-02 18:23:40,558 [INFO] ================================================================================
2026-07-02 18:23:40,559 [INFO]     PVS response: {'status': 'success', 'station_type': 21, 'station_id': 21000}
2026-07-02 18:23:40,559 [INFO]   Initialising vision system (station_type=21, station_id=21000)...
2026-07-02 18:23:40,699 [INFO]   Init HTTP status: 200
2026-07-02 18:23:40,708 [INFO]   Init response: {
  "status": "success",
  "station_type": 21,
  "station_id": 21000
}
2026-07-02 18:23:40,710 [INFO]   Waiting 5 seconds for vision system to become ready...
2026-07-02 18:23:42,720 [INFO] Drop=2 Q=1 Slot=None Device=None System=414 DrugCount=0
2026-07-02 18:23:42,722 [INFO] Drop=2 Q=2 Slot=19 Device=None System=414 DrugCount=1
2026-07-02 18:23:42,722 [INFO] Drop=2 Q=3 Slot=15 Device=2 System=414 DrugCount=1
2026-07-02 18:23:42,723 [INFO] Drop=2 Q=4 Slot=None Device=None System=414 DrugCount=0
2026-07-02 18:23:42,724 [INFO]   POSTing drop 2 (slots: 19, 15)...
2026-07-02 18:23:42,724 [INFO] ================================================================================
2026-07-02 18:23:42,724 [INFO] PVS REQUEST: drop=2, station_type=21, station_id=21000
2026-07-02 18:23:42,724 [INFO] Quadrant 1: slot=None device=None system=414 drug_count=0
2026-07-02 18:23:42,727 [INFO] Quadrant 2: slot=19 device=None system=414 drug_count=1
2026-07-02 18:23:42,728 [INFO] Quadrant 3: slot=15 device=2 system=414 drug_count=1
2026-07-02 18:23:42,729 [INFO] Quadrant 4: slot=None device=None system=414 drug_count=0
2026-07-02 18:24:03,793 [ERROR]     FAILED PVS POST: HTTPConnectionPool(host='172.29.0.68', port=13000): Max retries exceeded with url: /api/perform_vision_system_analysis (Caused by ConnectTimeoutError(<HTTPConnection(host='172.29.0.68', port=13000) at 0x23d9a76e810>, 'Connection to 172.29.0.68 timed out. (connect timeout=60)'))
2026-07-02 18:24:03,793 [INFO]   Initialising vision system (station_type=21, station_id=21000)...
2026-07-02 18:24:24,847 [ERROR]   FAILED vision system init for drop 3: HTTPConnectionPool(host='172.29.0.68', port=13000): Max retries exceeded with url: /api/initiate_vision_system?station_type=21&station_id=21000&msg_id=2&cmd=init_camera (Caused by ConnectTimeoutError(<HTTPConnection(host='172.29.0.68', port=13000) at 0x23d9a778350>, 'Connection to 172.29.0.68 timed out. (connect timeout=30)'))
2026-07-02 18:24:24,860 [INFO]   Initialising vision system (station_type=21, station_id=21000)...
2026-07-02 18:24:28,928 [ERROR]   FAILED vision system init for drop 4: HTTPConnectionPool(host='172.29.0.68', port=13000): Max retries exceeded with url: /api/initiate_vision_system?station_type=21&station_id=21000&msg_id=2&cmd=init_camera (Caused by NewConnectionError("HTTPConnection(host='172.29.0.68', port=13000): Failed to establish a new connection: [WinError 10061] No connection could be made because the target machine actively refused it"))
2026-07-02 18:24:28,928 [INFO]   Initialising vision system (station_type=21, station_id=21000)...
2026-07-02 18:24:31,013 [ERROR]   FAILED vision system init for drop 5: HTTPConnectionPool(host='172.29.0.68', port=13000): Max retries exceeded with url: /api/initiate_vision_system?station_type=21&station_id=21000&msg_id=2&cmd=init_camera (Caused by NewConnectionError("HTTPConnection(host='172.29.0.68', port=13000): Failed to establish a new connection: [WinError 10061] No connection could be made because the target machine actively refused it"))
2026-07-02 18:24:31,018 [INFO]   Initialising vision system (station_type=21, station_id=21000)...
2026-07-02 18:24:33,096 [ERROR]   FAILED vision system init for drop 6: HTTPConnectionPool(host='172.29.0.68', port=13000): Max retries exceeded with url: /api/initiate_vision_system?station_type=21&station_id=21000&msg_id=2&cmd=init_camera (Caused by NewConnectionError("HTTPConnection(host='172.29.0.68', port=13000): Failed to establish a new connection: [WinError 10061] No connection could be made because the target machine actively refused it"))
2026-07-02 18:24:33,097 [INFO]   Initialising vision system (station_type=21, station_id=21000)...
2026-07-02 18:24:35,186 [ERROR]   FAILED vision system init for drop 7: HTTPConnectionPool(host='172.29.0.68', port=13000): Max retries exceeded with url: /api/initiate_vision_system?station_type=21&station_id=21000&msg_id=2&cmd=init_camera (Caused by NewConnectionError("HTTPConnection(host='172.29.0.68', port=13000): Failed to establish a new connection: [WinError 10061] No connection could be made because the target machine actively refused it"))
2026-07-02 18:24:35,187 [INFO]   Initialising vision system (station_type=21, station_id=21000)...
2026-07-02 18:24:37,258 [ERROR]   FAILED vision system init for drop 8: HTTPConnectionPool(host='172.29.0.68', port=13000): Max retries exceeded with url: /api/initiate_vision_system?station_type=21&station_id=21000&msg_id=2&cmd=init_camera (Caused by NewConnectionError("HTTPConnection(host='172.29.0.68', port=13000): Failed to establish a new connection: [WinError 10061] No connection could be made because the target machine actively refused it"))
2026-07-02 18:24:37,260 [INFO]   Initialising vision system (station_type=21, station_id=21000)...
2026-07-02 18:24:39,339 [ERROR]   FAILED vision system init for drop 9: HTTPConnectionPool(host='172.29.0.68', port=13000): Max retries exceeded with url: /api/initiate_vision_system?station_type=21&station_id=21000&msg_id=2&cmd=init_camera (Caused by NewConnectionError("HTTPConnection(host='172.29.0.68', port=13000): Failed to establish a new connection: [WinError 10061] No connection could be made because the target machine actively refused it"))
2026-07-02 18:24:39,341 [INFO]   Initialising vision system (station_type=21, station_id=21000)...
2026-07-02 18:24:41,403 [ERROR]   FAILED vision system init for drop 10: HTTPConnectionPool(host='172.29.0.68', port=13000): Max retries exceeded with url: /api/initiate_vision_system?station_type=21&station_id=21000&msg_id=2&cmd=init_camera (Caused by NewConnectionError("HTTPConnection(host='172.29.0.68', port=13000): Failed to establish a new connection: [WinError 10061] No connection could be made because the target machine actively refused it"))
2026-07-02 18:24:41,408 [INFO]   Initialising vision system (station_type=21, station_id=21000)...
2026-07-02 18:24:43,495 [ERROR]   FAILED vision system init for drop 11: HTTPConnectionPool(host='172.29.0.68', port=13000): Max retries exceeded with url: /api/initiate_vision_system?station_type=21&station_id=21000&msg_id=2&cmd=init_camera (Caused by NewConnectionError("HTTPConnection(host='172.29.0.68', port=13000): Failed to establish a new connection: [WinError 10061] No connection could be made because the target machine actively refused it"))
2026-07-02 18:24:43,497 [INFO]   Initialising vision system (station_type=21, station_id=21000)...
2026-07-02 18:24:45,574 [ERROR]   FAILED vision system init for drop 12: HTTPConnectionPool(host='172.29.0.68', port=13000): Max retries exceeded with url: /api/initiate_vision_system?station_type=21&station_id=21000&msg_id=2&cmd=init_camera (Caused by NewConnectionError("HTTPConnection(host='172.29.0.68', port=13000): Failed to establish a new connection: [WinError 10061] No connection could be made because the target machine actively refused it"))
2026-07-02 18:24:45,574 [INFO]   Initialising vision system (station_type=21, station_id=21000)...
2026-07-02 18:24:47,630 [ERROR]   FAILED vision system init for drop 13: HTTPConnectionPool(host='172.29.0.68', port=13000): Max retries exceeded with url: /api/initiate_vision_system?station_type=21&station_id=21000&msg_id=2&cmd=init_camera (Caused by NewConnectionError("HTTPConnection(host='172.29.0.68', port=13000): Failed to establish a new connection: [WinError 10061] No connection could be made because the target machine actively refused it"))
2026-07-02 18:24:47,630 [INFO]   Initialising vision system (station_type=21, station_id=21000)...
2026-07-02 18:24:48,197 [INFO]   Init HTTP status: 200
2026-07-02 18:24:48,197 [INFO]   Init response: {
  "status": "success",
  "station_type": 21,
  "station_id": 21000
}
2026-07-02 18:24:48,197 [INFO]   Waiting 5 seconds for vision system to become ready...
2026-07-02 18:24:50,203 [INFO] Drop=14 Q=1 Slot=None Device=None System=414 DrugCount=0
2026-07-02 18:24:50,203 [INFO] Drop=14 Q=2 Slot=24 Device=None System=414 DrugCount=2
2026-07-02 18:24:50,203 [INFO] Drop=14 Q=3 Slot=24 Device=2 System=414 DrugCount=1
2026-07-02 18:24:50,203 [INFO] Drop=14 Q=4 Slot=None Device=None System=414 DrugCount=0
2026-07-02 18:24:50,203 [INFO]   POSTing drop 14 (slots: 24, 24)...
2026-07-02 18:24:50,208 [INFO] ================================================================================
2026-07-02 18:24:50,208 [INFO] PVS REQUEST: drop=14, station_type=21, station_id=21000
2026-07-02 18:24:50,208 [INFO] Quadrant 1: slot=None device=None system=414 drug_count=0
2026-07-02 18:24:50,210 [INFO] Quadrant 2: slot=24 device=None system=414 drug_count=2
2026-07-02 18:24:50,211 [INFO] Quadrant 3: slot=24 device=2 system=414 drug_count=1
2026-07-02 18:24:50,211 [INFO] Quadrant 4: slot=None device=None system=414 drug_count=0
2026-07-02 18:24:50,248 [INFO] PVS HTTP Status: 200
2026-07-02 18:24:52,249 [INFO] PVS RESPONSE: {
  "status": "success",
  "station_type": 21,
  "station_id": 21000
}
2026-07-02 18:24:52,249 [INFO] ================================================================================
2026-07-02 18:24:52,249 [INFO]     PVS response: {'status': 'success', 'station_type': 21, 'station_id': 21000}
2026-07-02 18:24:52,249 [INFO]   Initialising vision system (station_type=21, station_id=21000)...
2026-07-02 18:24:52,520 [INFO]   Init HTTP status: 200
2026-07-02 18:24:52,520 [INFO]   Init response: {
  "status": "success",
  "station_type": 21,
  "station_id": 21000
}
2026-07-02 18:24:52,520 [INFO]   Waiting 5 seconds for vision system to become ready...
2026-07-02 18:24:54,525 [INFO] Drop=15 Q=1 Slot=18 Device=2 System=414 DrugCount=1
2026-07-02 18:24:54,526 [INFO] Drop=15 Q=2 Slot=18 Device=None System=414 DrugCount=4
2026-07-02 18:24:54,526 [INFO] Drop=15 Q=3 Slot=18 Device=2 System=414 DrugCount=1
2026-07-02 18:24:54,528 [INFO] Drop=15 Q=4 Slot=None Device=None System=414 DrugCount=0
2026-07-02 18:24:54,528 [INFO]   POSTing drop 15 (slots: 18, 18, 18)...
2026-07-02 18:24:54,528 [INFO] ================================================================================
2026-07-02 18:24:54,528 [INFO] PVS REQUEST: drop=15, station_type=21, station_id=21000
2026-07-02 18:24:54,529 [INFO] Quadrant 1: slot=18 device=2 system=414 drug_count=1
2026-07-02 18:24:54,529 [INFO] Quadrant 2: slot=18 device=None system=414 drug_count=4
2026-07-02 18:24:54,529 [INFO] Quadrant 3: slot=18 device=2 system=414 drug_count=1
2026-07-02 18:24:54,529 [INFO] Quadrant 4: slot=None device=None system=414 drug_count=0
2026-07-02 18:25:15,564 [ERROR]     FAILED PVS POST: HTTPConnectionPool(host='172.29.0.68', port=13000): Max retries exceeded with url: /api/perform_vision_system_analysis (Caused by ConnectTimeoutError(<HTTPConnection(host='172.29.0.68', port=13000) at 0x23d9a76c490>, 'Connection to 172.29.0.68 timed out. (connect timeout=60)'))
2026-07-02 18:25:15,564 [INFO]   Initialising vision system (station_type=21, station_id=21000)...
2026-07-02 18:25:36,582 [ERROR]   FAILED vision system init for drop 16: HTTPConnectionPool(host='172.29.0.68', port=13000): Max retries exceeded with url: /api/initiate_vision_system?station_type=21&station_id=21000&msg_id=2&cmd=init_camera (Caused by ConnectTimeoutError(<HTTPConnection(host='172.29.0.68', port=13000) at 0x23d9a779f50>, 'Connection to 172.29.0.68 timed out. (connect timeout=30)'))
2026-07-02 18:25:36,582 [INFO]   Initialising vision system (station_type=21, station_id=21000)...
2026-07-02 18:25:40,120 [ERROR]   FAILED vision system init for drop 17: HTTPConnectionPool(host='172.29.0.68', port=13000): Max retries exceeded with url: /api/initiate_vision_system?station_type=21&station_id=21000&msg_id=2&cmd=init_camera (Caused by NewConnectionError("HTTPConnection(host='172.29.0.68', port=13000): Failed to establish a new connection: [WinError 10061] No connection could be made because the target machine actively refused it"))
2026-07-02 18:25:40,120 [INFO]   Initialising vision system (station_type=21, station_id=21000)...
2026-07-02 18:25:42,183 [ERROR]   FAILED vision system init for drop 18: HTTPConnectionPool(host='172.29.0.68', port=13000): Max retries exceeded with url: /api/initiate_vision_system?station_type=21&station_id=21000&msg_id=2&cmd=init_camera (Caused by NewConnectionError("HTTPConnection(host='172.29.0.68', port=13000): Failed to establish a new connection: [WinError 10061] No connection could be made because the target machine actively refused it"))
2026-07-02 18:25:42,185 [INFO]   Initialising vision system (station_type=21, station_id=21000)...
2026-07-02 18:25:44,263 [ERROR]   FAILED vision system init for drop 19: HTTPConnectionPool(host='172.29.0.68', port=13000): Max retries exceeded with url: /api/initiate_vision_system?station_type=21&station_id=21000&msg_id=2&cmd=init_camera (Caused by NewConnectionError("HTTPConnection(host='172.29.0.68', port=13000): Failed to establish a new connection: [WinError 10061] No connection could be made because the target machine actively refused it"))
2026-07-02 18:25:44,263 [INFO]   Initialising vision system (station_type=21, station_id=21000)...
2026-07-02 18:25:46,318 [ERROR]   FAILED vision system init for drop 20: HTTPConnectionPool(host='172.29.0.68', port=13000): Max retries exceeded with url: /api/initiate_vision_system?station_type=21&station_id=21000&msg_id=2&cmd=init_camera (Caused by NewConnectionError("HTTPConnection(host='172.29.0.68', port=13000): Failed to establish a new connection: [WinError 10061] No connection could be made because the target machine actively refused it"))
2026-07-02 18:25:46,320 [INFO]   Initialising vision system (station_type=21, station_id=21000)...
2026-07-02 18:25:48,368 [ERROR]   FAILED vision system init for drop 21: HTTPConnectionPool(host='172.29.0.68', port=13000): Max retries exceeded with url: /api/initiate_vision_system?station_type=21&station_id=21000&msg_id=2&cmd=init_camera (Caused by NewConnectionError("HTTPConnection(host='172.29.0.68', port=13000): Failed to establish a new connection: [WinError 10061] No connection could be made because the target machine actively refused it"))
2026-07-02 18:25:48,368 [INFO]   Initialising vision system (station_type=21, station_id=21000)...
2026-07-02 18:25:50,478 [ERROR]   FAILED vision system init for drop 22: HTTPConnectionPool(host='172.29.0.68', port=13000): Max retries exceeded with url: /api/initiate_vision_system?station_type=21&station_id=21000&msg_id=2&cmd=init_camera (Caused by NewConnectionError("HTTPConnection(host='172.29.0.68', port=13000): Failed to establish a new connection: [WinError 10061] No connection could be made because the target machine actively refused it"))
2026-07-02 18:25:50,478 [INFO]   Initialising vision system (station_type=21, station_id=21000)...
2026-07-02 18:25:52,558 [ERROR]   FAILED vision system init for drop 23: HTTPConnectionPool(host='172.29.0.68', port=13000): Max retries exceeded with url: /api/initiate_vision_system?station_type=21&station_id=21000&msg_id=2&cmd=init_camera (Caused by NewConnectionError("HTTPConnection(host='172.29.0.68', port=13000): Failed to establish a new connection: [WinError 10061] No connection could be made because the target machine actively refused it"))
2026-07-02 18:25:52,558 [INFO]   Initialising vision system (station_type=21, station_id=21000)...
2026-07-02 18:25:54,658 [ERROR]   FAILED vision system init for drop 24: HTTPConnectionPool(host='172.29.0.68', port=13000): Max retries exceeded with url: /api/initiate_vision_system?station_type=21&station_id=21000&msg_id=2&cmd=init_camera (Caused by NewConnectionError("HTTPConnection(host='172.29.0.68', port=13000): Failed to establish a new connection: [WinError 10061] No connection could be made because the target machine actively refused it"))
2026-07-02 18:25:55,592 [INFO] Using cached token
2026-07-02 18:25:55,597 [INFO] Trying pack 164780 with device_id=2, system_id=414, company_id=4
2026-07-02 18:25:55,597 [INFO]   Fetching details for pack 164780
2026-07-02 18:25:56,483 [WARNING] device_id=2 generated 0 payloads, trying next device
2026-07-02 18:25:56,483 [INFO] Trying pack 164780 with device_id=3, system_id=414, company_id=4
2026-07-02 18:25:56,486 [INFO]   Fetching details for pack 164780
2026-07-02 18:25:58,039 [INFO] Pack 164780 valid using device_id=3 (14 payloads generated)
2026-07-02 18:25:58,039 [INFO] --- Processing pack 164780 (device=3, system=414) ---
2026-07-02 18:25:58,039 [INFO]   Fetching details for pack 164780
2026-07-02 18:25:58,652 [INFO]   Generated 14 drop payload(s)
2026-07-02 18:25:58,652 [INFO]   Initialising vision system (station_type=21, station_id=21000)...
2026-07-02 18:25:59,751 [INFO]   Init HTTP status: 200
2026-07-02 18:25:59,756 [INFO]   Init response: {
  "status": "success",
  "station_type": 21,
  "station_id": 21000
}
2026-07-02 18:25:59,758 [INFO]   Waiting 5 seconds for vision system to become ready...
2026-07-02 18:26:01,759 [INFO] Drop=1 Q=1 Slot=25 Device=3 System=414 DrugCount=3
2026-07-02 18:26:01,759 [INFO] Drop=1 Q=2 Slot=None Device=None System=414 DrugCount=0
2026-07-02 18:26:01,760 [INFO] Drop=1 Q=3 Slot=None Device=None System=414 DrugCount=0
2026-07-02 18:26:01,760 [INFO] Drop=1 Q=4 Slot=None Device=None System=414 DrugCount=0
2026-07-02 18:26:01,760 [INFO]   POSTing drop 1 (slots: 25)...
2026-07-02 18:26:01,760 [INFO] ================================================================================
2026-07-02 18:26:01,760 [INFO] PVS REQUEST: drop=1, station_type=21, station_id=21000
2026-07-02 18:26:01,763 [INFO] Quadrant 1: slot=25 device=3 system=414 drug_count=3
2026-07-02 18:26:01,763 [INFO] Quadrant 2: slot=None device=None system=414 drug_count=0
2026-07-02 18:26:01,763 [INFO] Quadrant 3: slot=None device=None system=414 drug_count=0
2026-07-02 18:26:01,763 [INFO] Quadrant 4: slot=None device=None system=414 drug_count=0
2026-07-02 18:26:01,803 [INFO] PVS HTTP Status: 200
2026-07-02 18:26:03,804 [INFO] PVS RESPONSE: {
  "status": "success",
  "station_type": 21,
  "station_id": 21000
}
2026-07-02 18:26:03,804 [INFO] ================================================================================
2026-07-02 18:26:03,807 [INFO]     PVS response: {'status': 'success', 'station_type': 21, 'station_id': 21000}
2026-07-02 18:26:03,808 [INFO]   Initialising vision system (station_type=21, station_id=21000)...
2026-07-02 18:26:04,180 [INFO]   Init HTTP status: 200
2026-07-02 18:26:04,181 [INFO]   Init response: {
  "status": "success",
  "station_type": 21,
  "station_id": 21000
}
2026-07-02 18:26:04,181 [INFO]   Waiting 5 seconds for vision system to become ready...
2026-07-02 18:26:06,184 [INFO] Drop=2 Q=1 Slot=27 Device=3 System=414 DrugCount=2
2026-07-02 18:26:06,185 [INFO] Drop=2 Q=2 Slot=None Device=None System=414 DrugCount=0
2026-07-02 18:26:06,185 [INFO] Drop=2 Q=3 Slot=None Device=None System=414 DrugCount=0
2026-07-02 18:26:06,188 [INFO] Drop=2 Q=4 Slot=None Device=None System=414 DrugCount=0
2026-07-02 18:26:06,188 [INFO]   POSTing drop 2 (slots: 27)...
2026-07-02 18:26:06,188 [INFO] ================================================================================
2026-07-02 18:26:06,188 [INFO] PVS REQUEST: drop=2, station_type=21, station_id=21000
2026-07-02 18:26:06,188 [INFO] Quadrant 1: slot=27 device=3 system=414 drug_count=2
2026-07-02 18:26:06,188 [INFO] Quadrant 2: slot=None device=None system=414 drug_count=0
2026-07-02 18:26:06,188 [INFO] Quadrant 3: slot=None device=None system=414 drug_count=0
2026-07-02 18:26:06,188 [INFO] Quadrant 4: slot=None device=None system=414 drug_count=0
2026-07-02 18:26:27,258 [ERROR]     FAILED PVS POST: HTTPConnectionPool(host='172.29.0.68', port=13000): Max retries exceeded with url: /api/perform_vision_system_analysis (Caused by ConnectTimeoutError(<HTTPConnection(host='172.29.0.68', port=13000) at 0x1c4f65c8e90>, 'Connection to 172.29.0.68 timed out. (connect timeout=60)'))
2026-07-02 18:26:27,258 [INFO]   Initialising vision system (station_type=21, station_id=21000)...
2026-07-02 18:26:48,313 [ERROR]   FAILED vision system init for drop 3: HTTPConnectionPool(host='172.29.0.68', port=13000): Max retries exceeded with url: /api/initiate_vision_system?station_type=21&station_id=21000&msg_id=2&cmd=init_camera (Caused by ConnectTimeoutError(<HTTPConnection(host='172.29.0.68', port=13000) at 0x1c4f65ca7d0>, 'Connection to 172.29.0.68 timed out. (connect timeout=30)'))
2026-07-02 18:26:48,314 [INFO]   Initialising vision system (station_type=21, station_id=21000)...
2026-07-02 18:26:51,058 [ERROR]   FAILED vision system init for drop 4: HTTPConnectionPool(host='172.29.0.68', port=13000): Max retries exceeded with url: /api/initiate_vision_system?station_type=21&station_id=21000&msg_id=2&cmd=init_camera (Caused by NewConnectionError("HTTPConnection(host='172.29.0.68', port=13000): Failed to establish a new connection: [WinError 10061] No connection could be made because the target machine actively refused it"))
2026-07-02 18:26:51,058 [INFO]   Initialising vision system (station_type=21, station_id=21000)...
2026-07-02 18:26:53,107 [ERROR]   FAILED vision system init for drop 5: HTTPConnectionPool(host='172.29.0.68', port=13000): Max retries exceeded with url: /api/initiate_vision_system?station_type=21&station_id=21000&msg_id=2&cmd=init_camera (Caused by NewConnectionError("HTTPConnection(host='172.29.0.68', port=13000): Failed to establish a new connection: [WinError 10061] No connection could be made because the target machine actively refused it"))
2026-07-02 18:26:53,111 [INFO]   Initialising vision system (station_type=21, station_id=21000)...
2026-07-02 18:26:55,192 [ERROR]   FAILED vision system init for drop 6: HTTPConnectionPool(host='172.29.0.68', port=13000): Max retries exceeded with url: /api/initiate_vision_system?station_type=21&station_id=21000&msg_id=2&cmd=init_camera (Caused by NewConnectionError("HTTPConnection(host='172.29.0.68', port=13000): Failed to establish a new connection: [WinError 10061] No connection could be made because the target machine actively refused it"))
2026-07-02 18:26:55,194 [INFO]   Initialising vision system (station_type=21, station_id=21000)...
2026-07-02 18:26:57,273 [ERROR]   FAILED vision system init for drop 7: HTTPConnectionPool(host='172.29.0.68', port=13000): Max retries exceeded with url: /api/initiate_vision_system?station_type=21&station_id=21000&msg_id=2&cmd=init_camera (Caused by NewConnectionError("HTTPConnection(host='172.29.0.68', port=13000): Failed to establish a new connection: [WinError 10061] No connection could be made because the target machine actively refused it"))
2026-07-02 18:26:57,275 [INFO]   Initialising vision system (station_type=21, station_id=21000)...
2026-07-02 18:26:59,338 [ERROR]   FAILED vision system init for drop 8: HTTPConnectionPool(host='172.29.0.68', port=13000): Max retries exceeded with url: /api/initiate_vision_system?station_type=21&station_id=21000&msg_id=2&cmd=init_camera (Caused by NewConnectionError("HTTPConnection(host='172.29.0.68', port=13000): Failed to establish a new connection: [WinError 10061] No connection could be made because the target machine actively refused it"))
2026-07-02 18:26:59,341 [INFO]   Initialising vision system (station_type=21, station_id=21000)...
2026-07-02 18:27:01,396 [ERROR]   FAILED vision system init for drop 9: HTTPConnectionPool(host='172.29.0.68', port=13000): Max retries exceeded with url: /api/initiate_vision_system?station_type=21&station_id=21000&msg_id=2&cmd=init_camera (Caused by NewConnectionError("HTTPConnection(host='172.29.0.68', port=13000): Failed to establish a new connection: [WinError 10061] No connection could be made because the target machine actively refused it"))
2026-07-02 18:27:01,396 [INFO]   Initialising vision system (station_type=21, station_id=21000)...
2026-07-02 18:27:03,449 [ERROR]   FAILED vision system init for drop 10: HTTPConnectionPool(host='172.29.0.68', port=13000): Max retries exceeded with url: /api/initiate_vision_system?station_type=21&station_id=21000&msg_id=2&cmd=init_camera (Caused by NewConnectionError("HTTPConnection(host='172.29.0.68', port=13000): Failed to establish a new connection: [WinError 10061] No connection could be made because the target machine actively refused it"))
2026-07-02 18:27:03,460 [INFO]   Initialising vision system (station_type=21, station_id=21000)...
2026-07-02 18:27:05,530 [ERROR]   FAILED vision system init for drop 11: HTTPConnectionPool(host='172.29.0.68', port=13000): Max retries exceeded with url: /api/initiate_vision_system?station_type=21&station_id=21000&msg_id=2&cmd=init_camera (Caused by NewConnectionError("HTTPConnection(host='172.29.0.68', port=13000): Failed to establish a new connection: [WinError 10061] No connection could be made because the target machine actively refused it"))
2026-07-02 18:27:05,538 [INFO]   Initialising vision system (station_type=21, station_id=21000)...
2026-07-02 18:27:07,648 [ERROR]   FAILED vision system init for drop 12: HTTPConnectionPool(host='172.29.0.68', port=13000): Max retries exceeded with url: /api/initiate_vision_system?station_type=21&station_id=21000&msg_id=2&cmd=init_camera (Caused by NewConnectionError("HTTPConnection(host='172.29.0.68', port=13000): Failed to establish a new connection: [WinError 10061] No connection could be made because the target machine actively refused it"))
2026-07-02 18:27:07,649 [INFO]   Initialising vision system (station_type=21, station_id=21000)...
2026-07-02 18:27:09,736 [ERROR]   FAILED vision system init for drop 13: HTTPConnectionPool(host='172.29.0.68', port=13000): Max retries exceeded with url: /api/initiate_vision_system?station_type=21&station_id=21000&msg_id=2&cmd=init_camera (Caused by NewConnectionError("HTTPConnection(host='172.29.0.68', port=13000): Failed to establish a new connection: [WinError 10061] No connection could be made because the target machine actively refused it"))
2026-07-02 18:27:09,738 [INFO]   Initialising vision system (station_type=21, station_id=21000)...
2026-07-02 18:27:11,296 [INFO]   Init HTTP status: 200
2026-07-02 18:27:11,298 [INFO]   Init response: {
  "status": "success",
  "station_type": 21,
  "station_id": 21000
}
2026-07-02 18:27:11,302 [INFO]   Waiting 5 seconds for vision system to become ready...
2026-07-02 18:27:13,304 [INFO] Drop=14 Q=1 Slot=3 Device=3 System=414 DrugCount=2
2026-07-02 18:27:13,305 [INFO] Drop=14 Q=2 Slot=None Device=None System=414 DrugCount=0
2026-07-02 18:27:13,305 [INFO] Drop=14 Q=3 Slot=None Device=None System=414 DrugCount=0
2026-07-02 18:27:13,305 [INFO] Drop=14 Q=4 Slot=None Device=None System=414 DrugCount=0
2026-07-02 18:27:13,305 [INFO]   POSTing drop 14 (slots: 3)...
2026-07-02 18:27:13,308 [INFO] ================================================================================
2026-07-02 18:27:13,308 [INFO] PVS REQUEST: drop=14, station_type=21, station_id=21000
2026-07-02 18:27:13,311 [INFO] Quadrant 1: slot=3 device=3 system=414 drug_count=2
2026-07-02 18:27:13,316 [INFO] Quadrant 2: slot=None device=None system=414 drug_count=0
2026-07-02 18:27:13,316 [INFO] Quadrant 3: slot=None device=None system=414 drug_count=0
2026-07-02 18:27:13,318 [INFO] Quadrant 4: slot=None device=None system=414 drug_count=0
2026-07-02 18:27:13,355 [INFO] PVS HTTP Status: 200
2026-07-02 18:27:15,361 [INFO] PVS RESPONSE: {
  "status": "success",
  "station_type": 21,
  "station_id": 21000
}
2026-07-02 18:27:15,363 [INFO] ================================================================================
2026-07-02 18:27:15,363 [INFO]     PVS response: {'status': 'success', 'station_type': 21, 'station_id': 21000}
2026-07-02 18:27:17,062 [INFO] Using cached token
2026-07-02 18:27:17,062 [INFO] Trying pack 164811 with device_id=2, system_id=414, company_id=4
2026-07-02 18:27:17,062 [INFO]   Fetching details for pack 164811
2026-07-02 18:27:17,718 [WARNING] device_id=2 generated 0 payloads, trying next device
2026-07-02 18:27:17,718 [INFO] Trying pack 164811 with device_id=3, system_id=414, company_id=4
2026-07-02 18:27:17,718 [INFO]   Fetching details for pack 164811
2026-07-02 18:27:19,034 [INFO] Pack 164811 valid using device_id=3 (21 payloads generated)
2026-07-02 18:27:19,036 [INFO] --- Processing pack 164811 (device=3, system=414) ---
2026-07-02 18:27:19,036 [INFO]   Fetching details for pack 164811
2026-07-02 18:27:19,538 [INFO]   Generated 21 drop payload(s)
2026-07-02 18:27:19,543 [INFO]   Initialising vision system (station_type=21, station_id=21000)...
2026-07-02 18:27:40,568 [ERROR]   FAILED vision system init for drop 1: HTTPConnectionPool(host='172.29.0.68', port=13000): Max retries exceeded with url: /api/initiate_vision_system?station_type=21&station_id=21000&msg_id=2&cmd=init_camera (Caused by ConnectTimeoutError(<HTTPConnection(host='172.29.0.68', port=13000) at 0x1e18488f490>, 'Connection to 172.29.0.68 timed out. (connect timeout=30)'))
2026-07-02 18:27:40,570 [INFO]   Initialising vision system (station_type=21, station_id=21000)...
2026-07-02 18:28:01,599 [ERROR]   FAILED vision system init for drop 2: HTTPConnectionPool(host='172.29.0.68', port=13000): Max retries exceeded with url: /api/initiate_vision_system?station_type=21&station_id=21000&msg_id=2&cmd=init_camera (Caused by ConnectTimeoutError(<HTTPConnection(host='172.29.0.68', port=13000) at 0x1e185a7d450>, 'Connection to 172.29.0.68 timed out. (connect timeout=30)'))
2026-07-02 18:28:01,601 [INFO]   Initialising vision system (station_type=21, station_id=21000)...
2026-07-02 18:28:03,669 [ERROR]   FAILED vision system init for drop 3: HTTPConnectionPool(host='172.29.0.68', port=13000): Max retries exceeded with url: /api/initiate_vision_system?station_type=21&station_id=21000&msg_id=2&cmd=init_camera (Caused by NewConnectionError("HTTPConnection(host='172.29.0.68', port=13000): Failed to establish a new connection: [WinError 10061] No connection could be made because the target machine actively refused it"))
2026-07-02 18:28:03,670 [INFO]   Initialising vision system (station_type=21, station_id=21000)...
2026-07-02 18:28:05,730 [ERROR]   FAILED vision system init for drop 4: HTTPConnectionPool(host='172.29.0.68', port=13000): Max retries exceeded with url: /api/initiate_vision_system?station_type=21&station_id=21000&msg_id=2&cmd=init_camera (Caused by NewConnectionError("HTTPConnection(host='172.29.0.68', port=13000): Failed to establish a new connection: [WinError 10061] No connection could be made because the target machine actively refused it"))
2026-07-02 18:28:05,734 [INFO]   Initialising vision system (station_type=21, station_id=21000)...
2026-07-02 18:28:07,801 [ERROR]   FAILED vision system init for drop 5: HTTPConnectionPool(host='172.29.0.68', port=13000): Max retries exceeded with url: /api/initiate_vision_system?station_type=21&station_id=21000&msg_id=2&cmd=init_camera (Caused by NewConnectionError("HTTPConnection(host='172.29.0.68', port=13000): Failed to establish a new connection: [WinError 10061] No connection could be made because the target machine actively refused it"))
2026-07-02 18:28:07,803 [INFO]   Initialising vision system (station_type=21, station_id=21000)...
2026-07-02 18:28:09,874 [ERROR]   FAILED vision system init for drop 6: HTTPConnectionPool(host='172.29.0.68', port=13000): Max retries exceeded with url: /api/initiate_vision_system?station_type=21&station_id=21000&msg_id=2&cmd=init_camera (Caused by NewConnectionError("HTTPConnection(host='172.29.0.68', port=13000): Failed to establish a new connection: [WinError 10061] No connection could be made because the target machine actively refused it"))
2026-07-02 18:28:09,874 [INFO]   Initialising vision system (station_type=21, station_id=21000)...
2026-07-02 18:28:11,973 [ERROR]   FAILED vision system init for drop 7: HTTPConnectionPool(host='172.29.0.68', port=13000): Max retries exceeded with url: /api/initiate_vision_system?station_type=21&station_id=21000&msg_id=2&cmd=init_camera (Caused by NewConnectionError("HTTPConnection(host='172.29.0.68', port=13000): Failed to establish a new connection: [WinError 10061] No connection could be made because the target machine actively refused it"))
2026-07-02 18:28:11,973 [INFO]   Initialising vision system (station_type=21, station_id=21000)...
2026-07-02 18:28:14,020 [ERROR]   FAILED vision system init for drop 8: HTTPConnectionPool(host='172.29.0.68', port=13000): Max retries exceeded with url: /api/initiate_vision_system?station_type=21&station_id=21000&msg_id=2&cmd=init_camera (Caused by NewConnectionError("HTTPConnection(host='172.29.0.68', port=13000): Failed to establish a new connection: [WinError 10061] No connection could be made because the target machine actively refused it"))
2026-07-02 18:28:14,021 [INFO]   Initialising vision system (station_type=21, station_id=21000)...
2026-07-02 18:28:16,091 [ERROR]   FAILED vision system init for drop 9: HTTPConnectionPool(host='172.29.0.68', port=13000): Max retries exceeded with url: /api/initiate_vision_system?station_type=21&station_id=21000&msg_id=2&cmd=init_camera (Caused by NewConnectionError("HTTPConnection(host='172.29.0.68', port=13000): Failed to establish a new connection: [WinError 10061] No connection could be made because the target machine actively refused it"))
2026-07-02 18:28:16,094 [INFO]   Initialising vision system (station_type=21, station_id=21000)...
2026-07-02 18:28:18,143 [ERROR]   FAILED vision system init for drop 10: HTTPConnectionPool(host='172.29.0.68', port=13000): Max retries exceeded with url: /api/initiate_vision_system?station_type=21&station_id=21000&msg_id=2&cmd=init_camera (Caused by NewConnectionError("HTTPConnection(host='172.29.0.68', port=13000): Failed to establish a new connection: [WinError 10061] No connection could be made because the target machine actively refused it"))
2026-07-02 18:28:18,143 [INFO]   Initialising vision system (station_type=21, station_id=21000)...
2026-07-02 18:28:20,212 [ERROR]   FAILED vision system init for drop 11: HTTPConnectionPool(host='172.29.0.68', port=13000): Max retries exceeded with url: /api/initiate_vision_system?station_type=21&station_id=21000&msg_id=2&cmd=init_camera (Caused by NewConnectionError("HTTPConnection(host='172.29.0.68', port=13000): Failed to establish a new connection: [WinError 10061] No connection could be made because the target machine actively refused it"))
2026-07-02 18:28:20,212 [INFO]   Initialising vision system (station_type=21, station_id=21000)...
2026-07-02 18:28:22,294 [INFO]   Init HTTP status: 200
2026-07-02 18:28:22,295 [INFO]   Init response: {
  "status": "success",
  "station_type": 21,
  "station_id": 21000
}
2026-07-02 18:28:22,295 [INFO]   Waiting 5 seconds for vision system to become ready...
2026-07-02 18:28:24,296 [INFO] Drop=12 Q=1 Slot=15 Device=None System=414 DrugCount=2
2026-07-02 18:28:24,296 [INFO] Drop=12 Q=2 Slot=None Device=None System=414 DrugCount=0
2026-07-02 18:28:24,296 [INFO] Drop=12 Q=3 Slot=None Device=None System=414 DrugCount=0
2026-07-02 18:28:24,299 [INFO] Drop=12 Q=4 Slot=None Device=None System=414 DrugCount=0
2026-07-02 18:28:24,299 [INFO]   POSTing drop 12 (slots: 15)...
2026-07-02 18:28:24,299 [INFO] ================================================================================
2026-07-02 18:28:24,299 [INFO] PVS REQUEST: drop=12, station_type=21, station_id=21000
2026-07-02 18:28:24,301 [INFO] Quadrant 1: slot=15 device=None system=414 drug_count=2
2026-07-02 18:28:24,301 [INFO] Quadrant 2: slot=None device=None system=414 drug_count=0
2026-07-02 18:28:24,303 [INFO] Quadrant 3: slot=None device=None system=414 drug_count=0
2026-07-02 18:28:24,303 [INFO] Quadrant 4: slot=None device=None system=414 drug_count=0
2026-07-02 18:28:24,345 [INFO] PVS HTTP Status: 200
2026-07-02 18:28:26,346 [INFO] PVS RESPONSE: {
  "status": "success",
  "station_type": 21,
  "station_id": 21000
}
2026-07-02 18:28:26,346 [INFO] ================================================================================
2026-07-02 18:28:26,346 [INFO]     PVS response: {'status': 'success', 'station_type': 21, 'station_id': 21000}
2026-07-02 18:28:26,349 [INFO]   Initialising vision system (station_type=21, station_id=21000)...
2026-07-02 18:28:26,690 [INFO]   Init HTTP status: 200
2026-07-02 18:28:26,691 [INFO]   Init response: {
  "status": "success",
  "station_type": 21,
  "station_id": 21000
}
2026-07-02 18:28:26,691 [INFO]   Waiting 5 seconds for vision system to become ready...
2026-07-02 18:28:28,694 [INFO] Drop=13 Q=1 Slot=9 Device=3 System=414 DrugCount=1
2026-07-02 18:28:28,694 [INFO] Drop=13 Q=2 Slot=None Device=None System=414 DrugCount=0
2026-07-02 18:28:28,694 [INFO] Drop=13 Q=3 Slot=None Device=None System=414 DrugCount=0
2026-07-02 18:28:28,694 [INFO] Drop=13 Q=4 Slot=None Device=None System=414 DrugCount=0
2026-07-02 18:28:28,694 [INFO]   POSTing drop 13 (slots: 9)...
2026-07-02 18:28:28,694 [INFO] ================================================================================
2026-07-02 18:28:28,694 [INFO] PVS REQUEST: drop=13, station_type=21, station_id=21000
2026-07-02 18:28:28,694 [INFO] Quadrant 1: slot=9 device=3 system=414 drug_count=1
2026-07-02 18:28:28,694 [INFO] Quadrant 2: slot=None device=None system=414 drug_count=0
2026-07-02 18:28:28,694 [INFO] Quadrant 3: slot=None device=None system=414 drug_count=0
2026-07-02 18:28:28,694 [INFO] Quadrant 4: slot=None device=None system=414 drug_count=0
2026-07-02 18:28:49,727 [ERROR]     FAILED PVS POST: HTTPConnectionPool(host='172.29.0.68', port=13000): Max retries exceeded with url: /api/perform_vision_system_analysis (Caused by ConnectTimeoutError(<HTTPConnection(host='172.29.0.68', port=13000) at 0x1e185a7e850>, 'Connection to 172.29.0.68 timed out. (connect timeout=60)'))
2026-07-02 18:28:49,727 [INFO]   Initialising vision system (station_type=21, station_id=21000)...
2026-07-02 18:29:10,759 [ERROR]   FAILED vision system init for drop 14: HTTPConnectionPool(host='172.29.0.68', port=13000): Max retries exceeded with url: /api/initiate_vision_system?station_type=21&station_id=21000&msg_id=2&cmd=init_camera (Caused by ConnectTimeoutError(<HTTPConnection(host='172.29.0.68', port=13000) at 0x1e185a94450>, 'Connection to 172.29.0.68 timed out. (connect timeout=30)'))
2026-07-02 18:29:10,760 [INFO]   Initialising vision system (station_type=21, station_id=21000)...
2026-07-02 18:29:14,063 [ERROR]   FAILED vision system init for drop 15: HTTPConnectionPool(host='172.29.0.68', port=13000): Max retries exceeded with url: /api/initiate_vision_system?station_type=21&station_id=21000&msg_id=2&cmd=init_camera (Caused by NewConnectionError("HTTPConnection(host='172.29.0.68', port=13000): Failed to establish a new connection: [WinError 10061] No connection could be made because the target machine actively refused it"))
2026-07-02 18:29:14,063 [INFO]   Initialising vision system (station_type=21, station_id=21000)...
2026-07-02 18:29:16,112 [ERROR]   FAILED vision system init for drop 16: HTTPConnectionPool(host='172.29.0.68', port=13000): Max retries exceeded with url: /api/initiate_vision_system?station_type=21&station_id=21000&msg_id=2&cmd=init_camera (Caused by NewConnectionError("HTTPConnection(host='172.29.0.68', port=13000): Failed to establish a new connection: [WinError 10061] No connection could be made because the target machine actively refused it"))
2026-07-02 18:29:16,114 [INFO]   Initialising vision system (station_type=21, station_id=21000)...
2026-07-02 18:29:18,186 [ERROR]   FAILED vision system init for drop 17: HTTPConnectionPool(host='172.29.0.68', port=13000): Max retries exceeded with url: /api/initiate_vision_system?station_type=21&station_id=21000&msg_id=2&cmd=init_camera (Caused by NewConnectionError("HTTPConnection(host='172.29.0.68', port=13000): Failed to establish a new connection: [WinError 10061] No connection could be made because the target machine actively refused it"))
2026-07-02 18:29:18,189 [INFO]   Initialising vision system (station_type=21, station_id=21000)...
2026-07-02 18:29:20,393 [ERROR]   FAILED vision system init for drop 18: HTTPConnectionPool(host='172.29.0.68', port=13000): Max retries exceeded with url: /api/initiate_vision_system?station_type=21&station_id=21000&msg_id=2&cmd=init_camera (Caused by NewConnectionError("HTTPConnection(host='172.29.0.68', port=13000): Failed to establish a new connection: [WinError 10061] No connection could be made because the target machine actively refused it"))
2026-07-02 18:29:20,394 [INFO]   Initialising vision system (station_type=21, station_id=21000)...
2026-07-02 18:29:22,458 [ERROR]   FAILED vision system init for drop 19: HTTPConnectionPool(host='172.29.0.68', port=13000): Max retries exceeded with url: /api/initiate_vision_system?station_type=21&station_id=21000&msg_id=2&cmd=init_camera (Caused by NewConnectionError("HTTPConnection(host='172.29.0.68', port=13000): Failed to establish a new connection: [WinError 10061] No connection could be made because the target machine actively refused it"))
2026-07-02 18:29:22,459 [INFO]   Initialising vision system (station_type=21, station_id=21000)...
2026-07-02 18:29:24,525 [ERROR]   FAILED vision system init for drop 20: HTTPConnectionPool(host='172.29.0.68', port=13000): Max retries exceeded with url: /api/initiate_vision_system?station_type=21&station_id=21000&msg_id=2&cmd=init_camera (Caused by NewConnectionError("HTTPConnection(host='172.29.0.68', port=13000): Failed to establish a new connection: [WinError 10061] No connection could be made because the target machine actively refused it"))
2026-07-02 18:29:24,534 [INFO]   Initialising vision system (station_type=21, station_id=21000)...
2026-07-02 18:29:26,611 [ERROR]   FAILED vision system init for drop 21: HTTPConnectionPool(host='172.29.0.68', port=13000): Max retries exceeded with url: /api/initiate_vision_system?station_type=21&station_id=21000&msg_id=2&cmd=init_camera (Caused by NewConnectionError("HTTPConnection(host='172.29.0.68', port=13000): Failed to establish a new connection: [WinError 10061] No connection could be made because the target machine actively refused it"))
2026-07-02 18:29:27,579 [INFO] Using cached token
2026-07-02 18:29:27,579 [INFO] Trying pack 164815 with device_id=2, system_id=414, company_id=4
2026-07-02 18:29:27,579 [INFO]   Fetching details for pack 164815
2026-07-02 18:29:27,977 [WARNING] device_id=2 generated 0 payloads, trying next device
2026-07-02 18:29:27,983 [INFO] Trying pack 164815 with device_id=3, system_id=414, company_id=4
2026-07-02 18:29:27,985 [INFO]   Fetching details for pack 164815
2026-07-02 18:29:28,574 [INFO] Pack 164815 valid using device_id=3 (14 payloads generated)
2026-07-02 18:29:28,575 [INFO] --- Processing pack 164815 (device=3, system=414) ---
2026-07-02 18:29:28,575 [INFO]   Fetching details for pack 164815
2026-07-02 18:29:29,016 [INFO]   Generated 14 drop payload(s)
2026-07-02 18:29:29,017 [INFO]   Initialising vision system (station_type=21, station_id=21000)...
2026-07-02 18:29:31,091 [ERROR]   FAILED vision system init for drop 1: HTTPConnectionPool(host='172.29.0.68', port=13000): Max retries exceeded with url: /api/initiate_vision_system?station_type=21&station_id=21000&msg_id=2&cmd=init_camera (Caused by NewConnectionError("HTTPConnection(host='172.29.0.68', port=13000): Failed to establish a new connection: [WinError 10061] No connection could be made because the target machine actively refused it"))
2026-07-02 18:29:31,091 [INFO]   Initialising vision system (station_type=21, station_id=21000)...
2026-07-02 18:29:33,156 [ERROR]   FAILED vision system init for drop 2: HTTPConnectionPool(host='172.29.0.68', port=13000): Max retries exceeded with url: /api/initiate_vision_system?station_type=21&station_id=21000&msg_id=2&cmd=init_camera (Caused by NewConnectionError("HTTPConnection(host='172.29.0.68', port=13000): Failed to establish a new connection: [WinError 10061] No connection could be made because the target machine actively refused it"))
2026-07-02 18:29:33,156 [INFO]   Initialising vision system (station_type=21, station_id=21000)...
2026-07-02 18:29:35,225 [ERROR]   FAILED vision system init for drop 3: HTTPConnectionPool(host='172.29.0.68', port=13000): Max retries exceeded with url: /api/initiate_vision_system?station_type=21&station_id=21000&msg_id=2&cmd=init_camera (Caused by NewConnectionError("HTTPConnection(host='172.29.0.68', port=13000): Failed to establish a new connection: [WinError 10061] No connection could be made because the target machine actively refused it"))
2026-07-02 18:29:35,225 [INFO]   Initialising vision system (station_type=21, station_id=21000)...
2026-07-02 18:29:37,289 [ERROR]   FAILED vision system init for drop 4: HTTPConnectionPool(host='172.29.0.68', port=13000): Max retries exceeded with url: /api/initiate_vision_system?station_type=21&station_id=21000&msg_id=2&cmd=init_camera (Caused by NewConnectionError("HTTPConnection(host='172.29.0.68', port=13000): Failed to establish a new connection: [WinError 10061] No connection could be made because the target machine actively refused it"))
2026-07-02 18:29:37,289 [INFO]   Initialising vision system (station_type=21, station_id=21000)...
2026-07-02 18:29:39,333 [ERROR]   FAILED vision system init for drop 5: HTTPConnectionPool(host='172.29.0.68', port=13000): Max retries exceeded with url: /api/initiate_vision_system?station_type=21&station_id=21000&msg_id=2&cmd=init_camera (Caused by NewConnectionError("HTTPConnection(host='172.29.0.68', port=13000): Failed to establish a new connection: [WinError 10061] No connection could be made because the target machine actively refused it"))
2026-07-02 18:29:39,334 [INFO]   Initialising vision system (station_type=21, station_id=21000)...
2026-07-02 18:29:41,390 [ERROR]   FAILED vision system init for drop 6: HTTPConnectionPool(host='172.29.0.68', port=13000): Max retries exceeded with url: /api/initiate_vision_system?station_type=21&station_id=21000&msg_id=2&cmd=init_camera (Caused by NewConnectionError("HTTPConnection(host='172.29.0.68', port=13000): Failed to establish a new connection: [WinError 10061] No connection could be made because the target machine actively refused it"))
2026-07-02 18:29:41,390 [INFO]   Initialising vision system (station_type=21, station_id=21000)...
2026-07-02 18:29:43,459 [ERROR]   FAILED vision system init for drop 7: HTTPConnectionPool(host='172.29.0.68', port=13000): Max retries exceeded with url: /api/initiate_vision_system?station_type=21&station_id=21000&msg_id=2&cmd=init_camera (Caused by NewConnectionError("HTTPConnection(host='172.29.0.68', port=13000): Failed to establish a new connection: [WinError 10061] No connection could be made because the target machine actively refused it"))
2026-07-02 18:29:43,459 [INFO]   Initialising vision system (station_type=21, station_id=21000)...
2026-07-02 18:29:45,541 [ERROR]   FAILED vision system init for drop 8: HTTPConnectionPool(host='172.29.0.68', port=13000): Max retries exceeded with url: /api/initiate_vision_system?station_type=21&station_id=21000&msg_id=2&cmd=init_camera (Caused by NewConnectionError("HTTPConnection(host='172.29.0.68', port=13000): Failed to establish a new connection: [WinError 10061] No connection could be made because the target machine actively refused it"))
2026-07-02 18:29:45,542 [INFO]   Initialising vision system (station_type=21, station_id=21000)...
2026-07-02 18:29:47,581 [ERROR]   FAILED vision system init for drop 9: HTTPConnectionPool(host='172.29.0.68', port=13000): Max retries exceeded with url: /api/initiate_vision_system?station_type=21&station_id=21000&msg_id=2&cmd=init_camera (Caused by NewConnectionError("HTTPConnection(host='172.29.0.68', port=13000): Failed to establish a new connection: [WinError 10061] No connection could be made because the target machine actively refused it"))
2026-07-02 18:29:47,582 [INFO]   Initialising vision system (station_type=21, station_id=21000)...
2026-07-02 18:29:49,149 [INFO]   Init HTTP status: 200
2026-07-02 18:29:49,150 [INFO]   Init response: {
  "status": "success",
  "station_type": 21,
  "station_id": 21000
}
2026-07-02 18:29:49,151 [INFO]   Waiting 5 seconds for vision system to become ready...
2026-07-02 18:29:51,152 [INFO] Drop=10 Q=1 Slot=10 Device=None System=414 DrugCount=3
2026-07-02 18:29:51,152 [INFO] Drop=10 Q=2 Slot=None Device=None System=414 DrugCount=0
2026-07-02 18:29:51,152 [INFO] Drop=10 Q=3 Slot=10 Device=3 System=414 DrugCount=1
2026-07-02 18:29:51,152 [INFO] Drop=10 Q=4 Slot=None Device=None System=414 DrugCount=0
2026-07-02 18:29:51,152 [INFO]   POSTing drop 10 (slots: 10, 10)...
2026-07-02 18:29:51,152 [INFO] ================================================================================
2026-07-02 18:29:51,152 [INFO] PVS REQUEST: drop=10, station_type=21, station_id=21000
2026-07-02 18:29:51,152 [INFO] Quadrant 1: slot=10 device=None system=414 drug_count=3
2026-07-02 18:29:51,152 [INFO] Quadrant 2: slot=None device=None system=414 drug_count=0
2026-07-02 18:29:51,152 [INFO] Quadrant 3: slot=10 device=3 system=414 drug_count=1
2026-07-02 18:29:51,152 [INFO] Quadrant 4: slot=None device=None system=414 drug_count=0
2026-07-02 18:29:51,179 [INFO] PVS HTTP Status: 200
2026-07-02 18:29:53,183 [INFO] PVS RESPONSE: {
  "status": "success",
  "station_type": 21,
  "station_id": 21000
}
2026-07-02 18:29:53,183 [INFO] ================================================================================
2026-07-02 18:29:53,184 [INFO]     PVS response: {'status': 'success', 'station_type': 21, 'station_id': 21000}
2026-07-02 18:29:53,184 [INFO]   Initialising vision system (station_type=21, station_id=21000)...
2026-07-02 18:29:53,577 [INFO]   Init HTTP status: 200
2026-07-02 18:29:53,577 [INFO]   Init response: {
  "status": "success",
  "station_type": 21,
  "station_id": 21000
}
2026-07-02 18:29:53,578 [INFO]   Waiting 5 seconds for vision system to become ready...
2026-07-02 18:29:55,579 [INFO] Drop=11 Q=1 Slot=5 Device=None System=414 DrugCount=3
2026-07-02 18:29:55,579 [INFO] Drop=11 Q=2 Slot=None Device=None System=414 DrugCount=0
2026-07-02 18:29:55,579 [INFO] Drop=11 Q=3 Slot=5 Device=3 System=414 DrugCount=1
2026-07-02 18:29:55,579 [INFO] Drop=11 Q=4 Slot=None Device=None System=414 DrugCount=0
2026-07-02 18:29:55,580 [INFO]   POSTing drop 11 (slots: 5, 5)...
2026-07-02 18:29:55,580 [INFO] ================================================================================
2026-07-02 18:29:55,580 [INFO] PVS REQUEST: drop=11, station_type=21, station_id=21000
2026-07-02 18:29:55,580 [INFO] Quadrant 1: slot=5 device=None system=414 drug_count=3
2026-07-02 18:29:55,582 [INFO] Quadrant 2: slot=None device=None system=414 drug_count=0
2026-07-02 18:29:55,582 [INFO] Quadrant 3: slot=5 device=3 system=414 drug_count=1
2026-07-02 18:29:55,582 [INFO] Quadrant 4: slot=None device=None system=414 drug_count=0
2026-07-02 18:29:55,597 [INFO] PVS HTTP Status: 200
2026-07-02 18:29:57,599 [INFO] PVS RESPONSE: {
  "status": "success",
  "station_type": 21,
  "station_id": 21000
}
2026-07-02 18:29:57,599 [INFO] ================================================================================
2026-07-02 18:29:57,600 [INFO]     PVS response: {'status': 'success', 'station_type': 21, 'station_id': 21000}
2026-07-02 18:29:57,601 [INFO]   Initialising vision system (station_type=21, station_id=21000)...
2026-07-02 18:29:58,506 [INFO]   Init HTTP status: 200
2026-07-02 18:29:58,506 [INFO]   Init response: {
  "status": "success",
  "station_type": 21,
  "station_id": 21000
}
2026-07-02 18:29:58,507 [INFO]   Waiting 5 seconds for vision system to become ready...
2026-07-02 18:30:00,507 [INFO] Drop=12 Q=1 Slot=6 Device=None System=414 DrugCount=3
2026-07-02 18:30:00,507 [INFO] Drop=12 Q=2 Slot=None Device=None System=414 DrugCount=0
2026-07-02 18:30:00,508 [INFO] Drop=12 Q=3 Slot=6 Device=3 System=414 DrugCount=1
2026-07-02 18:30:00,508 [INFO] Drop=12 Q=4 Slot=None Device=None System=414 DrugCount=0
2026-07-02 18:30:00,509 [INFO]   POSTing drop 12 (slots: 6, 6)...
2026-07-02 18:30:00,509 [INFO] ================================================================================
2026-07-02 18:30:00,510 [INFO] PVS REQUEST: drop=12, station_type=21, station_id=21000
2026-07-02 18:30:00,510 [INFO] Quadrant 1: slot=6 device=None system=414 drug_count=3
2026-07-02 18:30:00,510 [INFO] Quadrant 2: slot=None device=None system=414 drug_count=0
2026-07-02 18:30:00,510 [INFO] Quadrant 3: slot=6 device=3 system=414 drug_count=1
2026-07-02 18:30:00,511 [INFO] Quadrant 4: slot=None device=None system=414 drug_count=0
2026-07-02 18:30:00,526 [INFO] PVS HTTP Status: 200
2026-07-02 18:30:02,527 [INFO] PVS RESPONSE: {
  "status": "success",
  "station_type": 21,
  "station_id": 21000
}
2026-07-02 18:30:02,527 [INFO] ================================================================================
2026-07-02 18:30:02,527 [INFO]     PVS response: {'status': 'success', 'station_type': 21, 'station_id': 21000}
2026-07-02 18:30:02,529 [INFO]   Initialising vision system (station_type=21, station_id=21000)...
2026-07-02 18:30:02,755 [INFO]   Init HTTP status: 200
2026-07-02 18:30:02,756 [INFO]   Init response: {
  "status": "success",
  "station_type": 21,
  "station_id": 21000
}
2026-07-02 18:30:02,756 [INFO]   Waiting 5 seconds for vision system to become ready...
2026-07-02 18:30:04,758 [INFO] Drop=13 Q=1 Slot=1 Device=None System=414 DrugCount=3
2026-07-02 18:30:04,758 [INFO] Drop=13 Q=2 Slot=None Device=None System=414 DrugCount=0
2026-07-02 18:30:04,758 [INFO] Drop=13 Q=3 Slot=1 Device=3 System=414 DrugCount=1
2026-07-02 18:30:04,758 [INFO] Drop=13 Q=4 Slot=None Device=None System=414 DrugCount=0
2026-07-02 18:30:04,758 [INFO]   POSTing drop 13 (slots: 1, 1)...
2026-07-02 18:30:04,759 [INFO] ================================================================================
2026-07-02 18:30:04,759 [INFO] PVS REQUEST: drop=13, station_type=21, station_id=21000
2026-07-02 18:30:04,759 [INFO] Quadrant 1: slot=1 device=None system=414 drug_count=3
2026-07-02 18:30:04,759 [INFO] Quadrant 2: slot=None device=None system=414 drug_count=0
2026-07-02 18:30:04,759 [INFO] Quadrant 3: slot=1 device=3 system=414 drug_count=1
2026-07-02 18:30:04,759 [INFO] Quadrant 4: slot=None device=None system=414 drug_count=0
2026-07-02 18:30:25,787 [ERROR]     FAILED PVS POST: HTTPConnectionPool(host='172.29.0.68', port=13000): Max retries exceeded with url: /api/perform_vision_system_analysis (Caused by ConnectTimeoutError(<HTTPConnection(host='172.29.0.68', port=13000) at 0x24c73ecdad0>, 'Connection to 172.29.0.68 timed out. (connect timeout=60)'))
2026-07-02 18:30:25,788 [INFO]   Initialising vision system (station_type=21, station_id=21000)...
2026-07-02 18:30:46,822 [ERROR]   FAILED vision system init for drop 14: HTTPConnectionPool(host='172.29.0.68', port=13000): Max retries exceeded with url: /api/initiate_vision_system?station_type=21&station_id=21000&msg_id=2&cmd=init_camera (Caused by ConnectTimeoutError(<HTTPConnection(host='172.29.0.68', port=13000) at 0x24c73edb910>, 'Connection to 172.29.0.68 timed out. (connect timeout=30)'))
2026-07-02 18:30:47,507 [INFO] Using cached token
2026-07-02 18:30:47,507 [INFO] Trying pack 164836 with device_id=2, system_id=414, company_id=4
2026-07-02 18:30:47,508 [INFO]   Fetching details for pack 164836
2026-07-02 18:30:48,292 [WARNING] device_id=2 generated 0 payloads, trying next device
2026-07-02 18:30:48,292 [INFO] Trying pack 164836 with device_id=3, system_id=414, company_id=4
2026-07-02 18:30:48,293 [INFO]   Fetching details for pack 164836
2026-07-02 18:30:49,697 [INFO] Pack 164836 valid using device_id=3 (5 payloads generated)
2026-07-02 18:30:49,698 [INFO] --- Processing pack 164836 (device=3, system=414) ---
2026-07-02 18:30:49,698 [INFO]   Fetching details for pack 164836
2026-07-02 18:30:49,997 [INFO]   Generated 5 drop payload(s)
2026-07-02 18:30:49,998 [INFO]   Initialising vision system (station_type=21, station_id=21000)...
2026-07-02 18:30:52,057 [ERROR]   FAILED vision system init for drop 1: HTTPConnectionPool(host='172.29.0.68', port=13000): Max retries exceeded with url: /api/initiate_vision_system?station_type=21&station_id=21000&msg_id=2&cmd=init_camera (Caused by NewConnectionError("HTTPConnection(host='172.29.0.68', port=13000): Failed to establish a new connection: [WinError 10061] No connection could be made because the target machine actively refused it"))
2026-07-02 18:30:52,058 [INFO]   Initialising vision system (station_type=21, station_id=21000)...
2026-07-02 18:30:54,133 [ERROR]   FAILED vision system init for drop 2: HTTPConnectionPool(host='172.29.0.68', port=13000): Max retries exceeded with url: /api/initiate_vision_system?station_type=21&station_id=21000&msg_id=2&cmd=init_camera (Caused by NewConnectionError("HTTPConnection(host='172.29.0.68', port=13000): Failed to establish a new connection: [WinError 10061] No connection could be made because the target machine actively refused it"))
2026-07-02 18:30:54,133 [INFO]   Initialising vision system (station_type=21, station_id=21000)...
2026-07-02 18:30:56,201 [ERROR]   FAILED vision system init for drop 3: HTTPConnectionPool(host='172.29.0.68', port=13000): Max retries exceeded with url: /api/initiate_vision_system?station_type=21&station_id=21000&msg_id=2&cmd=init_camera (Caused by NewConnectionError("HTTPConnection(host='172.29.0.68', port=13000): Failed to establish a new connection: [WinError 10061] No connection could be made because the target machine actively refused it"))
2026-07-02 18:30:56,201 [INFO]   Initialising vision system (station_type=21, station_id=21000)...
2026-07-02 18:30:58,262 [ERROR]   FAILED vision system init for drop 4: HTTPConnectionPool(host='172.29.0.68', port=13000): Max retries exceeded with url: /api/initiate_vision_system?station_type=21&station_id=21000&msg_id=2&cmd=init_camera (Caused by NewConnectionError("HTTPConnection(host='172.29.0.68', port=13000): Failed to establish a new connection: [WinError 10061] No connection could be made because the target machine actively refused it"))
2026-07-02 18:30:58,263 [INFO]   Initialising vision system (station_type=21, station_id=21000)...
2026-07-02 18:31:00,311 [ERROR]   FAILED vision system init for drop 5: HTTPConnectionPool(host='172.29.0.68', port=13000): Max retries exceeded with url: /api/initiate_vision_system?station_type=21&station_id=21000&msg_id=2&cmd=init_camera (Caused by NewConnectionError("HTTPConnection(host='172.29.0.68', port=13000): Failed to establish a new connection: [WinError 10061] No connection could be made because the target machine actively refused it"))
2026-07-02 18:31:00,981 [INFO] Using cached token
2026-07-02 18:31:00,982 [INFO] Trying pack 164839 with device_id=2, system_id=414, company_id=4
2026-07-02 18:31:00,982 [INFO]   Fetching details for pack 164839
2026-07-02 18:31:01,862 [WARNING] device_id=2 generated 0 payloads, trying next device
2026-07-02 18:31:01,862 [INFO] Trying pack 164839 with device_id=3, system_id=414, company_id=4
2026-07-02 18:31:01,862 [INFO]   Fetching details for pack 164839
2026-07-02 18:31:02,577 [INFO] Pack 164839 valid using device_id=3 (14 payloads generated)
2026-07-02 18:31:02,577 [INFO] --- Processing pack 164839 (device=3, system=414) ---
2026-07-02 18:31:02,577 [INFO]   Fetching details for pack 164839
2026-07-02 18:31:03,228 [INFO]   Generated 14 drop payload(s)
2026-07-02 18:31:03,228 [INFO]   Initialising vision system (station_type=21, station_id=21000)...
2026-07-02 18:31:05,290 [ERROR]   FAILED vision system init for drop 1: HTTPConnectionPool(host='172.29.0.68', port=13000): Max retries exceeded with url: /api/initiate_vision_system?station_type=21&station_id=21000&msg_id=2&cmd=init_camera (Caused by NewConnectionError("HTTPConnection(host='172.29.0.68', port=13000): Failed to establish a new connection: [WinError 10061] No connection could be made because the target machine actively refused it"))
2026-07-02 18:31:05,290 [INFO]   Initialising vision system (station_type=21, station_id=21000)...
2026-07-02 18:31:07,376 [ERROR]   FAILED vision system init for drop 2: HTTPConnectionPool(host='172.29.0.68', port=13000): Max retries exceeded with url: /api/initiate_vision_system?station_type=21&station_id=21000&msg_id=2&cmd=init_camera (Caused by NewConnectionError("HTTPConnection(host='172.29.0.68', port=13000): Failed to establish a new connection: [WinError 10061] No connection could be made because the target machine actively refused it"))
2026-07-02 18:31:07,377 [INFO]   Initialising vision system (station_type=21, station_id=21000)...
2026-07-02 18:31:09,467 [INFO]   Init HTTP status: 200
2026-07-02 18:31:09,468 [INFO]   Init response: {
  "status": "success",
  "station_type": 21,
  "station_id": 21000
}
2026-07-02 18:31:09,472 [INFO]   Waiting 5 seconds for vision system to become ready...
2026-07-02 18:31:11,474 [INFO] Drop=3 Q=1 Slot=None Device=None System=414 DrugCount=0
2026-07-02 18:31:11,475 [INFO] Drop=3 Q=2 Slot=19 Device=3 System=414 DrugCount=1
2026-07-02 18:31:11,476 [INFO] Drop=3 Q=3 Slot=None Device=None System=414 DrugCount=0
2026-07-02 18:31:11,477 [INFO] Drop=3 Q=4 Slot=14 Device=3 System=414 DrugCount=3
2026-07-02 18:31:11,478 [INFO]   POSTing drop 3 (slots: 19, 14)...
2026-07-02 18:31:11,478 [INFO] ================================================================================
2026-07-02 18:31:11,480 [INFO] PVS REQUEST: drop=3, station_type=21, station_id=21000
2026-07-02 18:31:11,480 [INFO] Quadrant 1: slot=None device=None system=414 drug_count=0
2026-07-02 18:31:11,481 [INFO] Quadrant 2: slot=19 device=3 system=414 drug_count=1
2026-07-02 18:31:11,482 [INFO] Quadrant 3: slot=None device=None system=414 drug_count=0
2026-07-02 18:31:11,482 [INFO] Quadrant 4: slot=14 device=3 system=414 drug_count=3
2026-07-02 18:31:11,513 [INFO] PVS HTTP Status: 200
2026-07-02 18:31:13,514 [INFO] PVS RESPONSE: {
  "status": "success",
  "station_type": 21,
  "station_id": 21000
}
2026-07-02 18:31:13,514 [INFO] ================================================================================
2026-07-02 18:31:13,515 [INFO]     PVS response: {'status': 'success', 'station_type': 21, 'station_id': 21000}
2026-07-02 18:31:13,515 [INFO]   Initialising vision system (station_type=21, station_id=21000)...
2026-07-02 18:31:13,920 [INFO]   Init HTTP status: 200
2026-07-02 18:31:13,921 [INFO]   Init response: {
  "status": "success",
  "station_type": 21,
  "station_id": 21000
}
2026-07-02 18:31:13,921 [INFO]   Waiting 5 seconds for vision system to become ready...
2026-07-02 18:31:15,922 [INFO] Drop=4 Q=1 Slot=None Device=None System=414 DrugCount=0
2026-07-02 18:31:15,923 [INFO] Drop=4 Q=2 Slot=15 Device=3 System=414 DrugCount=1
2026-07-02 18:31:15,923 [INFO] Drop=4 Q=3 Slot=None Device=None System=414 DrugCount=0
2026-07-02 18:31:15,924 [INFO] Drop=4 Q=4 Slot=10 Device=3 System=414 DrugCount=3
2026-07-02 18:31:15,924 [INFO]   POSTing drop 4 (slots: 15, 10)...
2026-07-02 18:31:15,925 [INFO] ================================================================================
2026-07-02 18:31:15,925 [INFO] PVS REQUEST: drop=4, station_type=21, station_id=21000
2026-07-02 18:31:15,926 [INFO] Quadrant 1: slot=None device=None system=414 drug_count=0
2026-07-02 18:31:15,926 [INFO] Quadrant 2: slot=15 device=3 system=414 drug_count=1
2026-07-02 18:31:15,927 [INFO] Quadrant 3: slot=None device=None system=414 drug_count=0
2026-07-02 18:31:15,928 [INFO] Quadrant 4: slot=10 device=3 system=414 drug_count=3
2026-07-02 18:31:36,968 [ERROR]     FAILED PVS POST: HTTPConnectionPool(host='172.29.0.68', port=13000): Max retries exceeded with url: /api/perform_vision_system_analysis (Caused by ConnectTimeoutError(<HTTPConnection(host='172.29.0.68', port=13000) at 0x2836b481510>, 'Connection to 172.29.0.68 timed out. (connect timeout=60)'))
2026-07-02 18:31:36,970 [INFO]   Initialising vision system (station_type=21, station_id=21000)...
2026-07-02 18:31:57,998 [ERROR]   FAILED vision system init for drop 5: HTTPConnectionPool(host='172.29.0.68', port=13000): Max retries exceeded with url: /api/initiate_vision_system?station_type=21&station_id=21000&msg_id=2&cmd=init_camera (Caused by ConnectTimeoutError(<HTTPConnection(host='172.29.0.68', port=13000) at 0x2836b483fd0>, 'Connection to 172.29.0.68 timed out. (connect timeout=30)'))
2026-07-02 18:31:57,998 [INFO]   Initialising vision system (station_type=21, station_id=21000)...
2026-07-02 18:32:00,570 [ERROR]   FAILED vision system init for drop 6: HTTPConnectionPool(host='172.29.0.68', port=13000): Max retries exceeded with url: /api/initiate_vision_system?station_type=21&station_id=21000&msg_id=2&cmd=init_camera (Caused by NewConnectionError("HTTPConnection(host='172.29.0.68', port=13000): Failed to establish a new connection: [WinError 10061] No connection could be made because the target machine actively refused it"))
2026-07-02 18:32:00,570 [INFO]   Initialising vision system (station_type=21, station_id=21000)...
2026-07-02 18:32:02,644 [ERROR]   FAILED vision system init for drop 7: HTTPConnectionPool(host='172.29.0.68', port=13000): Max retries exceeded with url: /api/initiate_vision_system?station_type=21&station_id=21000&msg_id=2&cmd=init_camera (Caused by NewConnectionError("HTTPConnection(host='172.29.0.68', port=13000): Failed to establish a new connection: [WinError 10061] No connection could be made because the target machine actively refused it"))
2026-07-02 18:32:02,644 [INFO]   Initialising vision system (station_type=21, station_id=21000)...
2026-07-02 18:32:04,700 [ERROR]   FAILED vision system init for drop 8: HTTPConnectionPool(host='172.29.0.68', port=13000): Max retries exceeded with url: /api/initiate_vision_system?station_type=21&station_id=21000&msg_id=2&cmd=init_camera (Caused by NewConnectionError("HTTPConnection(host='172.29.0.68', port=13000): Failed to establish a new connection: [WinError 10061] No connection could be made because the target machine actively refused it"))
2026-07-02 18:32:04,705 [INFO]   Initialising vision system (station_type=21, station_id=21000)...
2026-07-02 18:32:06,797 [ERROR]   FAILED vision system init for drop 9: HTTPConnectionPool(host='172.29.0.68', port=13000): Max retries exceeded with url: /api/initiate_vision_system?station_type=21&station_id=21000&msg_id=2&cmd=init_camera (Caused by NewConnectionError("HTTPConnection(host='172.29.0.68', port=13000): Failed to establish a new connection: [WinError 10061] No connection could be made because the target machine actively refused it"))
2026-07-02 18:32:06,845 [INFO]   Initialising vision system (station_type=21, station_id=21000)...
2026-07-02 18:32:08,931 [ERROR]   FAILED vision system init for drop 10: HTTPConnectionPool(host='172.29.0.68', port=13000): Max retries exceeded with url: /api/initiate_vision_system?station_type=21&station_id=21000&msg_id=2&cmd=init_camera (Caused by NewConnectionError("HTTPConnection(host='172.29.0.68', port=13000): Failed to establish a new connection: [WinError 10061] No connection could be made because the target machine actively refused it"))
2026-07-02 18:32:08,938 [INFO]   Initialising vision system (station_type=21, station_id=21000)...
2026-07-02 18:32:10,982 [ERROR]   FAILED vision system init for drop 11: HTTPConnectionPool(host='172.29.0.68', port=13000): Max retries exceeded with url: /api/initiate_vision_system?station_type=21&station_id=21000&msg_id=2&cmd=init_camera (Caused by NewConnectionError("HTTPConnection(host='172.29.0.68', port=13000): Failed to establish a new connection: [WinError 10061] No connection could be made because the target machine actively refused it"))
2026-07-02 18:32:10,982 [INFO]   Initialising vision system (station_type=21, station_id=21000)...
2026-07-02 18:32:13,052 [ERROR]   FAILED vision system init for drop 12: HTTPConnectionPool(host='172.29.0.68', port=13000): Max retries exceeded with url: /api/initiate_vision_system?station_type=21&station_id=21000&msg_id=2&cmd=init_camera (Caused by NewConnectionError("HTTPConnection(host='172.29.0.68', port=13000): Failed to establish a new connection: [WinError 10061] No connection could be made because the target machine actively refused it"))
2026-07-02 18:32:13,052 [INFO]   Initialising vision system (station_type=21, station_id=21000)...
2026-07-02 18:32:15,121 [ERROR]   FAILED vision system init for drop 13: HTTPConnectionPool(host='172.29.0.68', port=13000): Max retries exceeded with url: /api/initiate_vision_system?station_type=21&station_id=21000&msg_id=2&cmd=init_camera (Caused by NewConnectionError("HTTPConnection(host='172.29.0.68', port=13000): Failed to establish a new connection: [WinError 10061] No connection could be made because the target machine actively refused it"))
2026-07-02 18:32:15,122 [INFO]   Initialising vision system (station_type=21, station_id=21000)...
2026-07-02 18:32:17,189 [ERROR]   FAILED vision system init for drop 14: HTTPConnectionPool(host='172.29.0.68', port=13000): Max retries exceeded with url: /api/initiate_vision_system?station_type=21&station_id=21000&msg_id=2&cmd=init_camera (Caused by NewConnectionError("HTTPConnection(host='172.29.0.68', port=13000): Failed to establish a new connection: [WinError 10061] No connection could be made because the target machine actively refused it"))
2026-07-02 18:32:18,501 [INFO] Using cached token
2026-07-02 18:32:18,501 [INFO] Trying pack 164930 with device_id=2, system_id=414, company_id=4
2026-07-02 18:32:18,505 [INFO]   Fetching details for pack 164930
2026-07-02 18:32:21,010 [INFO] Pack 164930 valid using device_id=2 (28 payloads generated)
2026-07-02 18:32:21,010 [INFO] --- Processing pack 164930 (device=2, system=414) ---
2026-07-02 18:32:21,018 [INFO]   Fetching details for pack 164930
2026-07-02 18:32:22,140 [INFO]   Generated 28 drop payload(s)
2026-07-02 18:32:22,140 [INFO]   Initialising vision system (station_type=21, station_id=21000)...
2026-07-02 18:32:22,170 [INFO]   Init HTTP status: 200
2026-07-02 18:32:22,170 [INFO]   Init response: {
  "status": "success",
  "station_type": 21,
  "station_id": 21000
}
2026-07-02 18:32:22,170 [INFO]   Waiting 5 seconds for vision system to become ready...
2026-07-02 18:32:24,173 [INFO] Drop=1 Q=1 Slot=None Device=None System=414 DrugCount=0
2026-07-02 18:32:24,174 [INFO] Drop=1 Q=2 Slot=27 Device=109 System=414 DrugCount=1
2026-07-02 18:32:24,175 [INFO] Drop=1 Q=3 Slot=None Device=None System=414 DrugCount=0
2026-07-02 18:32:24,176 [INFO] Drop=1 Q=4 Slot=None Device=None System=414 DrugCount=0
2026-07-02 18:32:24,177 [INFO]   POSTing drop 1 (slots: 27)...
2026-07-02 18:32:24,178 [INFO] ================================================================================
2026-07-02 18:32:24,181 [INFO] PVS REQUEST: drop=1, station_type=21, station_id=21000
2026-07-02 18:32:24,183 [INFO] Quadrant 1: slot=None device=None system=414 drug_count=0
2026-07-02 18:32:24,183 [INFO] Quadrant 2: slot=27 device=109 system=414 drug_count=1
2026-07-02 18:32:24,184 [INFO] Quadrant 3: slot=None device=None system=414 drug_count=0
2026-07-02 18:32:24,186 [INFO] Quadrant 4: slot=None device=None system=414 drug_count=0
2026-07-02 18:32:24,208 [INFO] PVS HTTP Status: 200
2026-07-02 18:32:26,210 [INFO] PVS RESPONSE: {
  "status": "success",
  "station_type": 21,
  "station_id": 21000
}
2026-07-02 18:32:26,210 [INFO] ================================================================================
2026-07-02 18:32:26,213 [INFO]     PVS response: {'status': 'success', 'station_type': 21, 'station_id': 21000}
2026-07-02 18:32:26,214 [INFO]   Initialising vision system (station_type=21, station_id=21000)...
2026-07-02 18:32:27,418 [INFO]   Init HTTP status: 200
2026-07-02 18:32:27,419 [INFO]   Init response: {
  "status": "success",
  "station_type": 21,
  "station_id": 21000
}
2026-07-02 18:32:27,420 [INFO]   Waiting 5 seconds for vision system to become ready...
2026-07-02 18:32:29,422 [INFO] Drop=2 Q=1 Slot=None Device=None System=414 DrugCount=0
2026-07-02 18:32:29,422 [INFO] Drop=2 Q=2 Slot=23 Device=109 System=414 DrugCount=1
2026-07-02 18:32:29,422 [INFO] Drop=2 Q=3 Slot=None Device=None System=414 DrugCount=0
2026-07-02 18:32:29,422 [INFO] Drop=2 Q=4 Slot=None Device=None System=414 DrugCount=0
2026-07-02 18:32:29,422 [INFO]   POSTing drop 2 (slots: 23)...
2026-07-02 18:32:29,422 [INFO] ================================================================================
2026-07-02 18:32:29,429 [INFO] PVS REQUEST: drop=2, station_type=21, station_id=21000
2026-07-02 18:32:29,430 [INFO] Quadrant 1: slot=None device=None system=414 drug_count=0
2026-07-02 18:32:29,430 [INFO] Quadrant 2: slot=23 device=109 system=414 drug_count=1
2026-07-02 18:32:29,430 [INFO] Quadrant 3: slot=None device=None system=414 drug_count=0
2026-07-02 18:32:29,430 [INFO] Quadrant 4: slot=None device=None system=414 drug_count=0
2026-07-02 18:32:29,461 [INFO] PVS HTTP Status: 200
2026-07-02 18:32:31,466 [INFO] PVS RESPONSE: {
  "status": "success",
  "station_type": 21,
  "station_id": 21000
}
2026-07-02 18:32:31,466 [INFO] ================================================================================
2026-07-02 18:32:31,466 [INFO]     PVS response: {'status': 'success', 'station_type': 21, 'station_id': 21000}
2026-07-02 18:32:31,468 [INFO]   Initialising vision system (station_type=21, station_id=21000)...
2026-07-02 18:32:31,611 [INFO]   Init HTTP status: 200
2026-07-02 18:32:31,611 [INFO]   Init response: {
  "status": "success",
  "station_type": 21,
  "station_id": 21000
}
2026-07-02 18:32:31,611 [INFO]   Waiting 5 seconds for vision system to become ready...
2026-07-02 18:32:33,615 [INFO] Drop=3 Q=1 Slot=None Device=None System=414 DrugCount=0
2026-07-02 18:32:33,615 [INFO] Drop=3 Q=2 Slot=19 Device=109 System=414 DrugCount=1
2026-07-02 18:32:33,615 [INFO] Drop=3 Q=3 Slot=None Device=None System=414 DrugCount=0
2026-07-02 18:32:33,615 [INFO] Drop=3 Q=4 Slot=None Device=None System=414 DrugCount=0
2026-07-02 18:32:33,619 [INFO]   POSTing drop 3 (slots: 19)...
2026-07-02 18:32:33,619 [INFO] ================================================================================
2026-07-02 18:32:33,621 [INFO] PVS REQUEST: drop=3, station_type=21, station_id=21000
2026-07-02 18:32:33,621 [INFO] Quadrant 1: slot=None device=None system=414 drug_count=0
2026-07-02 18:32:33,621 [INFO] Quadrant 2: slot=19 device=109 system=414 drug_count=1
2026-07-02 18:32:33,621 [INFO] Quadrant 3: slot=None device=None system=414 drug_count=0
2026-07-02 18:32:33,624 [INFO] Quadrant 4: slot=None device=None system=414 drug_count=0
2026-07-02 18:32:33,641 [INFO] PVS HTTP Status: 200
2026-07-02 18:32:35,651 [INFO] PVS RESPONSE: {
  "status": "success",
  "station_type": 21,
  "station_id": 21000
}
2026-07-02 18:32:35,655 [INFO] ================================================================================
2026-07-02 18:32:35,658 [INFO]     PVS response: {'status': 'success', 'station_type': 21, 'station_id': 21000}
2026-07-02 18:32:35,660 [INFO]   Initialising vision system (station_type=21, station_id=21000)...
2026-07-02 18:32:35,780 [INFO]   Init HTTP status: 200
2026-07-02 18:32:35,780 [INFO]   Init response: {
  "status": "success",
  "station_type": 21,
  "station_id": 21000
}
2026-07-02 18:32:35,780 [INFO]   Waiting 5 seconds for vision system to become ready...
2026-07-02 18:32:37,784 [INFO] Drop=4 Q=1 Slot=None Device=None System=414 DrugCount=0
2026-07-02 18:32:37,784 [INFO] Drop=4 Q=2 Slot=15 Device=109 System=414 DrugCount=1
2026-07-02 18:32:37,784 [INFO] Drop=4 Q=3 Slot=None Device=None System=414 DrugCount=0
2026-07-02 18:32:37,784 [INFO] Drop=4 Q=4 Slot=None Device=None System=414 DrugCount=0
2026-07-02 18:32:37,784 [INFO]   POSTing drop 4 (slots: 15)...
2026-07-02 18:32:37,784 [INFO] ================================================================================
2026-07-02 18:32:37,784 [INFO] PVS REQUEST: drop=4, station_type=21, station_id=21000
2026-07-02 18:32:37,784 [INFO] Quadrant 1: slot=None device=None system=414 drug_count=0
2026-07-02 18:32:37,784 [INFO] Quadrant 2: slot=15 device=109 system=414 drug_count=1
2026-07-02 18:32:37,784 [INFO] Quadrant 3: slot=None device=None system=414 drug_count=0
2026-07-02 18:32:37,784 [INFO] Quadrant 4: slot=None device=None system=414 drug_count=0
2026-07-02 18:32:58,825 [ERROR]     FAILED PVS POST: HTTPConnectionPool(host='172.29.0.68', port=13000): Max retries exceeded with url: /api/perform_vision_system_analysis (Caused by ConnectTimeoutError(<HTTPConnection(host='172.29.0.68', port=13000) at 0x17458c58950>, 'Connection to 172.29.0.68 timed out. (connect timeout=60)'))
2026-07-02 18:32:58,885 [INFO]   Initialising vision system (station_type=21, station_id=21000)...
2026-07-02 18:33:19,937 [ERROR]   FAILED vision system init for drop 5: HTTPConnectionPool(host='172.29.0.68', port=13000): Max retries exceeded with url: /api/initiate_vision_system?station_type=21&station_id=21000&msg_id=2&cmd=init_camera (Caused by ConnectTimeoutError(<HTTPConnection(host='172.29.0.68', port=13000) at 0x17458c519d0>, 'Connection to 172.29.0.68 timed out. (connect timeout=30)'))
2026-07-02 18:33:19,937 [INFO]   Initialising vision system (station_type=21, station_id=21000)...
2026-07-02 18:33:22,506 [ERROR]   FAILED vision system init for drop 6: HTTPConnectionPool(host='172.29.0.68', port=13000): Max retries exceeded with url: /api/initiate_vision_system?station_type=21&station_id=21000&msg_id=2&cmd=init_camera (Caused by NewConnectionError("HTTPConnection(host='172.29.0.68', port=13000): Failed to establish a new connection: [WinError 10061] No connection could be made because the target machine actively refused it"))
2026-07-02 18:33:22,506 [INFO]   Initialising vision system (station_type=21, station_id=21000)...
2026-07-02 18:33:24,570 [ERROR]   FAILED vision system init for drop 7: HTTPConnectionPool(host='172.29.0.68', port=13000): Max retries exceeded with url: /api/initiate_vision_system?station_type=21&station_id=21000&msg_id=2&cmd=init_camera (Caused by NewConnectionError("HTTPConnection(host='172.29.0.68', port=13000): Failed to establish a new connection: [WinError 10061] No connection could be made because the target machine actively refused it"))
2026-07-02 18:33:24,571 [INFO]   Initialising vision system (station_type=21, station_id=21000)...
2026-07-02 18:33:26,649 [ERROR]   FAILED vision system init for drop 8: HTTPConnectionPool(host='172.29.0.68', port=13000): Max retries exceeded with url: /api/initiate_vision_system?station_type=21&station_id=21000&msg_id=2&cmd=init_camera (Caused by NewConnectionError("HTTPConnection(host='172.29.0.68', port=13000): Failed to establish a new connection: [WinError 10061] No connection could be made because the target machine actively refused it"))
2026-07-02 18:33:26,649 [INFO]   Initialising vision system (station_type=21, station_id=21000)...
2026-07-02 18:33:28,693 [ERROR]   FAILED vision system init for drop 9: HTTPConnectionPool(host='172.29.0.68', port=13000): Max retries exceeded with url: /api/initiate_vision_system?station_type=21&station_id=21000&msg_id=2&cmd=init_camera (Caused by NewConnectionError("HTTPConnection(host='172.29.0.68', port=13000): Failed to establish a new connection: [WinError 10061] No connection could be made because the target machine actively refused it"))
2026-07-02 18:33:28,693 [INFO]   Initialising vision system (station_type=21, station_id=21000)...
2026-07-02 18:33:30,743 [ERROR]   FAILED vision system init for drop 10: HTTPConnectionPool(host='172.29.0.68', port=13000): Max retries exceeded with url: /api/initiate_vision_system?station_type=21&station_id=21000&msg_id=2&cmd=init_camera (Caused by NewConnectionError("HTTPConnection(host='172.29.0.68', port=13000): Failed to establish a new connection: [WinError 10061] No connection could be made because the target machine actively refused it"))
2026-07-02 18:33:30,743 [INFO]   Initialising vision system (station_type=21, station_id=21000)...
2026-07-02 18:33:32,812 [ERROR]   FAILED vision system init for drop 11: HTTPConnectionPool(host='172.29.0.68', port=13000): Max retries exceeded with url: /api/initiate_vision_system?station_type=21&station_id=21000&msg_id=2&cmd=init_camera (Caused by NewConnectionError("HTTPConnection(host='172.29.0.68', port=13000): Failed to establish a new connection: [WinError 10061] No connection could be made because the target machine actively refused it"))
2026-07-02 18:33:32,812 [INFO]   Initialising vision system (station_type=21, station_id=21000)...
2026-07-02 18:33:34,871 [ERROR]   FAILED vision system init for drop 12: HTTPConnectionPool(host='172.29.0.68', port=13000): Max retries exceeded with url: /api/initiate_vision_system?station_type=21&station_id=21000&msg_id=2&cmd=init_camera (Caused by NewConnectionError("HTTPConnection(host='172.29.0.68', port=13000): Failed to establish a new connection: [WinError 10061] No connection could be made because the target machine actively refused it"))
2026-07-02 18:33:34,871 [INFO]   Initialising vision system (station_type=21, station_id=21000)...
2026-07-02 18:33:36,931 [ERROR]   FAILED vision system init for drop 13: HTTPConnectionPool(host='172.29.0.68', port=13000): Max retries exceeded with url: /api/initiate_vision_system?station_type=21&station_id=21000&msg_id=2&cmd=init_camera (Caused by NewConnectionError("HTTPConnection(host='172.29.0.68', port=13000): Failed to establish a new connection: [WinError 10061] No connection could be made because the target machine actively refused it"))
2026-07-02 18:33:36,931 [INFO]   Initialising vision system (station_type=21, station_id=21000)...
2026-07-02 18:33:38,993 [ERROR]   FAILED vision system init for drop 14: HTTPConnectionPool(host='172.29.0.68', port=13000): Max retries exceeded with url: /api/initiate_vision_system?station_type=21&station_id=21000&msg_id=2&cmd=init_camera (Caused by NewConnectionError("HTTPConnection(host='172.29.0.68', port=13000): Failed to establish a new connection: [WinError 10061] No connection could be made because the target machine actively refused it"))
2026-07-02 18:33:39,001 [INFO]   Initialising vision system (station_type=21, station_id=21000)...
2026-07-02 18:33:41,056 [ERROR]   FAILED vision system init for drop 15: HTTPConnectionPool(host='172.29.0.68', port=13000): Max retries exceeded with url: /api/initiate_vision_system?station_type=21&station_id=21000&msg_id=2&cmd=init_camera (Caused by NewConnectionError("HTTPConnection(host='172.29.0.68', port=13000): Failed to establish a new connection: [WinError 10061] No connection could be made because the target machine actively refused it"))
2026-07-02 18:33:41,056 [INFO]   Initialising vision system (station_type=21, station_id=21000)...
2026-07-02 18:33:41,625 [INFO]   Init HTTP status: 200
2026-07-02 18:33:41,625 [INFO]   Init response: {
  "status": "success",
  "station_type": 21,
  "station_id": 21000
}
2026-07-02 18:33:41,625 [INFO]   Waiting 5 seconds for vision system to become ready...
2026-07-02 18:33:43,628 [INFO] Drop=16 Q=1 Slot=None Device=None System=414 DrugCount=0
2026-07-02 18:33:43,628 [INFO] Drop=16 Q=2 Slot=20 Device=109 System=414 DrugCount=4
2026-07-02 18:33:43,628 [INFO] Drop=16 Q=3 Slot=20 Device=109 System=414 DrugCount=1
2026-07-02 18:33:43,628 [INFO] Drop=16 Q=4 Slot=None Device=None System=414 DrugCount=0
2026-07-02 18:33:43,628 [INFO]   POSTing drop 16 (slots: 20, 20)...
2026-07-02 18:33:43,628 [INFO] ================================================================================
2026-07-02 18:33:43,628 [INFO] PVS REQUEST: drop=16, station_type=21, station_id=21000
2026-07-02 18:33:43,628 [INFO] Quadrant 1: slot=None device=None system=414 drug_count=0
2026-07-02 18:33:43,628 [INFO] Quadrant 2: slot=20 device=109 system=414 drug_count=4
2026-07-02 18:33:43,628 [INFO] Quadrant 3: slot=20 device=109 system=414 drug_count=1
2026-07-02 18:33:43,628 [INFO] Quadrant 4: slot=None device=None system=414 drug_count=0
2026-07-02 18:33:43,661 [INFO] PVS HTTP Status: 200
2026-07-02 18:33:45,665 [INFO] PVS RESPONSE: {
  "status": "success",
  "station_type": 21,
  "station_id": 21000
}
2026-07-02 18:33:45,665 [INFO] ================================================================================
2026-07-02 18:33:45,665 [INFO]     PVS response: {'status': 'success', 'station_type': 21, 'station_id': 21000}
2026-07-02 18:33:45,665 [INFO]   Initialising vision system (station_type=21, station_id=21000)...
2026-07-02 18:33:46,061 [INFO]   Init HTTP status: 200
2026-07-02 18:33:46,061 [INFO]   Init response: {
  "status": "success",
  "station_type": 21,
  "station_id": 21000
}
2026-07-02 18:33:46,071 [INFO]   Waiting 5 seconds for vision system to become ready...
2026-07-02 18:33:48,072 [INFO] Drop=17 Q=1 Slot=None Device=None System=414 DrugCount=0
2026-07-02 18:33:48,072 [INFO] Drop=17 Q=2 Slot=13 Device=109 System=414 DrugCount=2
2026-07-02 18:33:48,072 [INFO] Drop=17 Q=3 Slot=13 Device=2 System=414 DrugCount=3
2026-07-02 18:33:48,072 [INFO] Drop=17 Q=4 Slot=13 Device=2 System=414 DrugCount=2
2026-07-02 18:33:48,072 [INFO]   POSTing drop 17 (slots: 13, 13, 13)...
2026-07-02 18:33:48,072 [INFO] ================================================================================
2026-07-02 18:33:48,072 [INFO] PVS REQUEST: drop=17, station_type=21, station_id=21000
2026-07-02 18:33:48,072 [INFO] Quadrant 1: slot=None device=None system=414 drug_count=0
2026-07-02 18:33:48,072 [INFO] Quadrant 2: slot=13 device=109 system=414 drug_count=2
2026-07-02 18:33:48,072 [INFO] Quadrant 3: slot=13 device=2 system=414 drug_count=3
2026-07-02 18:33:48,072 [INFO] Quadrant 4: slot=13 device=2 system=414 drug_count=2
2026-07-02 18:34:09,123 [ERROR]     FAILED PVS POST: HTTPConnectionPool(host='172.29.0.68', port=13000): Max retries exceeded with url: /api/perform_vision_system_analysis (Caused by ConnectTimeoutError(<HTTPConnection(host='172.29.0.68', port=13000) at 0x17458c59e10>, 'Connection to 172.29.0.68 timed out. (connect timeout=60)'))
2026-07-02 18:34:09,123 [INFO]   Initialising vision system (station_type=21, station_id=21000)...
2026-07-02 18:34:30,183 [ERROR]   FAILED vision system init for drop 18: HTTPConnectionPool(host='172.29.0.68', port=13000): Max retries exceeded with url: /api/initiate_vision_system?station_type=21&station_id=21000&msg_id=2&cmd=init_camera (Caused by ConnectTimeoutError(<HTTPConnection(host='172.29.0.68', port=13000) at 0x17458c59390>, 'Connection to 172.29.0.68 timed out. (connect timeout=30)'))
2026-07-02 18:34:30,183 [INFO]   Initialising vision system (station_type=21, station_id=21000)...
2026-07-02 18:34:33,563 [ERROR]   FAILED vision system init for drop 19: HTTPConnectionPool(host='172.29.0.68', port=13000): Max retries exceeded with url: /api/initiate_vision_system?station_type=21&station_id=21000&msg_id=2&cmd=init_camera (Caused by NewConnectionError("HTTPConnection(host='172.29.0.68', port=13000): Failed to establish a new connection: [WinError 10061] No connection could be made because the target machine actively refused it"))
2026-07-02 18:34:33,563 [INFO]   Initialising vision system (station_type=21, station_id=21000)...
2026-07-02 18:34:35,633 [ERROR]   FAILED vision system init for drop 20: HTTPConnectionPool(host='172.29.0.68', port=13000): Max retries exceeded with url: /api/initiate_vision_system?station_type=21&station_id=21000&msg_id=2&cmd=init_camera (Caused by NewConnectionError("HTTPConnection(host='172.29.0.68', port=13000): Failed to establish a new connection: [WinError 10061] No connection could be made because the target machine actively refused it"))
2026-07-02 18:34:35,633 [INFO]   Initialising vision system (station_type=21, station_id=21000)...
2026-07-02 18:34:37,704 [ERROR]   FAILED vision system init for drop 21: HTTPConnectionPool(host='172.29.0.68', port=13000): Max retries exceeded with url: /api/initiate_vision_system?station_type=21&station_id=21000&msg_id=2&cmd=init_camera (Caused by NewConnectionError("HTTPConnection(host='172.29.0.68', port=13000): Failed to establish a new connection: [WinError 10061] No connection could be made because the target machine actively refused it"))
2026-07-02 18:34:37,704 [INFO]   Initialising vision system (station_type=21, station_id=21000)...
2026-07-02 18:34:39,753 [ERROR]   FAILED vision system init for drop 22: HTTPConnectionPool(host='172.29.0.68', port=13000): Max retries exceeded with url: /api/initiate_vision_system?station_type=21&station_id=21000&msg_id=2&cmd=init_camera (Caused by NewConnectionError("HTTPConnection(host='172.29.0.68', port=13000): Failed to establish a new connection: [WinError 10061] No connection could be made because the target machine actively refused it"))
2026-07-02 18:34:39,753 [INFO]   Initialising vision system (station_type=21, station_id=21000)...
2026-07-02 18:34:41,809 [ERROR]   FAILED vision system init for drop 23: HTTPConnectionPool(host='172.29.0.68', port=13000): Max retries exceeded with url: /api/initiate_vision_system?station_type=21&station_id=21000&msg_id=2&cmd=init_camera (Caused by NewConnectionError("HTTPConnection(host='172.29.0.68', port=13000): Failed to establish a new connection: [WinError 10061] No connection could be made because the target machine actively refused it"))
2026-07-02 18:34:41,813 [INFO]   Initialising vision system (station_type=21, station_id=21000)...
2026-07-02 18:34:43,858 [ERROR]   FAILED vision system init for drop 24: HTTPConnectionPool(host='172.29.0.68', port=13000): Max retries exceeded with url: /api/initiate_vision_system?station_type=21&station_id=21000&msg_id=2&cmd=init_camera (Caused by NewConnectionError("HTTPConnection(host='172.29.0.68', port=13000): Failed to establish a new connection: [WinError 10061] No connection could be made because the target machine actively refused it"))
2026-07-02 18:34:43,858 [INFO]   Initialising vision system (station_type=21, station_id=21000)...
2026-07-02 18:34:45,938 [ERROR]   FAILED vision system init for drop 25: HTTPConnectionPool(host='172.29.0.68', port=13000): Max retries exceeded with url: /api/initiate_vision_system?station_type=21&station_id=21000&msg_id=2&cmd=init_camera (Caused by NewConnectionError("HTTPConnection(host='172.29.0.68', port=13000): Failed to establish a new connection: [WinError 10061] No connection could be made because the target machine actively refused it"))
2026-07-02 18:34:45,938 [INFO]   Initialising vision system (station_type=21, station_id=21000)...
2026-07-02 18:34:48,005 [ERROR]   FAILED vision system init for drop 26: HTTPConnectionPool(host='172.29.0.68', port=13000): Max retries exceeded with url: /api/initiate_vision_system?station_type=21&station_id=21000&msg_id=2&cmd=init_camera (Caused by NewConnectionError("HTTPConnection(host='172.29.0.68', port=13000): Failed to establish a new connection: [WinError 10061] No connection could be made because the target machine actively refused it"))
2026-07-02 18:34:48,005 [INFO]   Initialising vision system (station_type=21, station_id=21000)...
2026-07-02 18:34:50,051 [ERROR]   FAILED vision system init for drop 27: HTTPConnectionPool(host='172.29.0.68', port=13000): Max retries exceeded with url: /api/initiate_vision_system?station_type=21&station_id=21000&msg_id=2&cmd=init_camera (Caused by NewConnectionError("HTTPConnection(host='172.29.0.68', port=13000): Failed to establish a new connection: [WinError 10061] No connection could be made because the target machine actively refused it"))
2026-07-02 18:34:50,051 [INFO]   Initialising vision system (station_type=21, station_id=21000)...
2026-07-02 18:34:52,144 [ERROR]   FAILED vision system init for drop 28: HTTPConnectionPool(host='172.29.0.68', port=13000): Max retries exceeded with url: /api/initiate_vision_system?station_type=21&station_id=21000&msg_id=2&cmd=init_camera (Caused by NewConnectionError("HTTPConnection(host='172.29.0.68', port=13000): Failed to establish a new connection: [WinError 10061] No connection could be made because the target machine actively refused it"))
2026-07-02 18:34:52,985 [INFO] Using cached token
2026-07-02 18:34:52,985 [INFO] Trying pack 164940 with device_id=2, system_id=414, company_id=4
2026-07-02 18:34:52,985 [INFO]   Fetching details for pack 164940
2026-07-02 18:34:53,790 [INFO] Pack 164940 valid using device_id=2 (15 payloads generated)
2026-07-02 18:34:53,790 [INFO] --- Processing pack 164940 (device=2, system=414) ---
2026-07-02 18:34:53,790 [INFO]   Fetching details for pack 164940
2026-07-02 18:34:54,382 [INFO]   Generated 15 drop payload(s)
2026-07-02 18:34:54,382 [INFO]   Initialising vision system (station_type=21, station_id=21000)...
2026-07-02 18:34:54,435 [INFO]   Init HTTP status: 200
2026-07-02 18:34:54,435 [INFO]   Init response: {
  "status": "success",
  "station_type": 21,
  "station_id": 21000
}
2026-07-02 18:34:54,435 [INFO]   Waiting 5 seconds for vision system to become ready...
2026-07-02 18:34:56,443 [INFO] Drop=1 Q=1 Slot=28 Device=2 System=414 DrugCount=4
2026-07-02 18:34:56,444 [INFO] Drop=1 Q=2 Slot=27 Device=2 System=414 DrugCount=1
2026-07-02 18:34:56,444 [INFO] Drop=1 Q=3 Slot=None Device=None System=414 DrugCount=0
2026-07-02 18:34:56,444 [INFO] Drop=1 Q=4 Slot=22 Device=2 System=414 DrugCount=1
2026-07-02 18:34:56,444 [INFO]   POSTing drop 1 (slots: 28, 27, 22)...
2026-07-02 18:34:56,444 [INFO] ================================================================================
2026-07-02 18:34:56,444 [INFO] PVS REQUEST: drop=1, station_type=21, station_id=21000
2026-07-02 18:34:56,444 [INFO] Quadrant 1: slot=28 device=2 system=414 drug_count=4
2026-07-02 18:34:56,444 [INFO] Quadrant 2: slot=27 device=2 system=414 drug_count=1
2026-07-02 18:34:56,444 [INFO] Quadrant 3: slot=None device=None system=414 drug_count=0
2026-07-02 18:34:56,444 [INFO] Quadrant 4: slot=22 device=2 system=414 drug_count=1
2026-07-02 18:34:56,492 [INFO] PVS HTTP Status: 200
2026-07-02 18:34:58,497 [INFO] PVS RESPONSE: {
  "status": "success",
  "station_type": 21,
  "station_id": 21000
}
2026-07-02 18:34:58,497 [INFO] ================================================================================
2026-07-02 18:34:58,497 [INFO]     PVS response: {'status': 'success', 'station_type': 21, 'station_id': 21000}
2026-07-02 18:34:58,497 [INFO]   Initialising vision system (station_type=21, station_id=21000)...
2026-07-02 18:34:58,812 [INFO]   Init HTTP status: 200
2026-07-02 18:34:58,813 [INFO]   Init response: {
  "status": "success",
  "station_type": 21,
  "station_id": 21000
}
2026-07-02 18:34:58,814 [INFO]   Waiting 5 seconds for vision system to become ready...
2026-07-02 18:35:00,815 [INFO] Drop=2 Q=1 Slot=24 Device=2 System=414 DrugCount=4
2026-07-02 18:35:00,815 [INFO] Drop=2 Q=2 Slot=23 Device=2 System=414 DrugCount=1
2026-07-02 18:35:00,815 [INFO] Drop=2 Q=3 Slot=None Device=None System=414 DrugCount=0
2026-07-02 18:35:00,815 [INFO] Drop=2 Q=4 Slot=18 Device=2 System=414 DrugCount=1
2026-07-02 18:35:00,816 [INFO]   POSTing drop 2 (slots: 24, 23, 18)...
2026-07-02 18:35:00,816 [INFO] ================================================================================
2026-07-02 18:35:00,816 [INFO] PVS REQUEST: drop=2, station_type=21, station_id=21000
2026-07-02 18:35:00,816 [INFO] Quadrant 1: slot=24 device=2 system=414 drug_count=4
2026-07-02 18:35:00,817 [INFO] Quadrant 2: slot=23 device=2 system=414 drug_count=1
2026-07-02 18:35:00,817 [INFO] Quadrant 3: slot=None device=None system=414 drug_count=0
2026-07-02 18:35:00,817 [INFO] Quadrant 4: slot=18 device=2 system=414 drug_count=1
2026-07-02 18:35:21,865 [ERROR]     FAILED PVS POST: HTTPConnectionPool(host='172.29.0.68', port=13000): Max retries exceeded with url: /api/perform_vision_system_analysis (Caused by ConnectTimeoutError(<HTTPConnection(host='172.29.0.68', port=13000) at 0x1b982855350>, 'Connection to 172.29.0.68 timed out. (connect timeout=60)'))
2026-07-02 18:35:21,865 [INFO]   Initialising vision system (station_type=21, station_id=21000)...
2026-07-02 18:35:42,908 [ERROR]   FAILED vision system init for drop 3: HTTPConnectionPool(host='172.29.0.68', port=13000): Max retries exceeded with url: /api/initiate_vision_system?station_type=21&station_id=21000&msg_id=2&cmd=init_camera (Caused by ConnectTimeoutError(<HTTPConnection(host='172.29.0.68', port=13000) at 0x1b982856bd0>, 'Connection to 172.29.0.68 timed out. (connect timeout=30)'))
2026-07-02 18:35:42,909 [INFO]   Initialising vision system (station_type=21, station_id=21000)...
2026-07-02 18:35:45,997 [ERROR]   FAILED vision system init for drop 4: HTTPConnectionPool(host='172.29.0.68', port=13000): Max retries exceeded with url: /api/initiate_vision_system?station_type=21&station_id=21000&msg_id=2&cmd=init_camera (Caused by NewConnectionError("HTTPConnection(host='172.29.0.68', port=13000): Failed to establish a new connection: [WinError 10061] No connection could be made because the target machine actively refused it"))
2026-07-02 18:35:45,998 [INFO]   Initialising vision system (station_type=21, station_id=21000)...
2026-07-02 18:35:48,059 [ERROR]   FAILED vision system init for drop 5: HTTPConnectionPool(host='172.29.0.68', port=13000): Max retries exceeded with url: /api/initiate_vision_system?station_type=21&station_id=21000&msg_id=2&cmd=init_camera (Caused by NewConnectionError("HTTPConnection(host='172.29.0.68', port=13000): Failed to establish a new connection: [WinError 10061] No connection could be made because the target machine actively refused it"))
2026-07-02 18:35:48,060 [INFO]   Initialising vision system (station_type=21, station_id=21000)...
2026-07-02 18:35:50,110 [ERROR]   FAILED vision system init for drop 6: HTTPConnectionPool(host='172.29.0.68', port=13000): Max retries exceeded with url: /api/initiate_vision_system?station_type=21&station_id=21000&msg_id=2&cmd=init_camera (Caused by NewConnectionError("HTTPConnection(host='172.29.0.68', port=13000): Failed to establish a new connection: [WinError 10061] No connection could be made because the target machine actively refused it"))
2026-07-02 18:35:50,110 [INFO]   Initialising vision system (station_type=21, station_id=21000)...
2026-07-02 18:35:52,158 [ERROR]   FAILED vision system init for drop 7: HTTPConnectionPool(host='172.29.0.68', port=13000): Max retries exceeded with url: /api/initiate_vision_system?station_type=21&station_id=21000&msg_id=2&cmd=init_camera (Caused by NewConnectionError("HTTPConnection(host='172.29.0.68', port=13000): Failed to establish a new connection: [WinError 10061] No connection could be made because the target machine actively refused it"))
2026-07-02 18:35:52,158 [INFO]   Initialising vision system (station_type=21, station_id=21000)...
2026-07-02 18:35:54,228 [ERROR]   FAILED vision system init for drop 8: HTTPConnectionPool(host='172.29.0.68', port=13000): Max retries exceeded with url: /api/initiate_vision_system?station_type=21&station_id=21000&msg_id=2&cmd=init_camera (Caused by NewConnectionError("HTTPConnection(host='172.29.0.68', port=13000): Failed to establish a new connection: [WinError 10061] No connection could be made because the target machine actively refused it"))
2026-07-02 18:35:54,228 [INFO]   Initialising vision system (station_type=21, station_id=21000)...
2026-07-02 18:35:56,299 [ERROR]   FAILED vision system init for drop 9: HTTPConnectionPool(host='172.29.0.68', port=13000): Max retries exceeded with url: /api/initiate_vision_system?station_type=21&station_id=21000&msg_id=2&cmd=init_camera (Caused by NewConnectionError("HTTPConnection(host='172.29.0.68', port=13000): Failed to establish a new connection: [WinError 10061] No connection could be made because the target machine actively refused it"))
2026-07-02 18:35:56,300 [INFO]   Initialising vision system (station_type=21, station_id=21000)...
2026-07-02 18:35:58,358 [ERROR]   FAILED vision system init for drop 10: HTTPConnectionPool(host='172.29.0.68', port=13000): Max retries exceeded with url: /api/initiate_vision_system?station_type=21&station_id=21000&msg_id=2&cmd=init_camera (Caused by NewConnectionError("HTTPConnection(host='172.29.0.68', port=13000): Failed to establish a new connection: [WinError 10061] No connection could be made because the target machine actively refused it"))
2026-07-02 18:35:58,358 [INFO]   Initialising vision system (station_type=21, station_id=21000)...
2026-07-02 18:36:00,427 [ERROR]   FAILED vision system init for drop 11: HTTPConnectionPool(host='172.29.0.68', port=13000): Max retries exceeded with url: /api/initiate_vision_system?station_type=21&station_id=21000&msg_id=2&cmd=init_camera (Caused by NewConnectionError("HTTPConnection(host='172.29.0.68', port=13000): Failed to establish a new connection: [WinError 10061] No connection could be made because the target machine actively refused it"))
2026-07-02 18:36:00,427 [INFO]   Initialising vision system (station_type=21, station_id=21000)...
2026-07-02 18:36:02,494 [ERROR]   FAILED vision system init for drop 12: HTTPConnectionPool(host='172.29.0.68', port=13000): Max retries exceeded with url: /api/initiate_vision_system?station_type=21&station_id=21000&msg_id=2&cmd=init_camera (Caused by NewConnectionError("HTTPConnection(host='172.29.0.68', port=13000): Failed to establish a new connection: [WinError 10061] No connection could be made because the target machine actively refused it"))
2026-07-02 18:36:02,495 [INFO]   Initialising vision system (station_type=21, station_id=21000)...
2026-07-02 18:36:04,551 [ERROR]   FAILED vision system init for drop 13: HTTPConnectionPool(host='172.29.0.68', port=13000): Max retries exceeded with url: /api/initiate_vision_system?station_type=21&station_id=21000&msg_id=2&cmd=init_camera (Caused by NewConnectionError("HTTPConnection(host='172.29.0.68', port=13000): Failed to establish a new connection: [WinError 10061] No connection could be made because the target machine actively refused it"))
2026-07-02 18:36:04,554 [INFO]   Initialising vision system (station_type=21, station_id=21000)...
2026-07-02 18:36:06,628 [ERROR]   FAILED vision system init for drop 14: HTTPConnectionPool(host='172.29.0.68', port=13000): Max retries exceeded with url: /api/initiate_vision_system?station_type=21&station_id=21000&msg_id=2&cmd=init_camera (Caused by NewConnectionError("HTTPConnection(host='172.29.0.68', port=13000): Failed to establish a new connection: [WinError 10061] No connection could be made because the target machine actively refused it"))
2026-07-02 18:36:06,630 [INFO]   Initialising vision system (station_type=21, station_id=21000)...
2026-07-02 18:36:08,688 [ERROR]   FAILED vision system init for drop 15: HTTPConnectionPool(host='172.29.0.68', port=13000): Max retries exceeded with url: /api/initiate_vision_system?station_type=21&station_id=21000&msg_id=2&cmd=init_camera (Caused by NewConnectionError("HTTPConnection(host='172.29.0.68', port=13000): Failed to establish a new connection: [WinError 10061] No connection could be made because the target machine actively refused it"))
2026-07-02 18:36:09,357 [INFO] Using cached token
2026-07-02 18:36:09,357 [INFO] Trying pack 165350 with device_id=2, system_id=414, company_id=4
2026-07-02 18:36:09,357 [INFO]   Fetching details for pack 165350
2026-07-02 18:36:09,850 [WARNING] device_id=2 generated 0 payloads, trying next device
2026-07-02 18:36:09,852 [INFO] Trying pack 165350 with device_id=3, system_id=414, company_id=4
2026-07-02 18:36:09,853 [INFO]   Fetching details for pack 165350
2026-07-02 18:36:10,422 [INFO] Pack 165350 valid using device_id=3 (14 payloads generated)
2026-07-02 18:36:10,422 [INFO] --- Processing pack 165350 (device=3, system=414) ---
2026-07-02 18:36:10,426 [INFO]   Fetching details for pack 165350
2026-07-02 18:36:10,962 [INFO]   Generated 14 drop payload(s)
2026-07-02 18:36:10,963 [INFO]   Initialising vision system (station_type=21, station_id=21000)...
2026-07-02 18:36:13,009 [ERROR]   FAILED vision system init for drop 1: HTTPConnectionPool(host='172.29.0.68', port=13000): Max retries exceeded with url: /api/initiate_vision_system?station_type=21&station_id=21000&msg_id=2&cmd=init_camera (Caused by NewConnectionError("HTTPConnection(host='172.29.0.68', port=13000): Failed to establish a new connection: [WinError 10061] No connection could be made because the target machine actively refused it"))
2026-07-02 18:36:13,009 [INFO]   Initialising vision system (station_type=21, station_id=21000)...
2026-07-02 18:36:15,093 [ERROR]   FAILED vision system init for drop 2: HTTPConnectionPool(host='172.29.0.68', port=13000): Max retries exceeded with url: /api/initiate_vision_system?station_type=21&station_id=21000&msg_id=2&cmd=init_camera (Caused by NewConnectionError("HTTPConnection(host='172.29.0.68', port=13000): Failed to establish a new connection: [WinError 10061] No connection could be made because the target machine actively refused it"))
2026-07-02 18:36:15,093 [INFO]   Initialising vision system (station_type=21, station_id=21000)...
2026-07-02 18:36:17,157 [ERROR]   FAILED vision system init for drop 3: HTTPConnectionPool(host='172.29.0.68', port=13000): Max retries exceeded with url: /api/initiate_vision_system?station_type=21&station_id=21000&msg_id=2&cmd=init_camera (Caused by NewConnectionError("HTTPConnection(host='172.29.0.68', port=13000): Failed to establish a new connection: [WinError 10061] No connection could be made because the target machine actively refused it"))
2026-07-02 18:36:17,157 [INFO]   Initialising vision system (station_type=21, station_id=21000)...
2026-07-02 18:36:19,226 [ERROR]   FAILED vision system init for drop 4: HTTPConnectionPool(host='172.29.0.68', port=13000): Max retries exceeded with url: /api/initiate_vision_system?station_type=21&station_id=21000&msg_id=2&cmd=init_camera (Caused by NewConnectionError("HTTPConnection(host='172.29.0.68', port=13000): Failed to establish a new connection: [WinError 10061] No connection could be made because the target machine actively refused it"))
2026-07-02 18:36:19,226 [INFO]   Initialising vision system (station_type=21, station_id=21000)...
2026-07-02 18:36:21,281 [ERROR]   FAILED vision system init for drop 5: HTTPConnectionPool(host='172.29.0.68', port=13000): Max retries exceeded with url: /api/initiate_vision_system?station_type=21&station_id=21000&msg_id=2&cmd=init_camera (Caused by NewConnectionError("HTTPConnection(host='172.29.0.68', port=13000): Failed to establish a new connection: [WinError 10061] No connection could be made because the target machine actively refused it"))
2026-07-02 18:36:21,282 [INFO]   Initialising vision system (station_type=21, station_id=21000)...
2026-07-02 18:36:21,824 [INFO]   Init HTTP status: 200
2026-07-02 18:36:21,827 [INFO]   Init response: {
  "status": "success",
  "station_type": 21,
  "station_id": 21000
}
2026-07-02 18:36:21,828 [INFO]   Waiting 5 seconds for vision system to become ready...
2026-07-02 18:36:23,830 [INFO] Drop=6 Q=1 Slot=6 Device=3 System=414 DrugCount=2
2026-07-02 18:36:23,831 [INFO] Drop=6 Q=2 Slot=7 Device=3 System=414 DrugCount=1
2026-07-02 18:36:23,832 [INFO] Drop=6 Q=3 Slot=None Device=None System=414 DrugCount=0
2026-07-02 18:36:23,833 [INFO] Drop=6 Q=4 Slot=None Device=None System=414 DrugCount=0
2026-07-02 18:36:23,834 [INFO]   POSTing drop 6 (slots: 6, 7)...
2026-07-02 18:36:23,835 [INFO] ================================================================================
2026-07-02 18:36:23,835 [INFO] PVS REQUEST: drop=6, station_type=21, station_id=21000
2026-07-02 18:36:23,836 [INFO] Quadrant 1: slot=6 device=3 system=414 drug_count=2
2026-07-02 18:36:23,837 [INFO] Quadrant 2: slot=7 device=3 system=414 drug_count=1
2026-07-02 18:36:23,839 [INFO] Quadrant 3: slot=None device=None system=414 drug_count=0
2026-07-02 18:36:23,839 [INFO] Quadrant 4: slot=None device=None system=414 drug_count=0
2026-07-02 18:36:23,874 [INFO] PVS HTTP Status: 200
2026-07-02 18:36:25,877 [INFO] PVS RESPONSE: {
  "status": "success",
  "station_type": 21,
  "station_id": 21000
}
2026-07-02 18:36:25,880 [INFO] ================================================================================
2026-07-02 18:36:25,882 [INFO]     PVS response: {'status': 'success', 'station_type': 21, 'station_id': 21000}
2026-07-02 18:36:25,884 [INFO]   Initialising vision system (station_type=21, station_id=21000)...
2026-07-02 18:36:26,286 [INFO]   Init HTTP status: 200
2026-07-02 18:36:26,288 [INFO]   Init response: {
  "status": "success",
  "station_type": 21,
  "station_id": 21000
}
2026-07-02 18:36:26,292 [INFO]   Waiting 5 seconds for vision system to become ready...
2026-07-02 18:36:28,294 [INFO] Drop=7 Q=1 Slot=2 Device=3 System=414 DrugCount=2
2026-07-02 18:36:28,295 [INFO] Drop=7 Q=2 Slot=3 Device=3 System=414 DrugCount=1
2026-07-02 18:36:28,296 [INFO] Drop=7 Q=3 Slot=None Device=None System=414 DrugCount=0
2026-07-02 18:36:28,296 [INFO] Drop=7 Q=4 Slot=None Device=None System=414 DrugCount=0
2026-07-02 18:36:28,297 [INFO]   POSTing drop 7 (slots: 2, 3)...
2026-07-02 18:36:28,298 [INFO] ================================================================================
2026-07-02 18:36:28,299 [INFO] PVS REQUEST: drop=7, station_type=21, station_id=21000
2026-07-02 18:36:28,300 [INFO] Quadrant 1: slot=2 device=3 system=414 drug_count=2
2026-07-02 18:36:28,301 [INFO] Quadrant 2: slot=3 device=3 system=414 drug_count=1
2026-07-02 18:36:28,302 [INFO] Quadrant 3: slot=None device=None system=414 drug_count=0
2026-07-02 18:36:28,303 [INFO] Quadrant 4: slot=None device=None system=414 drug_count=0
2026-07-02 18:36:49,351 [ERROR]     FAILED PVS POST: HTTPConnectionPool(host='172.29.0.68', port=13000): Max retries exceeded with url: /api/perform_vision_system_analysis (Caused by ConnectTimeoutError(<HTTPConnection(host='172.29.0.68', port=13000) at 0x2e9ca58b050>, 'Connection to 172.29.0.68 timed out. (connect timeout=60)'))
2026-07-02 18:36:49,352 [INFO]   Initialising vision system (station_type=21, station_id=21000)...
2026-07-02 18:37:10,372 [ERROR]   FAILED vision system init for drop 8: HTTPConnectionPool(host='172.29.0.68', port=13000): Max retries exceeded with url: /api/initiate_vision_system?station_type=21&station_id=21000&msg_id=2&cmd=init_camera (Caused by ConnectTimeoutError(<HTTPConnection(host='172.29.0.68', port=13000) at 0x2e9ca58d090>, 'Connection to 172.29.0.68 timed out. (connect timeout=30)'))
2026-07-02 18:37:10,373 [INFO]   Initialising vision system (station_type=21, station_id=21000)...
2026-07-02 18:37:13,074 [ERROR]   FAILED vision system init for drop 9: HTTPConnectionPool(host='172.29.0.68', port=13000): Max retries exceeded with url: /api/initiate_vision_system?station_type=21&station_id=21000&msg_id=2&cmd=init_camera (Caused by NewConnectionError("HTTPConnection(host='172.29.0.68', port=13000): Failed to establish a new connection: [WinError 10061] No connection could be made because the target machine actively refused it"))
2026-07-02 18:37:13,075 [INFO]   Initialising vision system (station_type=21, station_id=21000)...
2026-07-02 18:37:15,121 [ERROR]   FAILED vision system init for drop 10: HTTPConnectionPool(host='172.29.0.68', port=13000): Max retries exceeded with url: /api/initiate_vision_system?station_type=21&station_id=21000&msg_id=2&cmd=init_camera (Caused by NewConnectionError("HTTPConnection(host='172.29.0.68', port=13000): Failed to establish a new connection: [WinError 10061] No connection could be made because the target machine actively refused it"))
2026-07-02 18:37:15,122 [INFO]   Initialising vision system (station_type=21, station_id=21000)...
2026-07-02 18:37:17,210 [ERROR]   FAILED vision system init for drop 11: HTTPConnectionPool(host='172.29.0.68', port=13000): Max retries exceeded with url: /api/initiate_vision_system?station_type=21&station_id=21000&msg_id=2&cmd=init_camera (Caused by NewConnectionError("HTTPConnection(host='172.29.0.68', port=13000): Failed to establish a new connection: [WinError 10061] No connection could be made because the target machine actively refused it"))
2026-07-02 18:37:17,211 [INFO]   Initialising vision system (station_type=21, station_id=21000)...
2026-07-02 18:37:19,275 [ERROR]   FAILED vision system init for drop 12: HTTPConnectionPool(host='172.29.0.68', port=13000): Max retries exceeded with url: /api/initiate_vision_system?station_type=21&station_id=21000&msg_id=2&cmd=init_camera (Caused by NewConnectionError("HTTPConnection(host='172.29.0.68', port=13000): Failed to establish a new connection: [WinError 10061] No connection could be made because the target machine actively refused it"))
2026-07-02 18:37:19,277 [INFO]   Initialising vision system (station_type=21, station_id=21000)...
2026-07-02 18:37:21,333 [ERROR]   FAILED vision system init for drop 13: HTTPConnectionPool(host='172.29.0.68', port=13000): Max retries exceeded with url: /api/initiate_vision_system?station_type=21&station_id=21000&msg_id=2&cmd=init_camera (Caused by NewConnectionError("HTTPConnection(host='172.29.0.68', port=13000): Failed to establish a new connection: [WinError 10061] No connection could be made because the target machine actively refused it"))
2026-07-02 18:37:21,334 [INFO]   Initialising vision system (station_type=21, station_id=21000)...
2026-07-02 18:37:23,372 [ERROR]   FAILED vision system init for drop 14: HTTPConnectionPool(host='172.29.0.68', port=13000): Max retries exceeded with url: /api/initiate_vision_system?station_type=21&station_id=21000&msg_id=2&cmd=init_camera (Caused by NewConnectionError("HTTPConnection(host='172.29.0.68', port=13000): Failed to establish a new connection: [WinError 10061] No connection could be made because the target machine actively refused it"))
2026-07-02 18:37:24,140 [INFO] Using cached token
2026-07-02 18:37:24,154 [INFO] Trying pack 165356 with device_id=2, system_id=414, company_id=4
2026-07-02 18:37:24,154 [INFO]   Fetching details for pack 165356
2026-07-02 18:37:24,689 [WARNING] device_id=2 generated 0 payloads, trying next device
2026-07-02 18:37:24,689 [INFO] Trying pack 165356 with device_id=3, system_id=414, company_id=4
2026-07-02 18:37:24,689 [INFO]   Fetching details for pack 165356
2026-07-02 18:37:25,534 [INFO] Pack 165356 valid using device_id=3 (35 payloads generated)
2026-07-02 18:37:25,534 [INFO] --- Processing pack 165356 (device=3, system=414) ---
2026-07-02 18:37:25,534 [INFO]   Fetching details for pack 165356
2026-07-02 18:37:26,268 [INFO]   Generated 35 drop payload(s)
2026-07-02 18:37:26,269 [INFO]   Initialising vision system (station_type=21, station_id=21000)...
2026-07-02 18:37:28,361 [ERROR]   FAILED vision system init for drop 1: HTTPConnectionPool(host='172.29.0.68', port=13000): Max retries exceeded with url: /api/initiate_vision_system?station_type=21&station_id=21000&msg_id=2&cmd=init_camera (Caused by NewConnectionError("HTTPConnection(host='172.29.0.68', port=13000): Failed to establish a new connection: [WinError 10061] No connection could be made because the target machine actively refused it"))
2026-07-02 18:37:28,362 [INFO]   Initialising vision system (station_type=21, station_id=21000)...
2026-07-02 18:37:30,429 [ERROR]   FAILED vision system init for drop 2: HTTPConnectionPool(host='172.29.0.68', port=13000): Max retries exceeded with url: /api/initiate_vision_system?station_type=21&station_id=21000&msg_id=2&cmd=init_camera (Caused by NewConnectionError("HTTPConnection(host='172.29.0.68', port=13000): Failed to establish a new connection: [WinError 10061] No connection could be made because the target machine actively refused it"))
2026-07-02 18:37:30,432 [INFO]   Initialising vision system (station_type=21, station_id=21000)...
2026-07-02 18:37:32,511 [ERROR]   FAILED vision system init for drop 3: HTTPConnectionPool(host='172.29.0.68', port=13000): Max retries exceeded with url: /api/initiate_vision_system?station_type=21&station_id=21000&msg_id=2&cmd=init_camera (Caused by NewConnectionError("HTTPConnection(host='172.29.0.68', port=13000): Failed to establish a new connection: [WinError 10061] No connection could be made because the target machine actively refused it"))
2026-07-02 18:37:32,513 [INFO]   Initialising vision system (station_type=21, station_id=21000)...
2026-07-02 18:37:33,097 [INFO]   Init HTTP status: 200
2026-07-02 18:37:33,144 [INFO]   Init response: {
  "status": "success",
  "station_type": 21,
  "station_id": 21000
}
2026-07-02 18:37:33,146 [INFO]   Waiting 5 seconds for vision system to become ready...
2026-07-02 18:37:35,147 [INFO] Drop=4 Q=1 Slot=None Device=None System=414 DrugCount=0
2026-07-02 18:37:35,147 [INFO] Drop=4 Q=2 Slot=15 Device=3 System=414 DrugCount=2
2026-07-02 18:37:35,147 [INFO] Drop=4 Q=3 Slot=None Device=None System=414 DrugCount=0
2026-07-02 18:37:35,148 [INFO] Drop=4 Q=4 Slot=None Device=None System=414 DrugCount=0
2026-07-02 18:37:35,148 [INFO]   POSTing drop 4 (slots: 15)...
2026-07-02 18:37:35,148 [INFO] ================================================================================
2026-07-02 18:37:35,148 [INFO] PVS REQUEST: drop=4, station_type=21, station_id=21000
2026-07-02 18:37:35,149 [INFO] Quadrant 1: slot=None device=None system=414 drug_count=0
2026-07-02 18:37:35,149 [INFO] Quadrant 2: slot=15 device=3 system=414 drug_count=2
2026-07-02 18:37:35,149 [INFO] Quadrant 3: slot=None device=None system=414 drug_count=0
2026-07-02 18:37:35,149 [INFO] Quadrant 4: slot=None device=None system=414 drug_count=0
2026-07-02 18:37:35,182 [INFO] PVS HTTP Status: 200
2026-07-02 18:37:37,184 [INFO] PVS RESPONSE: {
  "status": "success",
  "station_type": 21,
  "station_id": 21000
}
2026-07-02 18:37:37,184 [INFO] ================================================================================
2026-07-02 18:37:37,185 [INFO]     PVS response: {'status': 'success', 'station_type': 21, 'station_id': 21000}
2026-07-02 18:37:37,185 [INFO]   Initialising vision system (station_type=21, station_id=21000)...
2026-07-02 18:37:37,554 [INFO]   Init HTTP status: 200
2026-07-02 18:37:37,554 [INFO]   Init response: {
  "status": "success",
  "station_type": 21,
  "station_id": 21000
}
2026-07-02 18:37:37,554 [INFO]   Waiting 5 seconds for vision system to become ready...
2026-07-02 18:37:39,561 [INFO] Drop=5 Q=1 Slot=None Device=None System=414 DrugCount=0
2026-07-02 18:37:39,572 [INFO] Drop=5 Q=2 Slot=11 Device=3 System=414 DrugCount=2
2026-07-02 18:37:39,575 [INFO] Drop=5 Q=3 Slot=None Device=None System=414 DrugCount=0
2026-07-02 18:37:39,576 [INFO] Drop=5 Q=4 Slot=None Device=None System=414 DrugCount=0
2026-07-02 18:37:39,576 [INFO]   POSTing drop 5 (slots: 11)...
2026-07-02 18:37:39,577 [INFO] ================================================================================
2026-07-02 18:37:39,577 [INFO] PVS REQUEST: drop=5, station_type=21, station_id=21000
2026-07-02 18:37:39,578 [INFO] Quadrant 1: slot=None device=None system=414 drug_count=0
2026-07-02 18:37:39,578 [INFO] Quadrant 2: slot=11 device=3 system=414 drug_count=2
2026-07-02 18:37:39,578 [INFO] Quadrant 3: slot=None device=None system=414 drug_count=0
2026-07-02 18:37:39,579 [INFO] Quadrant 4: slot=None device=None system=414 drug_count=0
2026-07-02 18:38:00,629 [ERROR]     FAILED PVS POST: HTTPConnectionPool(host='172.29.0.68', port=13000): Max retries exceeded with url: /api/perform_vision_system_analysis (Caused by ConnectTimeoutError(<HTTPConnection(host='172.29.0.68', port=13000) at 0x28916f40450>, 'Connection to 172.29.0.68 timed out. (connect timeout=60)'))
2026-07-02 18:38:00,629 [INFO]   Initialising vision system (station_type=21, station_id=21000)...
2026-07-02 18:38:21,669 [ERROR]   FAILED vision system init for drop 6: HTTPConnectionPool(host='172.29.0.68', port=13000): Max retries exceeded with url: /api/initiate_vision_system?station_type=21&station_id=21000&msg_id=2&cmd=init_camera (Caused by ConnectTimeoutError(<HTTPConnection(host='172.29.0.68', port=13000) at 0x28916f423d0>, 'Connection to 172.29.0.68 timed out. (connect timeout=30)'))
2026-07-02 18:38:21,717 [INFO]   Initialising vision system (station_type=21, station_id=21000)...
2026-07-02 18:38:24,848 [ERROR]   FAILED vision system init for drop 7: HTTPConnectionPool(host='172.29.0.68', port=13000): Max retries exceeded with url: /api/initiate_vision_system?station_type=21&station_id=21000&msg_id=2&cmd=init_camera (Caused by NewConnectionError("HTTPConnection(host='172.29.0.68', port=13000): Failed to establish a new connection: [WinError 10061] No connection could be made because the target machine actively refused it"))
2026-07-02 18:38:24,880 [INFO]   Initialising vision system (station_type=21, station_id=21000)...
2026-07-02 18:38:27,447 [ERROR]   FAILED vision system init for drop 8: HTTPConnectionPool(host='172.29.0.68', port=13000): Max retries exceeded with url: /api/initiate_vision_system?station_type=21&station_id=21000&msg_id=2&cmd=init_camera (Caused by NewConnectionError("HTTPConnection(host='172.29.0.68', port=13000): Failed to establish a new connection: [WinError 10061] No connection could be made because the target machine actively refused it"))
2026-07-02 18:38:27,482 [INFO]   Initialising vision system (station_type=21, station_id=21000)...
2026-07-02 18:38:29,849 [ERROR]   FAILED vision system init for drop 9: HTTPConnectionPool(host='172.29.0.68', port=13000): Max retries exceeded with url: /api/initiate_vision_system?station_type=21&station_id=21000&msg_id=2&cmd=init_camera (Caused by NewConnectionError("HTTPConnection(host='172.29.0.68', port=13000): Failed to establish a new connection: [WinError 10061] No connection could be made because the target machine actively refused it"))
2026-07-02 18:38:29,880 [INFO]   Initialising vision system (station_type=21, station_id=21000)...
2026-07-02 18:38:32,197 [ERROR]   FAILED vision system init for drop 10: HTTPConnectionPool(host='172.29.0.68', port=13000): Max retries exceeded with url: /api/initiate_vision_system?station_type=21&station_id=21000&msg_id=2&cmd=init_camera (Caused by NewConnectionError("HTTPConnection(host='172.29.0.68', port=13000): Failed to establish a new connection: [WinError 10061] No connection could be made because the target machine actively refused it"))
2026-07-02 18:38:32,199 [INFO]   Initialising vision system (station_type=21, station_id=21000)...
2026-07-02 18:38:34,303 [ERROR]   FAILED vision system init for drop 11: HTTPConnectionPool(host='172.29.0.68', port=13000): Max retries exceeded with url: /api/initiate_vision_system?station_type=21&station_id=21000&msg_id=2&cmd=init_camera (Caused by NewConnectionError("HTTPConnection(host='172.29.0.68', port=13000): Failed to establish a new connection: [WinError 10061] No connection could be made because the target machine actively refused it"))
2026-07-02 18:38:34,304 [INFO]   Initialising vision system (station_type=21, station_id=21000)...
2026-07-02 18:38:36,384 [ERROR]   FAILED vision system init for drop 12: HTTPConnectionPool(host='172.29.0.68', port=13000): Max retries exceeded with url: /api/initiate_vision_system?station_type=21&station_id=21000&msg_id=2&cmd=init_camera (Caused by NewConnectionError("HTTPConnection(host='172.29.0.68', port=13000): Failed to establish a new connection: [WinError 10061] No connection could be made because the target machine actively refused it"))
2026-07-02 18:38:36,385 [INFO]   Initialising vision system (station_type=21, station_id=21000)...
2026-07-02 18:38:38,463 [ERROR]   FAILED vision system init for drop 13: HTTPConnectionPool(host='172.29.0.68', port=13000): Max retries exceeded with url: /api/initiate_vision_system?station_type=21&station_id=21000&msg_id=2&cmd=init_camera (Caused by NewConnectionError("HTTPConnection(host='172.29.0.68', port=13000): Failed to establish a new connection: [WinError 10061] No connection could be made because the target machine actively refused it"))
2026-07-02 18:38:38,465 [INFO]   Initialising vision system (station_type=21, station_id=21000)...
2026-07-02 18:38:40,524 [ERROR]   FAILED vision system init for drop 14: HTTPConnectionPool(host='172.29.0.68', port=13000): Max retries exceeded with url: /api/initiate_vision_system?station_type=21&station_id=21000&msg_id=2&cmd=init_camera (Caused by NewConnectionError("HTTPConnection(host='172.29.0.68', port=13000): Failed to establish a new connection: [WinError 10061] No connection could be made because the target machine actively refused it"))
2026-07-02 18:38:40,525 [INFO]   Initialising vision system (station_type=21, station_id=21000)...
2026-07-02 18:38:42,559 [ERROR]   FAILED vision system init for drop 15: HTTPConnectionPool(host='172.29.0.68', port=13000): Max retries exceeded with url: /api/initiate_vision_system?station_type=21&station_id=21000&msg_id=2&cmd=init_camera (Caused by NewConnectionError("HTTPConnection(host='172.29.0.68', port=13000): Failed to establish a new connection: [WinError 10061] No connection could be made because the target machine actively refused it"))
2026-07-02 18:38:42,560 [INFO]   Initialising vision system (station_type=21, station_id=21000)...
2026-07-02 18:38:44,619 [INFO]   Init HTTP status: 200
2026-07-02 18:38:44,619 [INFO]   Init response: {
  "status": "success",
  "station_type": 21,
  "station_id": 21000
}
2026-07-02 18:38:44,619 [INFO]   Waiting 5 seconds for vision system to become ready...
2026-07-02 18:38:46,634 [INFO] Drop=16 Q=1 Slot=20 Device=3 System=414 DrugCount=1
2026-07-02 18:38:46,635 [INFO] Drop=16 Q=2 Slot=None Device=None System=414 DrugCount=0
2026-07-02 18:38:46,635 [INFO] Drop=16 Q=3 Slot=None Device=None System=414 DrugCount=0
2026-07-02 18:38:46,635 [INFO] Drop=16 Q=4 Slot=20 Device=3 System=414 DrugCount=1
2026-07-02 18:38:46,636 [INFO]   POSTing drop 16 (slots: 20, 20)...
2026-07-02 18:38:46,637 [INFO] ================================================================================
2026-07-02 18:38:46,637 [INFO] PVS REQUEST: drop=16, station_type=21, station_id=21000
2026-07-02 18:38:46,637 [INFO] Quadrant 1: slot=20 device=3 system=414 drug_count=1
2026-07-02 18:38:46,638 [INFO] Quadrant 2: slot=None device=None system=414 drug_count=0
2026-07-02 18:38:46,638 [INFO] Quadrant 3: slot=None device=None system=414 drug_count=0
2026-07-02 18:38:46,639 [INFO] Quadrant 4: slot=20 device=3 system=414 drug_count=1
2026-07-02 18:38:46,664 [INFO] PVS HTTP Status: 200
2026-07-02 18:38:48,666 [INFO] PVS RESPONSE: {
  "status": "success",
  "station_type": 21,
  "station_id": 21000
}
2026-07-02 18:38:48,667 [INFO] ================================================================================
2026-07-02 18:38:48,668 [INFO]     PVS response: {'status': 'success', 'station_type': 21, 'station_id': 21000}
2026-07-02 18:38:48,668 [INFO]   Initialising vision system (station_type=21, station_id=21000)...
2026-07-02 18:38:49,561 [INFO]   Init HTTP status: 200
2026-07-02 18:38:49,561 [INFO]   Init response: {
  "status": "success",
  "station_type": 21,
  "station_id": 21000
}
2026-07-02 18:38:49,562 [INFO]   Waiting 5 seconds for vision system to become ready...
2026-07-02 18:38:51,563 [INFO] Drop=17 Q=1 Slot=13 Device=3 System=414 DrugCount=3
2026-07-02 18:38:51,563 [INFO] Drop=17 Q=2 Slot=13 Device=3 System=414 DrugCount=1
2026-07-02 18:38:51,564 [INFO] Drop=17 Q=3 Slot=None Device=None System=414 DrugCount=0
2026-07-02 18:38:51,564 [INFO] Drop=17 Q=4 Slot=13 Device=3 System=414 DrugCount=2
2026-07-02 18:38:51,564 [INFO]   POSTing drop 17 (slots: 13, 13, 13)...
2026-07-02 18:38:51,564 [INFO] ================================================================================
2026-07-02 18:38:51,566 [INFO] PVS REQUEST: drop=17, station_type=21, station_id=21000
2026-07-02 18:38:51,566 [INFO] Quadrant 1: slot=13 device=3 system=414 drug_count=3
2026-07-02 18:38:51,567 [INFO] Quadrant 2: slot=13 device=3 system=414 drug_count=1
2026-07-02 18:38:51,567 [INFO] Quadrant 3: slot=None device=None system=414 drug_count=0
2026-07-02 18:38:51,567 [INFO] Quadrant 4: slot=13 device=3 system=414 drug_count=2
2026-07-02 18:38:51,621 [INFO] PVS HTTP Status: 200
2026-07-02 18:38:53,622 [INFO] PVS RESPONSE: {
  "status": "success",
  "station_type": 21,
  "station_id": 21000
}
2026-07-02 18:38:53,624 [INFO] ================================================================================
2026-07-02 18:38:53,626 [INFO]     PVS response: {'status': 'success', 'station_type': 21, 'station_id': 21000}
2026-07-02 18:38:53,627 [INFO]   Initialising vision system (station_type=21, station_id=21000)...
2026-07-02 18:38:53,884 [INFO]   Init HTTP status: 200
2026-07-02 18:38:53,886 [INFO]   Init response: {
  "status": "success",
  "station_type": 21,
  "station_id": 21000
}
2026-07-02 18:38:53,924 [INFO]   Waiting 5 seconds for vision system to become ready...
2026-07-02 18:38:55,925 [INFO] Drop=18 Q=1 Slot=14 Device=None System=414 DrugCount=3
2026-07-02 18:38:55,926 [INFO] Drop=18 Q=2 Slot=14 Device=3 System=414 DrugCount=1
2026-07-02 18:38:55,926 [INFO] Drop=18 Q=3 Slot=14 Device=3 System=414 DrugCount=1
2026-07-02 18:38:55,926 [INFO] Drop=18 Q=4 Slot=None Device=None System=414 DrugCount=0
2026-07-02 18:38:55,927 [INFO]   POSTing drop 18 (slots: 14, 14, 14)...
2026-07-02 18:38:55,927 [INFO] ================================================================================
2026-07-02 18:38:55,927 [INFO] PVS REQUEST: drop=18, station_type=21, station_id=21000
2026-07-02 18:38:55,928 [INFO] Quadrant 1: slot=14 device=None system=414 drug_count=3
2026-07-02 18:38:55,928 [INFO] Quadrant 2: slot=14 device=3 system=414 drug_count=1
2026-07-02 18:38:55,928 [INFO] Quadrant 3: slot=14 device=3 system=414 drug_count=1
2026-07-02 18:38:55,929 [INFO] Quadrant 4: slot=None device=None system=414 drug_count=0
2026-07-02 18:39:16,950 [ERROR]     FAILED PVS POST: HTTPConnectionPool(host='172.29.0.68', port=13000): Max retries exceeded with url: /api/perform_vision_system_analysis (Caused by ConnectTimeoutError(<HTTPConnection(host='172.29.0.68', port=13000) at 0x28916f40590>, 'Connection to 172.29.0.68 timed out. (connect timeout=60)'))
2026-07-02 18:39:16,952 [INFO]   Initialising vision system (station_type=21, station_id=21000)...
2026-07-02 18:39:37,984 [ERROR]   FAILED vision system init for drop 19: HTTPConnectionPool(host='172.29.0.68', port=13000): Max retries exceeded with url: /api/initiate_vision_system?station_type=21&station_id=21000&msg_id=2&cmd=init_camera (Caused by ConnectTimeoutError(<HTTPConnection(host='172.29.0.68', port=13000) at 0x28916f419d0>, 'Connection to 172.29.0.68 timed out. (connect timeout=30)'))
2026-07-02 18:39:37,984 [INFO]   Initialising vision system (station_type=21, station_id=21000)...
2026-07-02 18:39:40,040 [ERROR]   FAILED vision system init for drop 20: HTTPConnectionPool(host='172.29.0.68', port=13000): Max retries exceeded with url: /api/initiate_vision_system?station_type=21&station_id=21000&msg_id=2&cmd=init_camera (Caused by NewConnectionError("HTTPConnection(host='172.29.0.68', port=13000): Failed to establish a new connection: [WinError 10061] No connection could be made because the target machine actively refused it"))
2026-07-02 18:39:40,040 [INFO]   Initialising vision system (station_type=21, station_id=21000)...
2026-07-02 18:39:42,128 [ERROR]   FAILED vision system init for drop 21: HTTPConnectionPool(host='172.29.0.68', port=13000): Max retries exceeded with url: /api/initiate_vision_system?station_type=21&station_id=21000&msg_id=2&cmd=init_camera (Caused by NewConnectionError("HTTPConnection(host='172.29.0.68', port=13000): Failed to establish a new connection: [WinError 10061] No connection could be made because the target machine actively refused it"))
2026-07-02 18:39:42,128 [INFO]   Initialising vision system (station_type=21, station_id=21000)...
2026-07-02 18:39:44,181 [ERROR]   FAILED vision system init for drop 22: HTTPConnectionPool(host='172.29.0.68', port=13000): Max retries exceeded with url: /api/initiate_vision_system?station_type=21&station_id=21000&msg_id=2&cmd=init_camera (Caused by NewConnectionError("HTTPConnection(host='172.29.0.68', port=13000): Failed to establish a new connection: [WinError 10061] No connection could be made because the target machine actively refused it"))
2026-07-02 18:39:44,187 [INFO]   Initialising vision system (station_type=21, station_id=21000)...
2026-07-02 18:39:46,261 [ERROR]   FAILED vision system init for drop 23: HTTPConnectionPool(host='172.29.0.68', port=13000): Max retries exceeded with url: /api/initiate_vision_system?station_type=21&station_id=21000&msg_id=2&cmd=init_camera (Caused by NewConnectionError("HTTPConnection(host='172.29.0.68', port=13000): Failed to establish a new connection: [WinError 10061] No connection could be made because the target machine actively refused it"))
2026-07-02 18:39:46,261 [INFO]   Initialising vision system (station_type=21, station_id=21000)...
2026-07-02 18:39:48,326 [ERROR]   FAILED vision system init for drop 24: HTTPConnectionPool(host='172.29.0.68', port=13000): Max retries exceeded with url: /api/initiate_vision_system?station_type=21&station_id=21000&msg_id=2&cmd=init_camera (Caused by NewConnectionError("HTTPConnection(host='172.29.0.68', port=13000): Failed to establish a new connection: [WinError 10061] No connection could be made because the target machine actively refused it"))
2026-07-02 18:39:48,326 [INFO]   Initialising vision system (station_type=21, station_id=21000)...
2026-07-02 18:39:50,367 [ERROR]   FAILED vision system init for drop 25: HTTPConnectionPool(host='172.29.0.68', port=13000): Max retries exceeded with url: /api/initiate_vision_system?station_type=21&station_id=21000&msg_id=2&cmd=init_camera (Caused by NewConnectionError("HTTPConnection(host='172.29.0.68', port=13000): Failed to establish a new connection: [WinError 10061] No connection could be made because the target machine actively refused it"))
2026-07-02 18:39:50,367 [INFO]   Initialising vision system (station_type=21, station_id=21000)...
2026-07-02 18:39:52,423 [ERROR]   FAILED vision system init for drop 26: HTTPConnectionPool(host='172.29.0.68', port=13000): Max retries exceeded with url: /api/initiate_vision_system?station_type=21&station_id=21000&msg_id=2&cmd=init_camera (Caused by NewConnectionError("HTTPConnection(host='172.29.0.68', port=13000): Failed to establish a new connection: [WinError 10061] No connection could be made because the target machine actively refused it"))
2026-07-02 18:39:52,423 [INFO]   Initialising vision system (station_type=21, station_id=21000)...
2026-07-02 18:39:54,541 [ERROR]   FAILED vision system init for drop 27: HTTPConnectionPool(host='172.29.0.68', port=13000): Max retries exceeded with url: /api/initiate_vision_system?station_type=21&station_id=21000&msg_id=2&cmd=init_camera (Caused by NewConnectionError("HTTPConnection(host='172.29.0.68', port=13000): Failed to establish a new connection: [WinError 10061] No connection could be made because the target machine actively refused it"))
2026-07-02 18:39:54,556 [INFO]   Initialising vision system (station_type=21, station_id=21000)...
2026-07-02 18:39:56,635 [ERROR]   FAILED vision system init for drop 28: HTTPConnectionPool(host='172.29.0.68', port=13000): Max retries exceeded with url: /api/initiate_vision_system?station_type=21&station_id=21000&msg_id=2&cmd=init_camera (Caused by NewConnectionError("HTTPConnection(host='172.29.0.68', port=13000): Failed to establish a new connection: [WinError 10061] No connection could be made because the target machine actively refused it"))
2026-07-02 18:39:56,635 [INFO]   Initialising vision system (station_type=21, station_id=21000)...
2026-07-02 18:39:58,707 [ERROR]   FAILED vision system init for drop 29: HTTPConnectionPool(host='172.29.0.68', port=13000): Max retries exceeded with url: /api/initiate_vision_system?station_type=21&station_id=21000&msg_id=2&cmd=init_camera (Caused by NewConnectionError("HTTPConnection(host='172.29.0.68', port=13000): Failed to establish a new connection: [WinError 10061] No connection could be made because the target machine actively refused it"))
2026-07-02 18:39:58,707 [INFO]   Initialising vision system (station_type=21, station_id=21000)...
2026-07-02 18:40:00,805 [INFO]   Init HTTP status: 200
2026-07-02 18:40:00,805 [INFO]   Init response: {
  "status": "success",
  "station_type": 21,
  "station_id": 21000
}
2026-07-02 18:40:00,805 [INFO]   Waiting 5 seconds for vision system to become ready...
2026-07-02 18:40:02,810 [INFO] Drop=30 Q=1 Slot=5 Device=3 System=414 DrugCount=3
2026-07-02 18:40:02,811 [INFO] Drop=30 Q=2 Slot=5 Device=3 System=414 DrugCount=1
2026-07-02 18:40:02,812 [INFO] Drop=30 Q=3 Slot=None Device=None System=414 DrugCount=0
2026-07-02 18:40:02,813 [INFO] Drop=30 Q=4 Slot=5 Device=3 System=414 DrugCount=2
2026-07-02 18:40:02,814 [INFO]   POSTing drop 30 (slots: 5, 5, 5)...
2026-07-02 18:40:02,815 [INFO] ================================================================================
2026-07-02 18:40:02,816 [INFO] PVS REQUEST: drop=23, station_type=21, station_id=21000
2026-07-02 18:40:02,817 [INFO] Quadrant 1: slot=5 device=3 system=414 drug_count=3
2026-07-02 18:40:02,817 [INFO] Quadrant 2: slot=5 device=3 system=414 drug_count=1
2026-07-02 18:40:02,817 [INFO] Quadrant 3: slot=None device=None system=414 drug_count=0
2026-07-02 18:40:02,817 [INFO] Quadrant 4: slot=5 device=3 system=414 drug_count=2
2026-07-02 18:40:02,849 [INFO] PVS HTTP Status: 200
2026-07-02 18:40:04,861 [INFO] PVS RESPONSE: {
  "status": "success",
  "station_type": 21,
  "station_id": 21000
}
2026-07-02 18:40:04,861 [INFO] ================================================================================
2026-07-02 18:40:04,861 [INFO]     PVS response: {'status': 'success', 'station_type': 21, 'station_id': 21000}
2026-07-02 18:40:04,861 [INFO]   Initialising vision system (station_type=21, station_id=21000)...
2026-07-02 18:40:05,164 [INFO]   Init HTTP status: 200
2026-07-02 18:40:05,164 [INFO]   Init response: {
  "status": "success",
  "station_type": 21,
  "station_id": 21000
}
2026-07-02 18:40:05,164 [INFO]   Waiting 5 seconds for vision system to become ready...
2026-07-02 18:40:07,174 [INFO] Drop=31 Q=1 Slot=9 Device=3 System=414 DrugCount=3
2026-07-02 18:40:07,299 [INFO] Drop=31 Q=2 Slot=9 Device=3 System=414 DrugCount=1
2026-07-02 18:40:07,472 [INFO] Drop=31 Q=3 Slot=None Device=None System=414 DrugCount=0
2026-07-02 18:40:07,645 [INFO] Drop=31 Q=4 Slot=9 Device=3 System=414 DrugCount=2
2026-07-02 18:40:07,692 [INFO]   POSTing drop 31 (slots: 9, 9, 9)...
2026-07-02 18:40:07,739 [INFO] ================================================================================
2026-07-02 18:40:07,786 [INFO] PVS REQUEST: drop=20, station_type=21, station_id=21000
2026-07-02 18:40:07,879 [INFO] Quadrant 1: slot=9 device=3 system=414 drug_count=3
2026-07-02 18:40:08,052 [INFO] Quadrant 2: slot=9 device=3 system=414 drug_count=1
2026-07-02 18:40:08,146 [INFO] Quadrant 3: slot=None device=None system=414 drug_count=0
2026-07-02 18:40:08,177 [INFO] Quadrant 4: slot=9 device=3 system=414 drug_count=2
2026-07-02 18:40:08,240 [INFO] PVS HTTP Status: 200
2026-07-02 18:40:10,282 [INFO] PVS RESPONSE: {
  "status": "success",
  "station_type": 21,
  "station_id": 21000
}
2026-07-02 18:40:10,282 [INFO] ================================================================================
2026-07-02 18:40:10,282 [INFO]     PVS response: {'status': 'success', 'station_type': 21, 'station_id': 21000}
2026-07-02 18:40:10,282 [INFO]   Initialising vision system (station_type=21, station_id=21000)...
2026-07-02 18:40:10,454 [INFO]   Init HTTP status: 200
2026-07-02 18:40:10,454 [INFO]   Init response: {
  "status": "success",
  "station_type": 21,
  "station_id": 21000
}
2026-07-02 18:40:10,454 [INFO]   Waiting 5 seconds for vision system to become ready...
2026-07-02 18:40:12,458 [INFO] Drop=32 Q=1 Slot=13 Device=3 System=414 DrugCount=3
2026-07-02 18:40:12,458 [INFO] Drop=32 Q=2 Slot=13 Device=3 System=414 DrugCount=1
2026-07-02 18:40:12,458 [INFO] Drop=32 Q=3 Slot=None Device=None System=414 DrugCount=0
2026-07-02 18:40:12,458 [INFO] Drop=32 Q=4 Slot=13 Device=3 System=414 DrugCount=2
2026-07-02 18:40:12,458 [INFO]   POSTing drop 32 (slots: 13, 13, 13)...
2026-07-02 18:40:12,458 [INFO] ================================================================================
2026-07-02 18:40:12,458 [INFO] PVS REQUEST: drop=17, station_type=21, station_id=21000
2026-07-02 18:40:12,458 [INFO] Quadrant 1: slot=13 device=3 system=414 drug_count=3
2026-07-02 18:40:12,458 [INFO] Quadrant 2: slot=13 device=3 system=414 drug_count=1
2026-07-02 18:40:12,458 [INFO] Quadrant 3: slot=None device=None system=414 drug_count=0
2026-07-02 18:40:12,458 [INFO] Quadrant 4: slot=13 device=3 system=414 drug_count=2
2026-07-02 18:40:12,487 [INFO] PVS HTTP Status: 200
2026-07-02 18:40:14,497 [INFO] PVS RESPONSE: {
  "status": "success",
  "station_type": 21,
  "station_id": 21000
}
2026-07-02 18:40:14,499 [INFO] ================================================================================
2026-07-02 18:40:14,499 [INFO]     PVS response: {'status': 'success', 'station_type': 21, 'station_id': 21000}
2026-07-02 18:40:14,499 [INFO]   Initialising vision system (station_type=21, station_id=21000)...
2026-07-02 18:40:15,880 [INFO]   Init HTTP status: 200
2026-07-02 18:40:15,880 [INFO]   Init response: {
  "status": "success",
  "station_type": 21,
  "station_id": 21000
}
2026-07-02 18:40:15,880 [INFO]   Waiting 5 seconds for vision system to become ready...
2026-07-02 18:40:17,887 [INFO] Drop=33 Q=1 Slot=17 Device=3 System=414 DrugCount=3
2026-07-02 18:40:17,887 [INFO] Drop=33 Q=2 Slot=17 Device=3 System=414 DrugCount=1
2026-07-02 18:40:17,887 [INFO] Drop=33 Q=3 Slot=None Device=None System=414 DrugCount=0
2026-07-02 18:40:17,887 [INFO] Drop=33 Q=4 Slot=17 Device=3 System=414 DrugCount=2
2026-07-02 18:40:17,887 [INFO]   POSTing drop 33 (slots: 17, 17, 17)...
2026-07-02 18:40:17,887 [INFO] ================================================================================
2026-07-02 18:40:17,887 [INFO] PVS REQUEST: drop=14, station_type=21, station_id=21000
2026-07-02 18:40:17,887 [INFO] Quadrant 1: slot=17 device=3 system=414 drug_count=3
2026-07-02 18:40:17,887 [INFO] Quadrant 2: slot=17 device=3 system=414 drug_count=1
2026-07-02 18:40:17,887 [INFO] Quadrant 3: slot=None device=None system=414 drug_count=0
2026-07-02 18:40:17,887 [INFO] Quadrant 4: slot=17 device=3 system=414 drug_count=2
2026-07-02 18:40:19,964 [ERROR]     FAILED PVS POST: HTTPConnectionPool(host='172.29.0.68', port=13000): Max retries exceeded with url: /api/perform_vision_system_analysis (Caused by NewConnectionError("HTTPConnection(host='172.29.0.68', port=13000): Failed to establish a new connection: [WinError 10061] No connection could be made because the target machine actively refused it"))
2026-07-02 18:40:19,964 [INFO]   Initialising vision system (station_type=21, station_id=21000)...
2026-07-02 18:40:22,021 [ERROR]   FAILED vision system init for drop 34: HTTPConnectionPool(host='172.29.0.68', port=13000): Max retries exceeded with url: /api/initiate_vision_system?station_type=21&station_id=21000&msg_id=2&cmd=init_camera (Caused by NewConnectionError("HTTPConnection(host='172.29.0.68', port=13000): Failed to establish a new connection: [WinError 10061] No connection could be made because the target machine actively refused it"))
2026-07-02 18:40:22,022 [INFO]   Initialising vision system (station_type=21, station_id=21000)...
2026-07-02 18:40:24,065 [ERROR]   FAILED vision system init for drop 35: HTTPConnectionPool(host='172.29.0.68', port=13000): Max retries exceeded with url: /api/initiate_vision_system?station_type=21&station_id=21000&msg_id=2&cmd=init_camera (Caused by NewConnectionError("HTTPConnection(host='172.29.0.68', port=13000): Failed to establish a new connection: [WinError 10061] No connection could be made because the target machine actively refused it"))
2026-07-02 18:40:24,765 [INFO] Using cached token
2026-07-02 18:40:24,765 [INFO] Trying pack 165378 with device_id=2, system_id=414, company_id=4
2026-07-02 18:40:24,765 [INFO]   Fetching details for pack 165378
2026-07-02 18:40:25,868 [WARNING] device_id=2 generated 0 payloads, trying next device
2026-07-02 18:40:25,871 [INFO] Trying pack 165378 with device_id=3, system_id=414, company_id=4
2026-07-02 18:40:25,873 [INFO]   Fetching details for pack 165378
2026-07-02 18:40:26,584 [INFO] Pack 165378 valid using device_id=3 (21 payloads generated)
2026-07-02 18:40:26,585 [INFO] --- Processing pack 165378 (device=3, system=414) ---
2026-07-02 18:40:26,586 [INFO]   Fetching details for pack 165378
2026-07-02 18:40:27,252 [INFO]   Generated 21 drop payload(s)
2026-07-02 18:40:27,253 [INFO]   Initialising vision system (station_type=21, station_id=21000)...
2026-07-02 18:40:29,302 [ERROR]   FAILED vision system init for drop 1: HTTPConnectionPool(host='172.29.0.68', port=13000): Max retries exceeded with url: /api/initiate_vision_system?station_type=21&station_id=21000&msg_id=2&cmd=init_camera (Caused by NewConnectionError("HTTPConnection(host='172.29.0.68', port=13000): Failed to establish a new connection: [WinError 10061] No connection could be made because the target machine actively refused it"))
2026-07-02 18:40:29,303 [INFO]   Initialising vision system (station_type=21, station_id=21000)...
2026-07-02 18:40:31,376 [ERROR]   FAILED vision system init for drop 2: HTTPConnectionPool(host='172.29.0.68', port=13000): Max retries exceeded with url: /api/initiate_vision_system?station_type=21&station_id=21000&msg_id=2&cmd=init_camera (Caused by NewConnectionError("HTTPConnection(host='172.29.0.68', port=13000): Failed to establish a new connection: [WinError 10061] No connection could be made because the target machine actively refused it"))
2026-07-02 18:40:31,377 [INFO]   Initialising vision system (station_type=21, station_id=21000)...
2026-07-02 18:40:33,457 [ERROR]   FAILED vision system init for drop 3: HTTPConnectionPool(host='172.29.0.68', port=13000): Max retries exceeded with url: /api/initiate_vision_system?station_type=21&station_id=21000&msg_id=2&cmd=init_camera (Caused by NewConnectionError("HTTPConnection(host='172.29.0.68', port=13000): Failed to establish a new connection: [WinError 10061] No connection could be made because the target machine actively refused it"))
2026-07-02 18:40:33,458 [INFO]   Initialising vision system (station_type=21, station_id=21000)...
2026-07-02 18:40:35,515 [ERROR]   FAILED vision system init for drop 4: HTTPConnectionPool(host='172.29.0.68', port=13000): Max retries exceeded with url: /api/initiate_vision_system?station_type=21&station_id=21000&msg_id=2&cmd=init_camera (Caused by NewConnectionError("HTTPConnection(host='172.29.0.68', port=13000): Failed to establish a new connection: [WinError 10061] No connection could be made because the target machine actively refused it"))
2026-07-02 18:40:35,515 [INFO]   Initialising vision system (station_type=21, station_id=21000)...
2026-07-02 18:40:37,599 [ERROR]   FAILED vision system init for drop 5: HTTPConnectionPool(host='172.29.0.68', port=13000): Max retries exceeded with url: /api/initiate_vision_system?station_type=21&station_id=21000&msg_id=2&cmd=init_camera (Caused by NewConnectionError("HTTPConnection(host='172.29.0.68', port=13000): Failed to establish a new connection: [WinError 10061] No connection could be made because the target machine actively refused it"))
2026-07-02 18:40:37,599 [INFO]   Initialising vision system (station_type=21, station_id=21000)...
2026-07-02 18:40:39,682 [ERROR]   FAILED vision system init for drop 6: HTTPConnectionPool(host='172.29.0.68', port=13000): Max retries exceeded with url: /api/initiate_vision_system?station_type=21&station_id=21000&msg_id=2&cmd=init_camera (Caused by NewConnectionError("HTTPConnection(host='172.29.0.68', port=13000): Failed to establish a new connection: [WinError 10061] No connection could be made because the target machine actively refused it"))
2026-07-02 18:40:39,682 [INFO]   Initialising vision system (station_type=21, station_id=21000)...
2026-07-02 18:40:41,731 [ERROR]   FAILED vision system init for drop 7: HTTPConnectionPool(host='172.29.0.68', port=13000): Max retries exceeded with url: /api/initiate_vision_system?station_type=21&station_id=21000&msg_id=2&cmd=init_camera (Caused by NewConnectionError("HTTPConnection(host='172.29.0.68', port=13000): Failed to establish a new connection: [WinError 10061] No connection could be made because the target machine actively refused it"))
2026-07-02 18:40:41,732 [INFO]   Initialising vision system (station_type=21, station_id=21000)...
2026-07-02 18:40:43,781 [ERROR]   FAILED vision system init for drop 8: HTTPConnectionPool(host='172.29.0.68', port=13000): Max retries exceeded with url: /api/initiate_vision_system?station_type=21&station_id=21000&msg_id=2&cmd=init_camera (Caused by NewConnectionError("HTTPConnection(host='172.29.0.68', port=13000): Failed to establish a new connection: [WinError 10061] No connection could be made because the target machine actively refused it"))
2026-07-02 18:40:43,782 [INFO]   Initialising vision system (station_type=21, station_id=21000)...
2026-07-02 18:40:45,829 [ERROR]   FAILED vision system init for drop 9: HTTPConnectionPool(host='172.29.0.68', port=13000): Max retries exceeded with url: /api/initiate_vision_system?station_type=21&station_id=21000&msg_id=2&cmd=init_camera (Caused by NewConnectionError("HTTPConnection(host='172.29.0.68', port=13000): Failed to establish a new connection: [WinError 10061] No connection could be made because the target machine actively refused it"))
2026-07-02 18:40:45,829 [INFO]   Initialising vision system (station_type=21, station_id=21000)...
2026-07-02 18:40:47,896 [ERROR]   FAILED vision system init for drop 10: HTTPConnectionPool(host='172.29.0.68', port=13000): Max retries exceeded with url: /api/initiate_vision_system?station_type=21&station_id=21000&msg_id=2&cmd=init_camera (Caused by NewConnectionError("HTTPConnection(host='172.29.0.68', port=13000): Failed to establish a new connection: [WinError 10061] No connection could be made because the target machine actively refused it"))
2026-07-02 18:40:47,896 [INFO]   Initialising vision system (station_type=21, station_id=21000)...
2026-07-02 18:40:49,959 [ERROR]   FAILED vision system init for drop 11: HTTPConnectionPool(host='172.29.0.68', port=13000): Max retries exceeded with url: /api/initiate_vision_system?station_type=21&station_id=21000&msg_id=2&cmd=init_camera (Caused by NewConnectionError("HTTPConnection(host='172.29.0.68', port=13000): Failed to establish a new connection: [WinError 10061] No connection could be made because the target machine actively refused it"))
2026-07-02 18:40:49,960 [INFO]   Initialising vision system (station_type=21, station_id=21000)...
2026-07-02 18:40:52,028 [ERROR]   FAILED vision system init for drop 12: HTTPConnectionPool(host='172.29.0.68', port=13000): Max retries exceeded with url: /api/initiate_vision_system?station_type=21&station_id=21000&msg_id=2&cmd=init_camera (Caused by NewConnectionError("HTTPConnection(host='172.29.0.68', port=13000): Failed to establish a new connection: [WinError 10061] No connection could be made because the target machine actively refused it"))
2026-07-02 18:40:52,028 [INFO]   Initialising vision system (station_type=21, station_id=21000)...
2026-07-02 18:40:53,613 [INFO]   Init HTTP status: 200
2026-07-02 18:40:53,613 [INFO]   Init response: {
  "status": "success",
  "station_type": 21,
  "station_id": 21000
}
2026-07-02 18:40:53,613 [INFO]   Waiting 5 seconds for vision system to become ready...
2026-07-02 18:40:55,621 [INFO] Drop=13 Q=1 Slot=None Device=None System=414 DrugCount=0
2026-07-02 18:40:55,621 [INFO] Drop=13 Q=2 Slot=None Device=None System=414 DrugCount=0
2026-07-02 18:40:55,621 [INFO] Drop=13 Q=3 Slot=None Device=None System=414 DrugCount=0
2026-07-02 18:40:55,621 [INFO] Drop=13 Q=4 Slot=2 Device=111 System=414 DrugCount=1
2026-07-02 18:40:55,621 [INFO]   POSTing drop 13 (slots: 2)...
2026-07-02 18:40:55,621 [INFO] ================================================================================
2026-07-02 18:40:55,621 [INFO] PVS REQUEST: drop=13, station_type=21, station_id=21000
2026-07-02 18:40:55,621 [INFO] Quadrant 1: slot=None device=None system=414 drug_count=0
2026-07-02 18:40:55,630 [INFO] Quadrant 2: slot=None device=None system=414 drug_count=0
2026-07-02 18:40:55,630 [INFO] Quadrant 3: slot=None device=None system=414 drug_count=0
2026-07-02 18:40:55,630 [INFO] Quadrant 4: slot=2 device=111 system=414 drug_count=1
2026-07-02 18:40:55,660 [INFO] PVS HTTP Status: 200
2026-07-02 18:40:57,668 [INFO] PVS RESPONSE: {
  "status": "success",
  "station_type": 21,
  "station_id": 21000
}
2026-07-02 18:40:57,668 [INFO] ================================================================================
2026-07-02 18:40:57,668 [INFO]     PVS response: {'status': 'success', 'station_type': 21, 'station_id': 21000}
2026-07-02 18:40:57,668 [INFO]   Initialising vision system (station_type=21, station_id=21000)...
2026-07-02 18:40:58,427 [INFO]   Init HTTP status: 200
2026-07-02 18:40:58,427 [INFO]   Init response: {
  "status": "success",
  "station_type": 21,
  "station_id": 21000
}
2026-07-02 18:40:58,427 [INFO]   Waiting 5 seconds for vision system to become ready...
2026-07-02 18:41:00,433 [INFO] Drop=14 Q=1 Slot=None Device=None System=414 DrugCount=0
2026-07-02 18:41:00,433 [INFO] Drop=14 Q=2 Slot=None Device=None System=414 DrugCount=0
2026-07-02 18:41:00,433 [INFO] Drop=14 Q=3 Slot=None Device=None System=414 DrugCount=0
2026-07-02 18:41:00,433 [INFO] Drop=14 Q=4 Slot=3 Device=111 System=414 DrugCount=3
2026-07-02 18:41:00,433 [INFO]   POSTing drop 14 (slots: 3)...
2026-07-02 18:41:00,433 [INFO] ================================================================================
2026-07-02 18:41:00,433 [INFO] PVS REQUEST: drop=14, station_type=21, station_id=21000
2026-07-02 18:41:00,433 [INFO] Quadrant 1: slot=None device=None system=414 drug_count=0
2026-07-02 18:41:00,433 [INFO] Quadrant 2: slot=None device=None system=414 drug_count=0
2026-07-02 18:41:00,433 [INFO] Quadrant 3: slot=None device=None system=414 drug_count=0
2026-07-02 18:41:00,433 [INFO] Quadrant 4: slot=3 device=111 system=414 drug_count=3
2026-07-02 18:41:21,492 [ERROR]     FAILED PVS POST: HTTPConnectionPool(host='172.29.0.68', port=13000): Max retries exceeded with url: /api/perform_vision_system_analysis (Caused by ConnectTimeoutError(<HTTPConnection(host='172.29.0.68', port=13000) at 0x1d586bb4a10>, 'Connection to 172.29.0.68 timed out. (connect timeout=60)'))
2026-07-02 18:41:21,492 [INFO]   Initialising vision system (station_type=21, station_id=21000)...
